variant,signal_time,entry_time,exit_time,direction,source_dislocation,signal_z,signal_residual,signal_fair_qqq,signal_qqq_close,signal_qqq_vwap,entry_reference,entry_price,exit_reference,exit_price,shares,stop_usd_per_share,target_usd_per_share,stop_price,target_price,exit_reason,duration_bars,gross_pnl,slippage,commissions,costs,net_pnl
normal_dollar_bracket,2024-08-22 11:32:00-04:00,2024-08-22 11:33:00-04:00,2024-08-22 15:59:00-04:00,SHORT,HIGH,3.0015882670,0.0034853242,478.2630980679,479.9300000000,482.9045860951,479.9700000000,479.8740060000,474.8300000000,474.9249660000,41,2.7500000000,10.5000000000,482.7200000000,469.4700000000,FORCED_EOD,266,210.7400000000,7.8293600000,0.2870000000,8.1163600000,202.6236400000
normal_dollar_bracket,2024-08-23 10:48:00-04:00,2024-08-23 10:49:00-04:00,2024-08-23 11:15:00-04:00,SHORT,HIGH,3.0388359888,0.0005103280,476.3768915114,476.6200000000,480.2143456681,476.5900000000,476.4946820000,479.3400000000,479.4358680000,41,2.7500000000,10.5000000000,479.3400000000,466.0900000000,STOP,26,-112.7500000000,7.8386260000,0.2870000000,8.1256260000,-120.8756260000
normal_dollar_bracket,2024-08-23 13:23:00-04:00,2024-08-23 13:24:00-04:00,2024-08-23 15:59:00-04:00,LONG,LOW,-3.0297749908,0.0004911684,477.7553416536,477.9900000000,479.0759447085,477.9900000000,478.0855980000,480.0200000000,479.9239960000,41,2.7500000000,10.5000000000,475.2400000000,488.4900000000,FORCED_EOD,155,83.2300000000,7.8556820000,0.2870000000,8.1426820000,75.0873180000
normal_dollar_bracket,2024-08-27 13:19:00-04:00,2024-08-27 13:20:00-04:00,2024-08-27 15:59:00-04:00,LONG,LOW,-3.3294506882,-0.0024499382,477.7103608548,476.5400000000,475.5290060259,476.5500000000,476.6453100000,476.8300000000,476.7346340000,41,2.7500000000,10.5000000000,473.8000000000,487.0500000000,FORCED_EOD,159,11.4800000000,7.8177160000,0.2870000000,8.1047160000,3.3752840000
normal_dollar_bracket,2024-08-28 10:58:00-04:00,2024-08-28 10:59:00-04:00,2024-08-28 15:59:00-04:00,SHORT,HIGH,3.0528425962,0.0026535978,471.1397845150,472.3900000000,474.5207951917,472.3900000000,472.2955220000,471.2800000000,471.3742560000,42,2.7500000000,10.5000000000,475.1400000000,461.8900000000,FORCED_EOD,300,46.6200000000,7.9268280000,0.2940000000,8.2208280000,38.3991720000
normal_dollar_bracket,2024-08-30 14:29:00-04:00,2024-08-30 14:30:00-04:00,2024-08-30 15:59:00-04:00,LONG,LOW,-3.1373769280,0.0009032633,472.5931239548,473.0200000000,473.6837509688,473.0300000000,473.1246060000,476.3900000000,476.2947220000,42,2.7500000000,10.5000000000,470.2800000000,483.5300000000,FORCED_EOD,89,141.1200000000,7.9751280000,0.2940000000,8.2691280000,132.8508720000
normal_dollar_bracket,2024-09-03 12:49:00-04:00,2024-09-03 12:50:00-04:00,2024-09-03 14:18:00-04:00,LONG,LOW,-3.1214918832,0.0016784155,464.6501240251,465.4300000000,468.0832984732,465.4100000000,465.5030820000,462.6600000000,462.5674680000,42,2.7500000000,10.5000000000,462.6600000000,475.9100000000,STOP,88,-115.5000000000,7.7957880000,0.2940000000,8.0897880000,-123.5897880000
normal_dollar_bracket,2024-09-05 13:53:00-04:00,2024-09-05 13:54:00-04:00,2024-09-05 15:59:00-04:00,LONG,LOW,-3.0731811997,0.0020617530,460.6901706653,461.6400000000,461.2040397911,461.6400000000,461.7323280000,461.1400000000,461.0477720000,43,2.7500000000,10.5000000000,458.8900000000,472.1400000000,FORCED_EOD,125,-21.5000000000,7.9359080000,0.3010000000,8.2369080000,-29.7369080000
normal_dollar_bracket,2024-09-06 12:03:00-04:00,2024-09-06 12:04:00-04:00,2024-09-06 15:59:00-04:00,SHORT,HIGH,3.0142543437,0.0036668198,447.2599782667,448.9000000000,453.5540694631,448.9300000000,448.8402140000,448.8700000000,448.9597740000,44,2.7500000000,10.5000000000,451.6800000000,438.4300000000,FORCED_EOD,235,2.6400000000,7.9006400000,0.3080000000,8.2086400000,-5.5686400000
normal_dollar_bracket,2024-09-09 11:19:00-04:00,2024-09-09 11:20:00-04:00,2024-09-09 15:59:00-04:00,LONG,LOW,-3.1542299382,-0.0000242073,450.3109008252,450.3000000000,452.7979687051,450.3400000000,450.4300680000,454.5100000000,454.4190980000,44,2.7500000000,10.5000000000,447.5900000000,460.8400000000,FORCED_EOD,279,183.4800000000,7.9626800000,0.3080000000,8.2706800000,175.2093200000
normal_dollar_bracket,2024-09-10 14:37:00-04:00,2024-09-10 14:38:00-04:00,2024-09-10 15:59:00-04:00,SHORT,HIGH,3.4525082717,0.0013276165,457.4127313003,458.0200000000,455.7759681961,458.0000000000,457.9084000000,458.6700000000,458.7617340000,43,2.7500000000,10.5000000000,460.7500000000,447.5000000000,FORCED_EOD,81,-28.8100000000,7.8833620000,0.3010000000,8.1843620000,-36.9943620000
normal_dollar_bracket,2024-09-11 11:52:00-04:00,2024-09-11 11:53:00-04:00,2024-09-11 15:52:00-04:00,LONG,LOW,-3.0463752165,0.0012186554,456.4437523664,457.0000000000,455.2403625898,457.0200000000,457.1114040000,467.5200000000,467.4264960000,43,2.7500000000,10.5000000000,454.2700000000,467.5200000000,TAKE_PROFIT_BRACKET,239,451.5000000000,7.9510440000,0.3010000000,8.2520440000,443.2479560000
normal_dollar_bracket,2024-09-11 15:55:00-04:00,2024-09-11 15:56:00-04:00,2024-09-11 15:59:00-04:00,LONG,LOW,-3.6279999415,-0.0039782492,470.5017732866,468.6300000000,460.3126265828,468.6300000000,468.7237260000,468.4500000000,468.3563100000,42,2.7500000000,10.5000000000,465.8800000000,479.1300000000,FORCED_EOD,3,-7.5600000000,7.8714720000,0.2940000000,8.1654720000,-15.7254720000
normal_dollar_bracket,2024-09-12 13:27:00-04:00,2024-09-12 13:28:00-04:00,2024-09-12 15:59:00-04:00,LONG,LOW,-3.4689167225,-0.0010874111,472.9843284209,472.4700000000,469.6043485469,472.4700000000,472.5644940000,473.2400000000,473.1453520000,42,2.7500000000,10.5000000000,469.7200000000,482.9700000000,FORCED_EOD,151,32.3400000000,7.9439640000,0.2940000000,8.2379640000,24.1020360000
normal_dollar_bracket,2024-09-13 15:38:00-04:00,2024-09-13 15:39:00-04:00,2024-09-13 15:59:00-04:00,SHORT,HIGH,3.1616746823,0.0012625140,474.5209107075,475.1200000000,474.8812988752,475.1200000000,475.0249760000,475.3400000000,475.4350680000,42,2.7500000000,10.5000000000,477.8700000000,464.6200000000,FORCED_EOD,20,-9.2400000000,7.9838640000,0.2940000000,8.2778640000,-17.5178640000
normal_dollar_bracket,2024-09-18 14:03:00-04:00,2024-09-18 14:04:00-04:00,2024-09-18 15:59:00-04:00,SHORT,HIGH,3.2212724699,0.0001435428,476.3316260398,476.4000000000,474.1099398952,476.4000000000,476.3047200000,471.3300000000,471.4242660000,41,2.7500000000,10.5000000000,479.1500000000,465.9000000000,FORCED_EOD,115,207.8700000000,7.7713860000,0.2870000000,8.0583860000,199.8116140000
normal_dollar_bracket,2024-09-20 14:54:00-04:00,2024-09-20 14:55:00-04:00,2024-09-20 15:59:00-04:00,LONG,LOW,-3.1210933473,0.0013465501,480.6427903936,481.2900000000,481.2105045098,481.2900000000,481.3862580000,482.4200000000,482.3235160000,41,2.7500000000,10.5000000000,478.5400000000,491.7900000000,FORCED_EOD,64,46.3300000000,7.9024220000,0.2870000000,8.1894220000,38.1405780000
normal_dollar_bracket,2024-09-23 14:57:00-04:00,2024-09-23 14:58:00-04:00,2024-09-23 15:59:00-04:00,LONG,LOW,-3.0737441081,-0.0012082966,483.7395008143,483.1550000000,482.9222660269,483.1600000000,483.2566320000,483.0200000000,482.9233960000,41,2.7500000000,10.5000000000,480.4100000000,493.6600000000,FORCED_EOD,61,-5.7400000000,7.9226760000,0.2870000000,8.2096760000,-13.9496760000
normal_dollar_bracket,2024-09-24 13:31:00-04:00,2024-09-24 13:32:00-04:00,2024-09-24 15:59:00-04:00,LONG,LOW,-3.0249393715,-0.0028899121,486.8569738720,485.4500000000,483.7274305806,485.4650000000,485.5620930000,485.3500000000,485.2529300000,41,2.7500000000,10.5000000000,482.7150000000,495.9650000000,FORCED_EOD,147,-4.7150000000,7.9606830000,0.2870000000,8.2476830000,-12.9626830000
normal_dollar_bracket,2024-09-25 13:46:00-04:00,2024-09-25 13:47:00-04:00,2024-09-25 15:59:00-04:00,SHORT,HIGH,3.2699866940,0.0006030674,484.5537814036,484.8460000000,486.2654606992,484.8400000000,484.7430320000,485.9300000000,486.0271860000,41,2.7500000000,10.5000000000,487.5900000000,474.3400000000,FORCED_EOD,132,-44.6900000000,7.9603140000,0.2870000000,8.2473140000,-52.9373140000
normal_dollar_bracket,2024-09-26 11:00:00-04:00,2024-09-26 11:01:00-04:00,2024-09-26 11:56:00-04:00,SHORT,HIGH,3.0813135310,0.0009918055,485.5134650611,485.9950000000,490.4354213224,486.0000000000,485.9028000000,488.7500000000,488.8477500000,41,2.7500000000,10.5000000000,488.7500000000,475.5000000000,STOP,55,-112.7500000000,7.9929500000,0.2870000000,8.2799500000,-121.0299500000
normal_dollar_bracket,2024-09-27 14:29:00-04:00,2024-09-27 14:30:00-04:00,2024-09-27 15:59:00-04:00,SHORT,HIGH,3.3962460330,0.0027654919,484.8990156909,486.2400000000,488.1506720680,486.2600000000,486.1627480000,486.7800000000,486.8773560000,41,2.7500000000,10.5000000000,489.0100000000,475.7600000000,FORCED_EOD,89,-21.3200000000,7.9789280000,0.2870000000,8.2659280000,-29.5859280000
normal_dollar_bracket,2024-09-30 11:27:00-04:00,2024-09-30 11:28:00-04:00,2024-09-30 14:20:00-04:00,LONG,LOW,-3.0401614794,-0.0011501593,487.1803350040,486.6200000000,486.3272087788,486.6100000000,486.7073220000,483.8600000000,483.7632280000,41,2.7500000000,10.5000000000,483.8600000000,497.1100000000,STOP,172,-112.7500000000,7.9578540000,0.2870000000,8.2448540000,-120.9948540000
normal_dollar_bracket,2024-10-02 14:26:00-04:00,2024-10-02 14:27:00-04:00,2024-10-02 15:59:00-04:00,LONG,LOW,-3.0917410620,-0.0016397864,483.3525950296,482.5600000000,481.5760186485,482.5500000000,482.6465100000,481.9400000000,481.8436120000,41,2.7500000000,10.5000000000,479.8000000000,493.0500000000,FORCED_EOD,92,-25.0100000000,7.9088180000,0.2870000000,8.1958180000,-33.2058180000
normal_dollar_bracket,2024-10-03 12:53:00-04:00,2024-10-03 12:54:00-04:00,2024-10-03 15:59:00-04:00,SHORT,HIGH,3.0243340625,0.0011537981,479.2470456508,479.8000000000,481.8633252180,479.7900000000,479.6940420000,481.6300000000,481.7263260000,41,2.7500000000,10.5000000000,482.5400000000,469.2900000000,FORCED_EOD,185,-75.4400000000,7.8836440000,0.2870000000,8.1706440000,-83.6106440000
normal_dollar_bracket,2024-10-04 14:30:00-04:00,2024-10-04 14:31:00-04:00,2024-10-04 15:59:00-04:00,LONG,LOW,-3.3423691466,-0.0005875914,485.7554257247,485.4700000000,484.9132980634,485.4501000000,485.5471900200,487.4900000000,487.3925020000,41,2.7500000000,10.5000000000,482.7001000000,495.9501000000,FORCED_EOD,88,83.6359000000,7.9781088200,0.2870000000,8.2651088200,75.3707911800
normal_dollar_bracket,2024-10-07 15:49:00-04:00,2024-10-07 15:50:00-04:00,2024-10-07 15:59:00-04:00,SHORT,HIGH,3.2022694547,0.0011097082,481.0062234290,481.5400000000,484.3594001124,481.5100000000,481.4136980000,482.0600000000,482.1564120000,41,2.7500000000,10.5000000000,484.2600000000,471.0100000000,FORCED_EOD,9,-22.5500000000,7.9012740000,0.2870000000,8.1882740000,-30.7382740000
normal_dollar_bracket,2024-10-09 15:51:00-04:00,2024-10-09 15:52:00-04:00,2024-10-09 15:59:00-04:00,SHORT,HIGH,3.2406433565,0.0013777789,492.8409740934,493.5200000000,491.3437921323,493.5200000000,493.4212960000,493.1700000000,493.2686340000,40,2.7500000000,10.5000000000,496.2700000000,483.0200000000,FORCED_EOD,7,14.0000000000,7.8935200000,0.2800000000,8.1735200000,5.8264800000
normal_dollar_bracket,2024-10-10 14:37:00-04:00,2024-10-10 14:38:00-04:00,2024-10-10 15:59:00-04:00,SHORT,HIGH,3.4257574482,-0.0008083241,492.3079443911,491.9100000000,492.3676564080,491.9000000000,491.8016200000,492.6000000000,492.6985200000,40,2.7500000000,10.5000000000,494.6500000000,481.4000000000,FORCED_EOD,81,-28.0000000000,7.8760000000,0.2800000000,8.1560000000,-36.1560000000
normal_dollar_bracket,2024-10-14 15:55:00-04:00,2024-10-14 15:56:00-04:00,2024-10-14 15:59:00-04:00,SHORT,HIGH,3.1614650506,0.0018031630,496.8840370950,497.7800000000,497.1751668727,497.7700000000,497.6704460000,497.5000000000,497.5995000000,40,2.7500000000,10.5000000000,500.5200000000,487.2700000000,FORCED_EOD,3,10.8000000000,7.9621600000,0.2800000000,8.2421600000,2.5578400000
normal_dollar_bracket,2024-10-15 14:04:00-04:00,2024-10-15 14:05:00-04:00,2024-10-15 15:35:00-04:00,LONG,LOW,-3.2165077548,-0.0000273882,491.7034668957,491.6900000000,493.3171594712,491.6900000000,491.7883380000,488.9400000000,488.8422120000,40,2.7500000000,10.5000000000,488.9400000000,502.1900000000,STOP,90,-110.0000000000,7.8450400000,0.2800000000,8.1250400000,-118.1250400000
normal_dollar_bracket,2024-10-15 15:50:00-04:00,2024-10-15 15:51:00-04:00,2024-10-15 15:59:00-04:00,LONG,LOW,-3.6852410086,-0.0021952073,491.3846912739,490.3060000000,492.4923128921,490.3100000000,490.4080620000,490.7800000000,490.6818440000,40,2.7500000000,10.5000000000,487.5600000000,500.8100000000,FORCED_EOD,8,18.8000000000,7.8487200000,0.2800000000,8.1287200000,10.6712800000
normal_dollar_bracket,2024-10-16 14:53:00-04:00,2024-10-16 14:54:00-04:00,2024-10-16 15:59:00-04:00,LONG,LOW,-3.0254278686,-0.0037817065,493.3455882086,491.4799000000,489.8250089901,491.4800000000,491.5782960000,490.9300000000,490.8318140000,40,2.7500000000,10.5000000000,488.7300000000,501.9800000000,FORCED_EOD,65,-22.0000000000,7.8592800000,0.2800000000,8.1392800000,-30.1392800000
normal_dollar_bracket,2024-10-17 12:26:00-04:00,2024-10-17 12:27:00-04:00,2024-10-17 15:59:00-04:00,SHORT,HIGH,3.3876686943,0.0003280614,493.9879416290,494.1500000000,493.5340990148,494.1400000000,494.0411720000,491.3500000000,491.4482700000,40,2.7500000000,10.5000000000,496.8900000000,483.6400000000,FORCED_EOD,212,111.6000000000,7.8839200000,0.2800000000,8.1639200000,103.4360800000
normal_dollar_bracket,2024-10-18 12:48:00-04:00,2024-10-18 12:49:00-04:00,2024-10-18 15:59:00-04:00,LONG,LOW,-3.2428257086,-0.0016169949,495.5713363208,494.7700000000,494.4385278274,494.7600000000,494.8589520000,494.5100000000,494.4110980000,40,2.7500000000,10.5000000000,492.0100000000,505.2600000000,FORCED_EOD,190,-10.0000000000,7.9141600000,0.2800000000,8.1941600000,-18.1941600000
normal_dollar_bracket,2024-10-21 13:30:00-04:00,2024-10-21 13:31:00-04:00,2024-10-21 15:59:00-04:00,LONG,LOW,-3.0244828961,-0.0024895850,495.6833458153,494.4493000000,493.6983894777,494.4600000000,494.5588920000,495.4800000000,495.3809040000,40,2.7500000000,10.5000000000,491.7100000000,504.9600000000,FORCED_EOD,148,40.8000000000,7.9195200000,0.2800000000,8.1995200000,32.6004800000
normal_dollar_bracket,2024-10-22 15:54:00-04:00,2024-10-22 15:55:00-04:00,2024-10-22 15:59:00-04:00,SHORT,HIGH,3.1731312005,-0.0007677306,497.0776217114,496.6960000000,494.9869946124,496.7000000000,496.6006600000,496.0300000000,496.1292060000,40,2.7500000000,10.5000000000,499.4500000000,486.2000000000,FORCED_EOD,4,26.8000000000,7.9418400000,0.2800000000,8.2218400000,18.5781600000
normal_dollar_bracket,2024-10-23 13:58:00-04:00,2024-10-23 13:59:00-04:00,2024-10-23 15:59:00-04:00,SHORT,HIGH,3.0118903217,0.0041126513,484.1189874177,486.1100000000,490.6703374908,486.1100000000,486.0127780000,488.3700000000,488.4676740000,41,2.7500000000,10.5000000000,488.8600000000,475.6100000000,FORCED_EOD,120,-92.6600000000,7.9907360000,0.2870000000,8.2777360000,-100.9377360000
normal_dollar_bracket,2024-10-24 14:22:00-04:00,2024-10-24 14:23:00-04:00,2024-10-24 15:59:00-04:00,LONG,LOW,-3.4495587016,-0.0001995795,492.4382805698,492.3400000000,491.3033064937,492.3500000000,492.4484700000,492.3300000000,492.2315340000,40,2.7500000000,10.5000000000,489.6000000000,502.8500000000,FORCED_EOD,96,-0.8000000000,7.8774400000,0.2800000000,8.1574400000,-8.9574400000
normal_dollar_bracket,2024-10-25 13:13:00-04:00,2024-10-25 13:14:00-04:00,2024-10-25 15:59:00-04:00,SHORT,HIGH,3.2422980628,-0.0009166755,498.5870425343,498.1300000000,498.6203946125,498.1000000000,498.0003800000,495.2800000000,495.3790560000,40,2.7500000000,10.5000000000,500.8500000000,487.6000000000,FORCED_EOD,165,112.8000000000,7.9470400000,0.2800000000,8.2270400000,104.5729600000
normal_dollar_bracket,2024-10-28 14:43:00-04:00,2024-10-28 14:44:00-04:00,2024-10-28 15:59:00-04:00,SHORT,HIGH,3.0273313224,0.0001523168,495.8322764197,495.9078000000,496.8418647298,495.8900000000,495.7908220000,495.4000000000,495.4990800000,40,2.7500000000,10.5000000000,498.6400000000,485.3900000000,FORCED_EOD,75,19.6000000000,7.9303200000,0.2800000000,8.2103200000,11.3896800000
normal_dollar_bracket,2024-10-29 13:49:00-04:00,2024-10-29 13:50:00-04:00,2024-10-29 15:59:00-04:00,SHORT,HIGH,3.2754208214,-0.0004250062,499.8523403203,499.6399000000,497.5718042462,499.6000000000,499.5000800000,500.1400000000,500.2400280000,40,2.7500000000,10.5000000000,502.3500000000,489.1000000000,FORCED_EOD,129,-21.6000000000,7.9979200000,0.2800000000,8.2779200000,-29.8779200000
normal_dollar_bracket,2024-10-30 12:54:00-04:00,2024-10-30 12:55:00-04:00,2024-10-30 15:54:00-04:00,LONG,LOW,-3.4648336213,-0.0013656042,499.9727648950,499.2900000000,498.9402790908,499.2300000000,499.3298460000,496.4800000000,496.3807040000,40,2.7500000000,10.5000000000,496.4800000000,509.7300000000,STOP,179,-110.0000000000,7.9656800000,0.2800000000,8.2456800000,-118.2456800000
normal_dollar_bracket,2024-10-30 15:57:00-04:00,2024-10-30 15:58:00-04:00,2024-10-30 15:59:00-04:00,SHORT,HIGH,3.0282791812,0.0006008670,495.7821009039,496.0800000000,498.1901472703,496.0800000000,495.9807840000,496.4000000000,496.4992800000,40,2.7500000000,10.5000000000,498.8300000000,485.5800000000,FORCED_EOD,1,-12.8000000000,7.9398400000,0.2800000000,8.2198400000,-21.0198400000
normal_dollar_bracket,2024-10-31 15:09:00-04:00,2024-10-31 15:10:00-04:00,2024-10-31 15:59:00-04:00,LONG,LOW,-3.1529472232,-0.0006245222,485.8134012343,485.5100000000,486.3263259456,485.4900000000,485.5870980000,483.9000000000,483.8032200000,41,2.7500000000,10.5000000000,482.7400000000,495.9900000000,FORCED_EOD,49,-65.1900000000,7.9489980000,0.2870000000,8.2359980000,-73.4259980000
normal_dollar_bracket,2024-11-04 11:31:00-05:00,2024-11-04 11:32:00-05:00,2024-11-04 12:06:00-05:00,LONG,LOW,-3.5858157420,-0.0002922259,487.9125806862,487.7700000000,487.3680020236,487.8800000000,487.9775760000,485.1300000000,485.0329740000,40,2.7500000000,10.5000000000,485.1300000000,498.3800000000,STOP,34,-110.0000000000,7.7840800000,0.2800000000,8.0640800000,-118.0640800000
normal_dollar_bracket,2024-11-04 15:34:00-05:00,2024-11-04 15:35:00-05:00,2024-11-04 15:59:00-05:00,SHORT,HIGH,3.7879208823,-0.0002060304,486.3101946730,486.2100000000,487.0329682019,486.2500000000,486.1527500000,485.9600000000,486.0571920000,41,2.7500000000,10.5000000000,489.0000000000,475.7500000000,FORCED_EOD,24,11.8900000000,7.9721220000,0.2870000000,8.2591220000,3.6308780000
normal_dollar_bracket,2024-11-05 15:40:00-05:00,2024-11-05 15:41:00-05:00,2024-11-05 15:59:00-05:00,SHORT,HIGH,3.0281446190,0.0008235874,491.4851190412,491.8899000000,491.1422991507,491.8700000000,491.7716260000,492.2500000000,492.3484500000,40,2.7500000000,10.5000000000,494.6200000000,481.3700000000,FORCED_EOD,18,-15.2000000000,7.8729600000,0.2800000000,8.1529600000,-23.3529600000
normal_dollar_bracket,2024-11-07 15:43:00-05:00,2024-11-07 15:44:00-05:00,2024-11-07 15:59:00-05:00,LONG,LOW,-3.1530542112,-0.0002775578,513.8376196354,513.6950000000,511.9641103331,513.6900000000,513.7927380000,513.6000000000,513.4972800000,38,2.7500000000,10.5000000000,510.9400000000,524.1900000000,FORCED_EOD,15,-3.4200000000,7.8074040000,0.2660000000,8.0734040000,-11.4934040000
normal_dollar_bracket,2024-11-08 13:59:00-05:00,2024-11-08 14:00:00-05:00,2024-11-08 15:59:00-05:00,LONG,LOW,-3.0161919938,0.0027197254,513.2241711768,514.6200000000,513.5972333000,514.6000000000,514.7029200000,514.1600000000,514.0571680000,38,2.7500000000,10.5000000000,511.8500000000,525.1000000000,FORCED_EOD,119,-16.7200000000,7.8185760000,0.2660000000,8.0845760000,-24.8045760000
normal_dollar_bracket,2024-11-11 13:18:00-05:00,2024-11-11 13:19:00-05:00,2024-11-11 15:59:00-05:00,LONG,LOW,-3.0463222796,0.0016281657,510.6086445050,511.4400000000,513.3077563364,511.4000000000,511.5022800000,513.8300000000,513.7272340000,39,2.7500000000,10.5000000000,508.6500000000,521.9000000000,FORCED_EOD,160,94.7700000000,7.9967940000,0.2730000000,8.2697940000,86.5002060000
normal_dollar_bracket,2024-11-13 11:00:00-05:00,2024-11-13 11:01:00-05:00,2024-11-13 15:59:00-05:00,LONG,LOW,-3.2225077116,-0.0009973877,511.9595221057,511.4489000000,511.6124312544,511.4300000000,511.5322860000,512.2700000000,512.1675460000,39,2.7500000000,10.5000000000,508.6800000000,521.9300000000,FORCED_EOD,298,32.7600000000,7.9848600000,0.2730000000,8.2578600000,24.5021400000
normal_dollar_bracket,2024-11-14 12:49:00-05:00,2024-11-14 12:50:00-05:00,2024-11-14 15:59:00-05:00,SHORT,HIGH,3.2634098075,-0.0008069400,509.5111449200,509.1000000000,510.8964285177,509.0500000000,508.9481900000,508.6700000000,508.7717340000,39,2.7500000000,10.5000000000,511.8000000000,498.5500000000,FORCED_EOD,189,14.8200000000,7.9382160000,0.2730000000,8.2112160000,6.6087840000
normal_dollar_bracket,2024-11-18 13:01:00-05:00,2024-11-18 13:02:00-05:00,2024-11-18 15:59:00-05:00,LONG,LOW,-3.0819027504,0.0000138671,500.5930582022,500.6000000000,499.7290017895,500.5842000000,500.6843168400,500.0100000000,499.9099980000,39,2.7500000000,10.5000000000,497.8342000000,511.0842000000,FORCED_EOD,177,-22.3938000000,7.8046347600,0.2730000000,8.0776347600,-30.4714347600
normal_dollar_bracket,2024-11-19 10:51:00-05:00,2024-11-19 10:52:00-05:00,2024-11-19 15:59:00-05:00,LONG,LOW,-3.2059485010,-0.0021357837,501.4510910896,500.3801000000,498.5460361932,500.3850000000,500.4850770000,503.3900000000,503.2893220000,39,2.7500000000,10.5000000000,497.6350000000,510.8850000000,FORCED_EOD,307,117.1950000000,7.8294450000,0.2730000000,8.1024450000,109.0925550000
normal_dollar_bracket,2024-11-20 13:19:00-05:00,2024-11-20 13:20:00-05:00,2024-11-20 15:33:00-05:00,SHORT,HIGH,3.4495293392,0.0015844423,498.5900129178,499.3800000000,499.7817417104,499.3900000000,499.2901220000,502.1400000000,502.2404280000,40,2.7500000000,10.5000000000,502.1400000000,488.8900000000,STOP,133,-110.0000000000,8.0122400000,0.2800000000,8.2922400000,-118.2922400000
normal_dollar_bracket,2024-11-20 15:40:00-05:00,2024-11-20 15:41:00-05:00,2024-11-20 15:59:00-05:00,LONG,LOW,-3.0431264479,0.0000633303,502.5881709287,502.6200000000,499.8271322520,502.6200000000,502.7205240000,503.1900000000,503.0893620000,39,2.7500000000,10.5000000000,499.8700000000,513.1200000000,FORCED_EOD,18,22.2300000000,7.8453180000,0.2730000000,8.1183180000,14.1116820000
normal_dollar_bracket,2024-11-21 12:04:00-05:00,2024-11-21 12:05:00-05:00,2024-11-21 12:33:00-05:00,SHORT,HIGH,3.0387105196,0.0085918834,497.7533611534,502.0300000000,501.4394249662,502.0000000000,501.8996000000,504.7500000000,504.8509500000,39,2.7500000000,10.5000000000,504.7500000000,491.5000000000,STOP,28,-107.2500000000,7.8526500000,0.2730000000,8.1256500000,-115.3756500000
normal_dollar_bracket,2024-11-21 15:50:00-05:00,2024-11-21 15:51:00-05:00,2024-11-21 15:59:00-05:00,SHORT,HIGH,3.0551258653,0.0034591843,503.4185823370,505.1600000000,502.8407270987,505.1600000000,505.0589680000,504.9800000000,505.0809960000,39,2.7500000000,10.5000000000,507.9100000000,494.6600000000,FORCED_EOD,8,7.0200000000,7.8790920000,0.2730000000,8.1520920000,-1.1320920000
normal_dollar_bracket,2024-11-22 15:55:00-05:00,2024-11-22 15:56:00-05:00,2024-11-22 15:59:00-05:00,LONG,LOW,-3.8985916392,0.0017868887,505.0873650767,505.9899000000,505.0762623760,506.0100000000,506.1112020000,505.7700000000,505.6688460000,39,2.7500000000,10.5000000000,503.2600000000,516.5100000000,FORCED_EOD,3,-9.3600000000,7.8918840000,0.2730000000,8.1648840000,-17.5248840000
normal_dollar_bracket,2024-11-25 15:50:00-05:00,2024-11-25 15:51:00-05:00,2024-11-25 15:59:00-05:00,LONG,LOW,-3.8370503421,-0.0015990507,507.2411042332,506.4300000000,507.2794247430,506.4200000000,506.5212840000,506.5700000000,506.4686860000,39,2.7500000000,10.5000000000,503.6700000000,516.9200000000,FORCED_EOD,8,5.8500000000,7.9013220000,0.2730000000,8.1743220000,-2.3243220000
normal_dollar_bracket,2024-11-26 15:50:00-05:00,2024-11-26 15:51:00-05:00,2024-11-26 15:59:00-05:00,SHORT,HIGH,3.8770057867,-0.0017954953,509.9457051208,509.0301000000,508.5107508057,509.0300000000,508.9281940000,509.3000000000,509.4018600000,39,2.7500000000,10.5000000000,511.7800000000,498.5300000000,FORCED_EOD,8,-10.5300000000,7.9429740000,0.2730000000,8.2159740000,-18.7459740000
normal_dollar_bracket,2024-11-27 15:03:00-05:00,2024-11-27 15:04:00-05:00,2024-11-27 15:59:00-05:00,LONG,LOW,-3.0527889869,-0.0019880010,506.4161558459,505.4094000000,504.5263582285,505.4100000000,505.5110820000,505.2800000000,505.1789440000,39,2.7500000000,10.5000000000,502.6600000000,515.9100000000,FORCED_EOD,55,-5.0700000000,7.8833820000,0.2730000000,8.1563820000,-13.2263820000
normal_dollar_bracket,2024-12-02 15:50:00-05:00,2024-12-02 15:51:00-05:00,2024-12-02 15:59:00-05:00,SHORT,HIGH,3.0069184081,0.0028725231,513.8039861700,515.2799000000,514.5450219579,515.2700000000,515.1669460000,515.3000000000,515.4030600000,38,2.7500000000,10.5000000000,518.0200000000,504.7700000000,FORCED_EOD,8,-1.1400000000,7.8323320000,0.2660000000,8.0983320000,-9.2383320000
normal_dollar_bracket,2024-12-03 12:41:00-05:00,2024-12-03 12:42:00-05:00,2024-12-03 15:59:00-05:00,LONG,LOW,-3.0483946662,-0.0008478703,515.4870661830,515.0500000000,515.0222672358,515.0705000000,515.1735141000,516.9100000000,516.8066180000,38,2.7500000000,10.5000000000,512.3205000000,525.5705000000,FORCED_EOD,197,69.9010000000,7.8430518000,0.2660000000,8.1090518000,61.7919482000
normal_dollar_bracket,2024-12-04 14:02:00-05:00,2024-12-04 14:03:00-05:00,2024-12-04 15:59:00-05:00,LONG,LOW,-3.5951633398,-0.0016783001,522.7873941480,521.9100000000,521.2028840798,521.9050000000,522.0093810000,523.2500000000,523.1453500000,38,2.7500000000,10.5000000000,519.1550000000,532.4050000000,FORCED_EOD,116,51.1100000000,7.9431780000,0.2660000000,8.2091780000,42.9008220000
normal_dollar_bracket,2024-12-05 15:36:00-05:00,2024-12-05 15:37:00-05:00,2024-12-05 15:59:00-05:00,SHORT,HIGH,3.0588705827,-0.0024030402,523.3376012834,522.0800000000,522.7414388869,522.0701000000,521.9656859800,521.8000000000,521.9043600000,38,2.7500000000,10.5000000000,524.8201000000,511.5701000000,FORCED_EOD,22,10.2638000000,7.9334127600,0.2660000000,8.1994127600,2.0643872400
normal_dollar_bracket,2024-12-09 11:08:00-05:00,2024-12-09 11:09:00-05:00,2024-12-09 15:59:00-05:00,LONG,LOW,-3.0432232821,-0.0054615563,525.0174121524,522.1500000000,524.4453321213,522.1500000000,522.2544300000,522.3600000000,522.2555280000,38,2.7500000000,10.5000000000,519.4000000000,532.6500000000,FORCED_EOD,290,7.9800000000,7.9382760000,0.2660000000,8.2042760000,-0.2242760000
normal_dollar_bracket,2024-12-10 14:40:00-05:00,2024-12-10 14:41:00-05:00,2024-12-10 15:59:00-05:00,SHORT,HIGH,3.1536968246,0.0054317471,517.9764827307,520.7900000000,522.8384244264,520.8000000000,520.6958400000,520.5500000000,520.6541100000,38,2.7500000000,10.5000000000,523.5500000000,510.3000000000,FORCED_EOD,78,9.5000000000,7.9142600000,0.2660000000,8.1802600000,1.3197400000
normal_dollar_bracket,2024-12-12 13:07:00-05:00,2024-12-12 13:08:00-05:00,2024-12-12 15:59:00-05:00,LONG,LOW,-3.1473432190,-0.0032952446,530.3476251462,528.6000000000,527.7411359784,528.5900000000,528.6957180000,526.5000000000,526.3947000000,37,2.7500000000,10.5000000000,525.8400000000,539.0900000000,FORCED_EOD,171,-77.3300000000,7.8076660000,0.2590000000,8.0666660000,-85.3966660000
normal_dollar_bracket,2024-12-13 11:08:00-05:00,2024-12-13 11:09:00-05:00,2024-12-13 14:09:00-05:00,SHORT,HIGH,3.4111038014,0.0052503400,524.6205636728,527.3750000000,530.6061134642,527.3400000000,527.2345320000,530.0900000000,530.1960180000,37,2.7500000000,10.5000000000,530.0900000000,516.8400000000,STOP,180,-101.7500000000,7.8249820000,0.2590000000,8.0839820000,-109.8339820000
normal_dollar_bracket,2024-12-16 12:07:00-05:00,2024-12-16 12:08:00-05:00,2024-12-16 15:59:00-05:00,SHORT,HIGH,3.0119739328,0.0035226246,534.8160438441,536.7000000000,535.0391595838,536.7000000000,536.5926600000,538.2000000000,538.3076400000,37,2.7500000000,10.5000000000,539.4500000000,526.2000000000,FORCED_EOD,231,-55.5000000000,7.9542600000,0.2590000000,8.2132600000,-63.7132600000
normal_dollar_bracket,2024-12-17 15:03:00-05:00,2024-12-17 15:04:00-05:00,2024-12-17 15:59:00-05:00,SHORT,HIGH,3.0276560618,-0.0044265178,537.3586275258,534.9800000000,535.7351125700,534.9500000000,534.8430100000,535.8500000000,535.9571700000,37,2.7500000000,10.5000000000,537.7000000000,524.4500000000,FORCED_EOD,55,-33.3000000000,7.9239200000,0.2590000000,8.1829200000,-41.4829200000
normal_dollar_bracket,2024-12-18 14:15:00-05:00,2024-12-18 14:16:00-05:00,2024-12-18 15:35:00-05:00,SHORT,HIGH,3.0318144568,-0.0013240229,531.8541871351,531.1500000000,534.7332111574,531.1589000000,531.0526682200,520.6589000000,520.7630317800,37,2.7500000000,10.5000000000,533.9089000000,520.6589000000,TAKE_PROFIT_BRACKET,79,388.5000000000,7.7834517200,0.2590000000,8.0424517200,380.4575482800
normal_dollar_bracket,2024-12-19 12:29:00-05:00,2024-12-19 12:30:00-05:00,2024-12-19 13:58:00-05:00,SHORT,HIGH,3.6542233989,-0.0052040609,518.6792383413,515.9800000000,518.5698479163,515.9800000000,515.8768040000,518.7300000000,518.8337460000,38,2.7500000000,10.5000000000,518.7300000000,505.4800000000,STOP,88,-104.5000000000,7.8637960000,0.2660000000,8.1297960000,-112.6297960000
normal_dollar_bracket,2024-12-19 15:02:00-05:00,2024-12-19 15:03:00-05:00,2024-12-19 15:59:00-05:00,SHORT,HIGH,3.3311450520,-0.0014057904,516.8166358477,516.0901000000,518.1054398645,516.1300000000,516.0267740000,514.1700000000,514.2728340000,38,2.7500000000,10.5000000000,518.8800000000,505.6300000000,FORCED_EOD,56,74.4800000000,7.8302800000,0.2660000000,8.0962800000,66.3837200000
normal_dollar_bracket,2024-12-20 11:10:00-05:00,2024-12-20 11:11:00-05:00,2024-12-20 15:59:00-05:00,LONG,LOW,-5.0518629719,-0.0085292098,524.4329990941,519.9600000000,516.3065438516,519.9700000000,520.0739940000,518.8200000000,518.7162360000,38,2.7500000000,10.5000000000,517.2200000000,530.4700000000,FORCED_EOD,288,-43.7000000000,7.8948040000,0.2660000000,8.1608040000,-51.8608040000
normal_dollar_bracket,2024-12-23 13:03:00-05:00,2024-12-23 13:04:00-05:00,2024-12-23 15:59:00-05:00,SHORT,HIGH,3.0241669457,0.0017541252,520.5169481200,521.4300000000,519.4559536458,521.4700000000,521.3657060000,522.9200000000,523.0245840000,38,2.7500000000,10.5000000000,524.2200000000,510.9700000000,FORCED_EOD,175,-55.1000000000,7.9373640000,0.2660000000,8.2033640000,-63.3033640000
normal_dollar_bracket,2024-12-24 12:35:00-05:00,2024-12-24 12:36:00-05:00,2024-12-24 12:59:00-05:00,SHORT,HIGH,3.3683308426,0.0023391622,526.7877580097,528.0200000000,527.3534641635,528.0700000000,527.9643860000,530.0200000000,530.1260040000,37,2.7500000000,10.5000000000,530.8200000000,517.5700000000,FORCED_EOD,23,-72.1500000000,7.8298660000,0.2590000000,8.0888660000,-80.2388660000
normal_dollar_bracket,2024-12-26 12:15:00-05:00,2024-12-26 12:16:00-05:00,2024-12-26 15:59:00-05:00,LONG,LOW,-3.1437785824,0.0002734645,530.8148409994,530.9600000000,528.9747987800,530.9600000000,531.0661920000,529.5500000000,529.4440900000,37,2.7500000000,10.5000000000,528.2100000000,541.4600000000,FORCED_EOD,223,-52.1700000000,7.8477740000,0.2590000000,8.1067740000,-60.2767740000
normal_dollar_bracket,2024-12-27 12:10:00-05:00,2024-12-27 12:11:00-05:00,2024-12-27 13:51:00-05:00,SHORT,HIGH,3.0225758060,0.0009208836,518.1128783304,518.5900000000,520.9959817534,518.5700000000,518.4662860000,521.3200000000,521.4242640000,38,2.7500000000,10.5000000000,521.3200000000,508.0700000000,STOP,100,-104.5000000000,7.9031640000,0.2660000000,8.1691640000,-112.6691640000
normal_dollar_bracket,2024-12-30 15:50:00-05:00,2024-12-30 15:51:00-05:00,2024-12-30 15:59:00-05:00,SHORT,HIGH,3.0580028550,-0.0013160753,518.0918478663,517.4100000000,516.1620749165,517.3700000000,517.2665260000,515.5700000000,515.6731140000,38,2.7500000000,10.5000000000,520.1200000000,506.8700000000,FORCED_EOD,8,68.4000000000,7.8503440000,0.2660000000,8.1163440000,60.2836560000
normal_dollar_bracket,2025-01-03 13:50:00-05:00,2025-01-03 13:51:00-05:00,2025-01-03 15:59:00-05:00,SHORT,HIGH,3.3293257004,0.0024153513,517.2905615622,518.5400000000,515.9351916383,518.5300000000,518.4262940000,518.5600000000,518.6637120000,38,2.7500000000,10.5000000000,521.2800000000,508.0300000000,FORCED_EOD,128,-1.1400000000,7.8818840000,0.2660000000,8.1478840000,-9.2878840000
normal_dollar_bracket,2025-01-06 11:24:00-05:00,2025-01-06 11:25:00-05:00,2025-01-06 15:59:00-05:00,SHORT,HIGH,3.2847849156,-0.0019973780,528.2551251889,527.2000000000,526.3511142046,527.2000000000,527.0945600000,524.5200000000,524.6249040000,37,2.7500000000,10.5000000000,529.9500000000,516.7000000000,FORCED_EOD,274,99.1600000000,7.7827280000,0.2590000000,8.0417280000,91.1182720000
normal_dollar_bracket,2025-01-08 12:29:00-05:00,2025-01-08 12:30:00-05:00,2025-01-08 13:02:00-05:00,SHORT,HIGH,3.4879278162,0.0033104245,509.4534926714,511.1400000000,514.4274246606,511.2000000000,511.0977600000,513.9500000000,514.0527900000,39,2.7500000000,10.5000000000,513.9500000000,500.7000000000,STOP,32,-107.2500000000,7.9961700000,0.2730000000,8.2691700000,-115.5191700000
normal_dollar_bracket,2025-01-08 14:33:00-05:00,2025-01-08 14:34:00-05:00,2025-01-08 15:59:00-05:00,LONG,LOW,-3.2730914002,0.0016186079,514.6519802216,515.4850000000,514.4025179645,515.4500000000,515.5530900000,515.3000000000,515.1969400000,38,2.7500000000,10.5000000000,512.7000000000,525.9500000000,FORCED_EOD,85,-5.7000000000,7.8337000000,0.2660000000,8.0997000000,-13.7997000000
normal_dollar_bracket,2025-01-13 15:54:00-05:00,2025-01-13 15:55:00-05:00,2025-01-13 15:59:00-05:00,LONG,LOW,-3.8401213759,-0.0020700223,506.3481519509,505.3000000000,502.5505564089,505.3200000000,505.4210640000,505.6000000000,505.4988800000,39,2.7500000000,10.5000000000,502.5700000000,515.8200000000,FORCED_EOD,4,10.9200000000,7.8851760000,0.2730000000,8.1581760000,2.7618240000
normal_dollar_bracket,2025-01-14 15:56:00-05:00,2025-01-14 15:57:00-05:00,2025-01-14 15:59:00-05:00,LONG,LOW,-3.2013280821,0.0027061643,503.2979929550,504.6600000000,505.3909377067,504.6400000000,504.7409280000,505.1000000000,504.9989800000,39,2.7500000000,10.5000000000,501.8900000000,515.1400000000,FORCED_EOD,2,17.9400000000,7.8759720000,0.2730000000,8.1489720000,9.7910280000
normal_dollar_bracket,2025-01-15 15:17:00-05:00,2025-01-15 15:18:00-05:00,2025-01-15 15:59:00-05:00,LONG,LOW,-3.2621510654,-0.0019352494,518.4433171192,517.4400000000,515.2554209349,517.4500000000,517.5534900000,516.5300000000,516.4266940000,38,2.7500000000,10.5000000000,514.7000000000,527.9500000000,FORCED_EOD,41,-34.9600000000,7.8582480000,0.2660000000,8.1242480000,-43.0842480000
normal_dollar_bracket,2025-01-16 11:25:00-05:00,2025-01-16 11:26:00-05:00,2025-01-16 15:59:00-05:00,SHORT,HIGH,3.0706917647,0.0068014181,513.2193804397,516.7100000000,516.8796557567,516.7300000000,516.6266540000,513.0700000000,513.1726140000,38,2.7500000000,10.5000000000,519.4800000000,506.2300000000,FORCED_EOD,273,139.0800000000,7.8264800000,0.2660000000,8.0924800000,130.9875200000
normal_dollar_bracket,2025-01-17 14:06:00-05:00,2025-01-17 14:07:00-05:00,2025-01-17 15:59:00-05:00,SHORT,HIGH,3.1953140400,0.0037367364,520.3256800861,522.2700000000,521.3854619650,522.2600000000,522.1555480000,521.7600000000,521.8643520000,38,2.7500000000,10.5000000000,525.0100000000,511.7600000000,FORCED_EOD,112,19.0000000000,7.9345520000,0.2660000000,8.2005520000,10.7994480000
normal_dollar_bracket,2025-01-21 14:29:00-05:00,2025-01-21 14:30:00-05:00,2025-01-21 15:59:00-05:00,LONG,LOW,-3.6028315608,-0.0013560233,525.9532048173,525.2400000000,523.3095924133,525.2600000000,525.3650520000,524.6600000000,524.5550680000,38,2.7500000000,10.5000000000,522.5100000000,535.7600000000,FORCED_EOD,89,-22.8000000000,7.9793920000,0.2660000000,8.2453920000,-31.0453920000
normal_dollar_bracket,2025-01-22 15:53:00-05:00,2025-01-22 15:54:00-05:00,2025-01-22 15:59:00-05:00,LONG,LOW,-3.6424949828,-0.0055897284,534.4172472878,531.4300000000,531.9188969228,531.4200000000,531.5262840000,531.5100000000,531.4036980000,37,2.7500000000,10.5000000000,528.6700000000,541.9200000000,FORCED_EOD,5,3.3300000000,7.8656820000,0.2590000000,8.1246820000,-4.7946820000
normal_dollar_bracket,2025-01-23 13:36:00-05:00,2025-01-23 13:37:00-05:00,2025-01-23 15:59:00-05:00,LONG,LOW,-3.1649436986,0.0022612408,530.0364599305,531.2350000000,529.7870452621,531.2500000000,531.3562500000,532.7200000000,532.6134560000,37,2.7500000000,10.5000000000,528.5000000000,541.7500000000,FORCED_EOD,142,54.3900000000,7.8733780000,0.2590000000,8.1323780000,46.2576220000
normal_dollar_bracket,2025-01-24 15:35:00-05:00,2025-01-24 15:36:00-05:00,2025-01-24 15:59:00-05:00,LONG,LOW,-3.4886269415,0.0023477542,527.6312515033,528.8700000000,530.9219829789,528.9000000000,529.0057800000,529.6400000000,529.5340720000,37,2.7500000000,10.5000000000,526.1500000000,539.4000000000,FORCED_EOD,23,27.3800000000,7.8331960000,0.2590000000,8.0921960000,19.2878040000
normal_dollar_bracket,2025-01-27 13:35:00-05:00,2025-01-27 13:36:00-05:00,2025-01-27 15:59:00-05:00,LONG,LOW,-3.3362173574,-0.0047625511,515.2298082772,512.7760000000,514.1649331069,512.7900000000,512.8925580000,514.0500000000,513.9471900000,38,2.7500000000,10.5000000000,510.0400000000,523.2900000000,FORCED_EOD,143,47.8800000000,7.8039840000,0.2660000000,8.0699840000,39.8100160000
normal_dollar_bracket,2025-01-28 15:00:00-05:00,2025-01-28 15:01:00-05:00,2025-01-28 15:59:00-05:00,SHORT,HIGH,3.4372331276,-0.0076932624,526.6214369192,522.5700000000,518.3250948938,522.5700000000,522.4654860000,521.8600000000,521.9643720000,38,2.7500000000,10.5000000000,525.3200000000,512.0700000000,FORCED_EOD,58,26.9800000000,7.9376680000,0.2660000000,8.2036680000,18.7763320000
normal_dollar_bracket,2025-01-29 13:01:00-05:00,2025-01-29 13:02:00-05:00,2025-01-29 14:41:00-05:00,SHORT,HIGH,5.7510175004,0.0028602656,516.8815814000,518.3600000000,520.5016132931,518.3700000000,518.2663260000,521.1200000000,521.2242240000,38,2.7500000000,10.5000000000,521.1200000000,507.8700000000,STOP,99,-104.5000000000,7.9001240000,0.2660000000,8.1661240000,-112.6661240000
normal_dollar_bracket,2025-01-29 15:54:00-05:00,2025-01-29 15:55:00-05:00,2025-01-29 15:59:00-05:00,LONG,LOW,-3.7308436049,-0.0014351412,521.4783951372,520.7300000000,520.0870464691,520.7500000000,520.8541500000,520.7800000000,520.6758440000,38,2.7500000000,10.5000000000,518.0000000000,531.2500000000,FORCED_EOD,4,1.1400000000,7.9156280000,0.2660000000,8.1816280000,-7.0416280000
normal_dollar_bracket,2025-02-03 13:46:00-05:00,2025-02-03 13:47:00-05:00,2025-02-03 15:59:00-05:00,LONG,LOW,-3.4264602120,0.0004727472,518.8397199852,519.0850000000,516.2871327280,519.0800000000,519.1838160000,518.1450000000,518.0413710000,38,2.7500000000,10.5000000000,516.3300000000,529.5800000000,FORCED_EOD,132,-35.5300000000,7.8829100000,0.2660000000,8.1489100000,-43.6789100000
normal_dollar_bracket,2025-02-10 15:47:00-05:00,2025-02-10 15:48:00-05:00,2025-02-10 15:59:00-05:00,SHORT,HIGH,3.0721615141,0.0020315255,528.0672179872,529.1400000000,529.0514105878,529.1400000000,529.0341720000,529.2150000000,529.3208430000,37,2.7500000000,10.5000000000,531.8900000000,518.6400000000,FORCED_EOD,11,-2.7750000000,7.8318270000,0.2590000000,8.0908270000,-10.8658270000
normal_dollar_bracket,2025-02-11 13:38:00-05:00,2025-02-11 13:39:00-05:00,2025-02-11 15:59:00-05:00,LONG,LOW,-3.2494962460,-0.0014044476,529.6438570422,528.9000000000,528.0717403022,528.9100000000,529.0157820000,527.9500000000,527.8444100000,37,2.7500000000,10.5000000000,526.1600000000,539.4100000000,FORCED_EOD,140,-35.5200000000,7.8207640000,0.2590000000,8.0797640000,-43.5997640000
normal_dollar_bracket,2025-02-12 12:41:00-05:00,2025-02-12 12:42:00-05:00,2025-02-12 15:59:00-05:00,SHORT,HIGH,3.0255572739,0.0007880814,527.1545593165,527.5700000000,525.5293874824,527.5550000000,527.4494890000,528.3200000000,528.4256640000,37,2.7500000000,10.5000000000,530.3050000000,517.0550000000,FORCED_EOD,197,-28.3050000000,7.8134750000,0.2590000000,8.0724750000,-36.3774750000
normal_dollar_bracket,2025-02-13 11:38:00-05:00,2025-02-13 11:39:00-05:00,2025-02-13 15:57:00-05:00,SHORT,HIGH,3.0970112456,-0.0020235505,534.2310434774,533.1500000000,532.4118331547,533.1200000000,533.0133760000,535.8700000000,535.9771740000,37,2.7500000000,10.5000000000,535.8700000000,522.6200000000,STOP,258,-101.7500000000,7.9105260000,0.2590000000,8.1695260000,-109.9195260000
normal_dollar_bracket,2025-02-14 11:09:00-05:00,2025-02-14 11:10:00-05:00,2025-02-14 15:59:00-05:00,SHORT,HIGH,3.1943468303,0.0004832506,537.1205361766,537.3801000000,536.5901363999,537.4000000000,537.2925200000,538.1200000000,538.2276240000,37,2.7500000000,10.5000000000,540.1500000000,526.9000000000,FORCED_EOD,289,-26.6400000000,7.9588480000,0.2590000000,8.2178480000,-34.8578480000
normal_dollar_bracket,2025-02-18 12:07:00-05:00,2025-02-18 12:08:00-05:00,2025-02-18 15:59:00-05:00,SHORT,HIGH,3.0618964113,0.0031816906,535.9687133966,537.6740000000,538.1827448555,537.6900000000,537.5824620000,539.3200000000,539.4278640000,37,2.7500000000,10.5000000000,540.4400000000,527.1900000000,FORCED_EOD,231,-60.3100000000,7.9698740000,0.2590000000,8.2288740000,-68.5388740000
normal_dollar_bracket,2025-02-19 14:24:00-05:00,2025-02-19 14:25:00-05:00,2025-02-19 15:59:00-05:00,LONG,LOW,-3.7548485911,-0.0021019855,541.4180529023,540.2800000000,538.5680593532,540.2900000000,540.3980580000,539.5600000000,539.4520880000,37,2.7500000000,10.5000000000,537.5400000000,550.7900000000,FORCED_EOD,94,-27.0100000000,7.9908900000,0.2590000000,8.2498900000,-35.2598900000
normal_dollar_bracket,2025-02-20 12:14:00-05:00,2025-02-20 12:15:00-05:00,2025-02-20 15:59:00-05:00,LONG,LOW,-3.0588244168,-0.0030777036,537.1130748375,535.4600000000,535.2067552462,535.4400000000,535.5470880000,537.1900000000,537.0825620000,37,2.7500000000,10.5000000000,532.6900000000,545.9400000000,FORCED_EOD,224,64.7500000000,7.9374620000,0.2590000000,8.1964620000,56.5535380000
normal_dollar_bracket,2025-02-21 14:27:00-05:00,2025-02-21 14:28:00-05:00,2025-02-21 15:59:00-05:00,SHORT,HIGH,3.1345302007,-0.0000812105,526.8427851820,526.8000000000,532.5025381824,526.7900000000,526.6846420000,526.1000000000,526.2052200000,37,2.7500000000,10.5000000000,529.5400000000,516.2900000000,FORCED_EOD,91,25.5300000000,7.7913860000,0.2590000000,8.0503860000,17.4796140000
normal_dollar_bracket,2025-02-24 14:09:00-05:00,2025-02-24 14:10:00-05:00,2025-02-24 15:59:00-05:00,SHORT,HIGH,3.1214979447,0.0006462716,524.0663108460,524.4050000000,523.7679514582,524.3800000000,524.2751240000,519.8300000000,519.9339660000,38,2.7500000000,10.5000000000,527.1300000000,513.8800000000,FORCED_EOD,109,172.9000000000,7.9359960000,0.2660000000,8.2019960000,164.6980040000
normal_dollar_bracket,2025-02-25 15:09:00-05:00,2025-02-25 15:10:00-05:00,2025-02-25 15:59:00-05:00,LONG,LOW,-3.2562663331,-0.0027197188,516.0033841041,514.6000000000,513.7323898233,514.6200000000,514.7229240000,513.2900000000,513.1873420000,38,2.7500000000,10.5000000000,511.8700000000,525.1200000000,FORCED_EOD,49,-50.5400000000,7.8121160000,0.2660000000,8.0781160000,-58.6181160000
normal_dollar_bracket,2025-02-26 15:28:00-05:00,2025-02-26 15:29:00-05:00,2025-02-26 15:59:00-05:00,LONG,LOW,-3.5646743529,0.0005710975,513.3318374707,513.6250000000,515.9256238642,513.6600000000,513.7627320000,514.4900000000,514.3871020000,38,2.7500000000,10.5000000000,510.9100000000,524.1600000000,FORCED_EOD,30,31.5400000000,7.8139400000,0.2660000000,8.0799400000,23.4600600000
normal_dollar_bracket,2025-02-28 15:39:00-05:00,2025-02-28 15:40:00-05:00,2025-02-28 15:59:00-05:00,LONG,LOW,-3.3612850942,-0.0026177380,504.8716216385,503.5500000000,501.3347478833,503.5300000000,503.6307060000,508.2200000000,508.1183560000,39,2.7500000000,10.5000000000,500.7800000000,514.0300000000,FORCED_EOD,19,182.9100000000,7.8916500000,0.2730000000,8.1646500000,174.7453500000
normal_dollar_bracket,2025-03-04 15:07:00-05:00,2025-03-04 15:08:00-05:00,2025-03-04 15:39:00-05:00,LONG,LOW,-3.0588722156,-0.0027965958,502.9766223221,501.5700000000,493.5944752442,501.5700000000,501.6703140000,498.8200000000,498.7202360000,39,2.7500000000,10.5000000000,498.8200000000,512.0700000000,STOP,31,-107.2500000000,7.8030420000,0.2730000000,8.0760420000,-115.3260420000
normal_dollar_bracket,2025-03-05 11:57:00-05:00,2025-03-05 11:58:00-05:00,2025-03-05 15:59:00-05:00,LONG,LOW,-3.0858026869,-0.0023711498,494.5727059922,493.4000000000,494.8240034659,493.7500000000,493.8487500000,502.1000000000,501.9995800000,40,2.7500000000,10.5000000000,491.0000000000,504.2500000000,FORCED_EOD,241,334.0000000000,7.9668000000,0.2800000000,8.2468000000,325.7532000000
normal_dollar_bracket,2025-03-06 11:26:00-05:00,2025-03-06 11:27:00-05:00,2025-03-06 15:59:00-05:00,SHORT,HIGH,3.2034832253,0.0007081736,494.9694756654,495.3200000000,495.1311728452,495.4500000000,495.3509100000,488.3300000000,488.4276660000,40,2.7500000000,10.5000000000,498.2000000000,484.9500000000,FORCED_EOD,272,284.8000000000,7.8702400000,0.2800000000,8.1502400000,276.6497600000
normal_dollar_bracket,2025-03-07 11:38:00-05:00,2025-03-07 11:39:00-05:00,2025-03-07 12:37:00-05:00,SHORT,HIGH,3.0807254447,0.0021773200,481.2621383373,482.3100000000,487.0815390015,482.3400000000,482.2435320000,485.0900000000,485.1870180000,41,2.7500000000,10.5000000000,485.0900000000,471.8400000000,STOP,58,-112.7500000000,7.9329260000,0.2870000000,8.2199260000,-120.9699260000
normal_dollar_bracket,2025-03-07 13:50:00-05:00,2025-03-07 13:51:00-05:00,2025-03-07 14:23:00-05:00,SHORT,HIGH,3.1460325248,0.0035317085,488.1161161710,489.8400000000,486.0908224496,489.8450000000,489.7470310000,492.5950000000,492.6935190000,40,2.7500000000,10.5000000000,492.5950000000,479.3450000000,STOP,32,-110.0000000000,7.8595200000,0.2800000000,8.1395200000,-118.1395200000
normal_dollar_bracket,2025-03-10 10:43:00-04:00,2025-03-10 10:44:00-04:00,2025-03-10 15:59:00-04:00,SHORT,HIGH,3.4814340938,0.0039078008,475.6711718033,477.5300000000,480.4312482623,477.4500000000,477.3545100000,473.3000000000,473.3946600000,41,2.7500000000,10.5000000000,480.2000000000,466.9500000000,FORCED_EOD,315,170.1500000000,7.7961500000,0.2870000000,8.0831500000,162.0668500000
normal_dollar_bracket,2025-03-11 13:09:00-04:00,2025-03-11 13:10:00-04:00,2025-03-11 15:59:00-04:00,LONG,LOW,-3.0188475069,0.0001792513,469.2658834729,469.3500000000,472.4934687964,469.3500000000,469.4438700000,471.6700000000,471.5756660000,42,2.7500000000,10.5000000000,466.6000000000,479.8500000000,FORCED_EOD,169,97.4400000000,7.9045680000,0.2940000000,8.1985680000,89.2414320000
normal_dollar_bracket,2025-03-12 15:55:00-04:00,2025-03-12 15:56:00-04:00,2025-03-12 15:59:00-04:00,LONG,LOW,-3.1028164822,-0.0017816755,478.4223934375,477.5700000000,477.2633972386,477.5600000000,477.6555120000,477.0800000000,476.9845840000,41,2.7500000000,10.5000000000,474.8100000000,488.0600000000,FORCED_EOD,3,-19.6800000000,7.8280480000,0.2870000000,8.1150480000,-27.7950480000
normal_dollar_bracket,2025-03-13 14:52:00-04:00,2025-03-13 14:53:00-04:00,2025-03-13 15:59:00-04:00,SHORT,HIGH,3.7929863259,0.0000795200,470.4225919778,470.4600000000,471.1008958909,470.4700000000,470.3759060000,468.3900000000,468.4836780000,42,2.7500000000,10.5000000000,473.2200000000,459.9700000000,FORCED_EOD,66,87.3600000000,7.8864240000,0.2940000000,8.1804240000,79.1795760000
normal_dollar_bracket,2025-03-14 11:39:00-04:00,2025-03-14 11:40:00-04:00,2025-03-14 15:59:00-04:00,LONG,LOW,-3.0157789760,-0.0028008381,480.3854819372,479.0400000000,475.9738204015,479.0600000000,479.1558120000,479.6500000000,479.5540700000,41,2.7500000000,10.5000000000,476.3100000000,489.5600000000,FORCED_EOD,259,24.1900000000,7.8614220000,0.2870000000,8.1484220000,16.0415780000
normal_dollar_bracket,2025-03-17 10:54:00-04:00,2025-03-17 10:55:00-04:00,2025-03-17 13:43:00-04:00,SHORT,HIGH,3.1040339977,0.0037407198,477.9023013960,479.6900000000,481.0581423721,479.6700000000,479.5740660000,482.4200000000,482.5164840000,41,2.7500000000,10.5000000000,482.4200000000,469.1700000000,STOP,168,-112.7500000000,7.8891380000,0.2870000000,8.1761380000,-120.9261380000
normal_dollar_bracket,2025-03-17 15:55:00-04:00,2025-03-17 15:56:00-04:00,2025-03-17 15:59:00-04:00,SHORT,HIGH,4.1460773998,0.0016891687,482.3053049706,483.1200000000,482.2127983171,483.1200000000,483.0233760000,482.7300000000,482.8265460000,41,2.7500000000,10.5000000000,485.8700000000,472.6200000000,FORCED_EOD,3,15.9900000000,7.9199700000,0.2870000000,8.2069700000,7.7830300000
normal_dollar_bracket,2025-03-18 13:32:00-04:00,2025-03-18 13:33:00-04:00,2025-03-18 15:59:00-04:00,SHORT,HIGH,3.3153389655,0.0017532300,473.2403009207,474.0700000000,474.8420114894,474.0700000000,473.9751860000,474.7300000000,474.8249460000,42,2.7500000000,10.5000000000,476.8200000000,463.5700000000,FORCED_EOD,146,-27.7200000000,7.9699200000,0.2940000000,8.2639200000,-35.9839200000
normal_dollar_bracket,2025-03-20 14:29:00-04:00,2025-03-20 14:30:00-04:00,2025-03-20 15:59:00-04:00,SHORT,HIGH,3.4887984061,0.0021255400,476.5171437292,477.5300000000,480.7178044658,477.5000000000,477.4045000000,479.2900000000,479.3858580000,41,2.7500000000,10.5000000000,480.2500000000,467.0000000000,FORCED_EOD,89,-73.3900000000,7.8456780000,0.2870000000,8.1326780000,-81.5226780000
normal_dollar_bracket,2025-03-21 10:51:00-04:00,2025-03-21 10:52:00-04:00,2025-03-21 12:18:00-04:00,SHORT,HIGH,3.4208846731,0.0009969865,475.1712606658,475.6450000000,475.0745475732,475.6500000000,475.5548700000,478.4000000000,478.4956800000,42,2.7500000000,10.5000000000,478.4000000000,465.1500000000,STOP,86,-115.5000000000,8.0140200000,0.2940000000,8.3080200000,-123.8080200000
normal_dollar_bracket,2025-03-21 14:50:00-04:00,2025-03-21 14:51:00-04:00,2025-03-21 15:59:00-04:00,LONG,LOW,-3.4643547486,-0.0007131173,479.1416842471,478.8000000000,476.7138508951,478.8500000000,478.9457700000,481.1200000000,481.0237760000,41,2.7500000000,10.5000000000,476.1000000000,489.3500000000,FORCED_EOD,68,93.0700000000,7.8717540000,0.2870000000,8.1587540000,84.9112460000
normal_dollar_bracket,2025-03-24 12:41:00-04:00,2025-03-24 12:42:00-04:00,2025-03-24 15:59:00-04:00,LONG,LOW,-3.1332509388,-0.0007792914,489.7466553760,489.3650000000,489.2602025760,489.3500000000,489.4478700000,490.4500000000,490.3519100000,40,2.7500000000,10.5000000000,486.6000000000,499.8500000000,FORCED_EOD,197,44.0000000000,7.8384000000,0.2800000000,8.1184000000,35.8816000000
normal_dollar_bracket,2025-03-25 11:48:00-04:00,2025-03-25 11:49:00-04:00,2025-03-25 15:59:00-04:00,LONG,LOW,-3.0966388860,-0.0016444964,493.4514792003,492.6400000000,492.1017094270,492.6400000000,492.7385280000,493.4500000000,493.3513100000,40,2.7500000000,10.5000000000,489.8900000000,503.1400000000,FORCED_EOD,250,32.4000000000,7.8887200000,0.2800000000,8.1687200000,24.2312800000
normal_dollar_bracket,2025-03-26 15:54:00-04:00,2025-03-26 15:55:00-04:00,2025-03-26 15:59:00-04:00,LONG,LOW,-4.0386328567,0.0019420118,483.7718094554,484.7113000000,486.6082587898,484.6800000000,484.7769360000,484.4000000000,484.3031200000,41,2.7500000000,10.5000000000,481.9300000000,495.1800000000,FORCED_EOD,4,-11.4800000000,7.9464560000,0.2870000000,8.2334560000,-19.7134560000
normal_dollar_bracket,2025-03-27 11:05:00-04:00,2025-03-27 11:06:00-04:00,2025-03-27 11:47:00-04:00,LONG,LOW,-3.2586366789,-0.0018872952,486.8287896604,485.9100000000,483.2022524119,485.9223000000,486.0194844600,483.1723000000,483.0756655400,41,2.7500000000,10.5000000000,483.1723000000,496.4223000000,STOP,41,-112.7500000000,7.9465757200,0.2870000000,8.2335757200,-120.9835757200
normal_dollar_bracket,2025-03-28 12:33:00-04:00,2025-03-28 12:34:00-04:00,2025-03-28 15:59:00-04:00,LONG,LOW,-3.2986706605,-0.0004262707,470.6106075271,470.4100000000,474.3581078049,470.4263000000,470.5203852600,469.0187000000,468.9248962600,42,2.7500000000,10.5000000000,467.6763000000,480.9263000000,FORCED_EOD,205,-59.1192000000,7.8913380000,0.2940000000,8.1853380000,-67.3045380000
normal_dollar_bracket,2025-03-31 14:29:00-04:00,2025-03-31 14:30:00-04:00,2025-03-31 15:59:00-04:00,LONG,LOW,-3.0993898060,-0.0022443091,467.9502249644,466.9000000000,461.8823240596,466.9000000000,466.9933800000,468.9300000000,468.8362140000,42,2.7500000000,10.5000000000,464.1500000000,477.4000000000,FORCED_EOD,89,85.2600000000,7.8609720000,0.2940000000,8.1549720000,77.1050280000
normal_dollar_bracket,2025-04-01 14:00:00-04:00,2025-04-01 14:01:00-04:00,2025-04-01 15:54:00-04:00,SHORT,HIGH,3.2403601429,-0.0005082973,470.2490263043,470.0100000000,469.7497222858,469.9650000000,469.8710070000,472.7150000000,472.8095430000,42,2.7500000000,10.5000000000,472.7150000000,459.4650000000,STOP,113,-115.5000000000,7.9185120000,0.2940000000,8.2125120000,-123.7125120000
normal_dollar_bracket,2025-04-03 14:35:00-04:00,2025-04-03 14:36:00-04:00,2025-04-03 15:59:00-04:00,SHORT,HIGH,3.1081694497,-0.0009710636,453.4403193990,453.0000000000,455.8460518478,452.9700000000,452.8794060000,450.6800000000,450.7701360000,44,2.7500000000,10.5000000000,455.7200000000,442.4700000000,FORCED_EOD,83,100.7600000000,7.9521200000,0.3080000000,8.2601200000,92.4998800000
normal_dollar_bracket,2025-04-07 14:05:00-04:00,2025-04-07 14:06:00-04:00,2025-04-07 14:18:00-04:00,SHORT,HIGH,3.1481557473,-0.0030218431,428.5048744822,427.2100000000,420.5542998426,427.1812000000,427.0957637600,429.9312000000,430.0171862400,46,2.7500000000,10.5000000000,429.9312000000,416.6812000000,STOP,12,-126.5000000000,7.8854340800,0.3220000000,8.2074340800,-134.7074340800
normal_dollar_bracket,2025-04-07 15:54:00-04:00,2025-04-07 15:55:00-04:00,2025-04-07 15:59:00-04:00,LONG,LOW,-3.3620002790,-0.0055950551,425.0883929834,422.7100000000,421.1405145969,422.7400000000,422.8245480000,423.9500000000,423.8652100000,47,2.7500000000,10.5000000000,419.9900000000,433.2400000000,FORCED_EOD,4,56.8700000000,7.9588860000,0.3290000000,8.2878860000,48.5821140000
normal_dollar_bracket,2025-04-08 14:46:00-04:00,2025-04-08 14:47:00-04:00,2025-04-08 15:03:00-04:00,LONG,LOW,-3.0019493317,0.0041700981,421.0840382329,422.8400000000,433.5015028858,422.8600000000,422.9445720000,420.1100000000,420.0259780000,47,2.7500000000,10.5000000000,420.1100000000,433.3600000000,STOP,16,-129.2500000000,7.9239180000,0.3290000000,8.2529180000,-137.5029180000
normal_dollar_bracket,2025-04-09 13:20:00-04:00,2025-04-09 13:21:00-04:00,2025-04-09 13:25:00-04:00,LONG,LOW,-3.2099806418,-0.0085018082,439.2443713779,435.5100000000,421.7498336356,435.8600000000,435.9471720000,446.3600000000,446.2707280000,45,2.7500000000,10.5000000000,433.1100000000,446.3600000000,TAKE_PROFIT_BRACKET,4,472.5000000000,7.9399800000,0.3150000000,8.2549800000,464.2450200000
normal_dollar_bracket,2025-04-09 15:18:00-04:00,2025-04-09 15:19:00-04:00,2025-04-09 15:59:00-04:00,LONG,LOW,-3.4789687577,-0.0041528120,461.0145065758,459.1000000000,439.2157875786,459.0600000000,459.1518120000,465.1400000000,465.0469720000,43,2.7500000000,10.5000000000,456.3100000000,469.5600000000,FORCED_EOD,40,261.4400000000,7.9481200000,0.3010000000,8.2491200000,253.1908800000
normal_dollar_bracket,2025-04-10 11:50:00-04:00,2025-04-10 11:51:00-04:00,2025-04-10 12:27:00-04:00,SHORT,HIGH,3.1122163397,0.0016551332,442.5375414129,443.2700000000,450.2509625404,443.2000000000,443.1113600000,432.7000000000,432.7865400000,45,2.7500000000,10.5000000000,445.9500000000,432.7000000000,TAKE_PROFIT_BRACKET,36,472.5000000000,7.8831000000,0.3150000000,8.1981000000,464.3019000000
normal_dollar_bracket,2025-04-10 15:11:00-04:00,2025-04-10 15:12:00-04:00,2025-04-10 15:40:00-04:00,LONG,LOW,-3.0408331877,-0.0006349971,446.3629391821,446.0795000000,445.2928692750,446.0650000000,446.1542130000,443.3150000000,443.2263370000,44,2.7500000000,10.5000000000,443.3150000000,456.5650000000,STOP,28,-121.0000000000,7.8265440000,0.3080000000,8.1345440000,-129.1345440000
normal_dollar_bracket,2025-04-11 12:05:00-04:00,2025-04-11 12:06:00-04:00,2025-04-11 15:59:00-04:00,LONG,LOW,-3.2292004906,-0.0056369893,451.5855830916,449.0400000000,446.0479990047,449.1600000000,449.2498320000,454.2400000000,454.1491520000,44,2.7500000000,10.5000000000,446.4100000000,459.6600000000,FORCED_EOD,233,223.5200000000,7.9499200000,0.3080000000,8.2579200000,215.2620800000
normal_dollar_bracket,2025-04-14 11:46:00-04:00,2025-04-14 11:47:00-04:00,2025-04-14 14:01:00-04:00,SHORT,HIGH,3.1009675508,0.0060324221,452.4605668605,455.1900000000,460.9332518318,455.2000000000,455.1089600000,457.9500000000,458.0415900000,43,2.7500000000,10.5000000000,457.9500000000,444.7000000000,STOP,134,-118.2500000000,7.8530900000,0.3010000000,8.1540900000,-126.4040900000
normal_dollar_bracket,2025-04-16 13:57:00-04:00,2025-04-16 13:58:00-04:00,2025-04-16 15:59:00-04:00,SHORT,HIGH,3.4121844684,0.0044347812,440.1978189847,442.1500000000,448.5374788436,442.0800000000,441.9915840000,444.2200000000,444.3088440000,45,2.7500000000,10.5000000000,444.8300000000,431.5800000000,FORCED_EOD,121,-96.3000000000,7.9767000000,0.3150000000,8.2917000000,-104.5917000000
normal_dollar_bracket,2025-04-17 12:05:00-04:00,2025-04-17 12:06:00-04:00,2025-04-17 15:59:00-04:00,LONG,LOW,-4.3449411013,0.0007244441,443.8884276506,444.2100000000,444.4119857026,444.2500000000,444.3388500000,444.0600000000,443.9711880000,45,2.7500000000,10.5000000000,441.5000000000,454.7500000000,FORCED_EOD,233,-8.5500000000,7.9947900000,0.3150000000,8.3097900000,-16.8597900000
normal_dollar_bracket,2025-04-21 11:08:00-04:00,2025-04-21 11:09:00-04:00,2025-04-21 11:48:00-04:00,LONG,LOW,-3.0029803425,-0.0006610913,433.3965146618,433.1100000000,435.0099958916,433.1300000000,433.2166260000,430.3800000000,430.2939240000,46,2.7500000000,10.5000000000,430.3800000000,443.6300000000,STOP,39,-126.5000000000,7.9442920000,0.3220000000,8.2662920000,-134.7662920000
normal_dollar_bracket,2025-04-21 15:51:00-04:00,2025-04-21 15:52:00-04:00,2025-04-21 15:59:00-04:00,LONG,LOW,-3.6461900284,-0.0009902833,432.3513503219,431.9232000000,431.7944821106,431.9100000000,431.9963820000,433.2300000000,433.1433540000,46,2.7500000000,10.5000000000,429.1600000000,442.4100000000,FORCED_EOD,7,60.7200000000,7.9592880000,0.3220000000,8.2812880000,52.4387120000
normal_dollar_bracket,2025-04-22 15:12:00-04:00,2025-04-22 15:13:00-04:00,2025-04-22 15:59:00-04:00,SHORT,HIGH,3.3379630261,0.0005331731,443.3636104468,443.6000000000,443.1215569088,443.5400000000,443.4512920000,444.3800000000,444.4688760000,45,2.7500000000,10.5000000000,446.2900000000,433.0400000000,FORCED_EOD,46,-37.8000000000,7.9912800000,0.3150000000,8.3062800000,-46.1062800000
normal_dollar_bracket,2025-04-23 15:25:00-04:00,2025-04-23 15:26:00-04:00,2025-04-23 15:59:00-04:00,SHORT,HIGH,3.1356955472,0.0009917404,453.2504931945,453.7000000000,458.4932494473,453.6400000000,453.5492720000,454.3700000000,454.4608740000,44,2.7500000000,10.5000000000,456.3900000000,443.1400000000,FORCED_EOD,33,-32.1200000000,7.9904880000,0.3080000000,8.2984880000,-40.4184880000
normal_dollar_bracket,2025-04-25 11:42:00-04:00,2025-04-25 11:43:00-04:00,2025-04-25 15:59:00-04:00,LONG,LOW,-3.2942595586,-0.0019246818,469.0127002113,468.1100000000,467.5847105338,468.1100000000,468.2036220000,472.5300000000,472.4354940000,42,2.7500000000,10.5000000000,465.3600000000,478.6100000000,FORCED_EOD,256,185.6400000000,7.9013760000,0.2940000000,8.1953760000,177.4446240000
normal_dollar_bracket,2025-04-28 12:10:00-04:00,2025-04-28 12:11:00-04:00,2025-04-28 15:59:00-04:00,LONG,LOW,-3.0444870490,-0.0006881019,467.0758958221,466.7545000000,471.1217761993,466.7500000000,466.8433500000,472.4500000000,472.3555100000,42,2.7500000000,10.5000000000,464.0000000000,477.2500000000,FORCED_EOD,228,239.4000000000,7.8892800000,0.2940000000,8.1832800000,231.2167200000
normal_dollar_bracket,2025-04-29 15:15:00-04:00,2025-04-29 15:16:00-04:00,2025-04-29 15:59:00-04:00,SHORT,HIGH,4.2929438745,0.0012149670,474.7681723464,475.3450000000,473.6295841932,475.3450000000,475.2499310000,475.4200000000,475.5150840000,42,2.7500000000,10.5000000000,478.0950000000,464.8450000000,FORCED_EOD,43,-3.1500000000,7.9864260000,0.2940000000,8.2804260000,-11.4304260000
normal_dollar_bracket,2025-04-30 15:50:00-04:00,2025-04-30 15:51:00-04:00,2025-04-30 15:59:00-04:00,LONG,LOW,-3.0921309348,-0.0006270098,475.4882357758,475.1901000000,469.0228558532,475.2200000000,475.3150440000,475.4900000000,475.3949020000,42,2.7500000000,10.5000000000,472.4700000000,485.7200000000,FORCED_EOD,8,11.3400000000,7.9859640000,0.2940000000,8.2799640000,3.0600360000
normal_dollar_bracket,2025-05-01 11:16:00-04:00,2025-05-01 11:17:00-04:00,2025-05-01 11:54:00-04:00,LONG,LOW,-3.3873944411,-0.0001608748,486.9783425380,486.9000000000,483.6587948078,486.9150000000,487.0123830000,484.1650000000,484.0681670000,41,2.7500000000,10.5000000000,484.1650000000,497.4150000000,STOP,37,-112.7500000000,7.9628560000,0.2870000000,8.2498560000,-120.9998560000
normal_dollar_bracket,2025-05-01 13:57:00-04:00,2025-05-01 13:58:00-04:00,2025-05-01 15:58:00-04:00,LONG,LOW,-3.0023126249,0.0001559441,483.7646597377,483.8401000000,483.9178738627,483.8750000000,483.9717750000,481.1250000000,481.0287750000,41,2.7500000000,10.5000000000,481.1250000000,494.3750000000,STOP,120,-112.7500000000,7.9130000000,0.2870000000,8.2000000000,-120.9500000000
normal_dollar_bracket,2025-05-02 12:05:00-04:00,2025-05-02 12:06:00-04:00,2025-05-02 15:59:00-04:00,LONG,LOW,-3.1327293024,-0.0018487314,491.2331581511,490.3250000000,487.6310446158,490.3450000000,490.4430690000,488.8600000000,488.7622280000,40,2.7500000000,10.5000000000,487.5950000000,500.8450000000,FORCED_EOD,233,-59.4000000000,7.8336400000,0.2800000000,8.1136400000,-67.5136400000
normal_dollar_bracket,2025-05-05 14:42:00-04:00,2025-05-05 14:43:00-04:00,2025-05-05 15:59:00-04:00,SHORT,HIGH,3.1654988966,0.0010522732,488.3361369619,488.8500000000,486.5909772874,488.8500000000,488.7522300000,485.9500000000,486.0471900000,40,2.7500000000,10.5000000000,491.6000000000,478.3500000000,FORCED_EOD,76,116.0000000000,7.7984000000,0.2800000000,8.0784000000,107.9216000000
normal_dollar_bracket,2025-05-06 15:57:00-04:00,2025-05-06 15:58:00-04:00,2025-05-06 15:59:00-04:00,SHORT,HIGH,3.4512273561,-0.0004554009,482.6698082474,482.4500000000,481.8113810557,482.4400000000,482.3435120000,481.4200000000,481.5162840000,41,2.7500000000,10.5000000000,485.1900000000,471.9400000000,FORCED_EOD,1,41.8200000000,7.9036520000,0.2870000000,8.1906520000,33.6293480000
normal_dollar_bracket,2025-05-07 14:25:00-04:00,2025-05-07 14:26:00-04:00,2025-05-07 14:57:00-04:00,SHORT,HIGH,3.2690155311,0.0006449229,478.3215195106,478.6300000000,480.9242420293,478.6200000000,478.5242760000,481.3700000000,481.4662740000,41,2.7500000000,10.5000000000,481.3700000000,468.1200000000,STOP,31,-112.7500000000,7.8719180000,0.2870000000,8.1589180000,-120.9089180000
normal_dollar_bracket,2025-05-07 15:41:00-04:00,2025-05-07 15:42:00-04:00,2025-05-07 15:59:00-04:00,LONG,LOW,-5.2452333959,-0.0030733191,483.8570470808,482.3700000000,480.7412074519,482.3900000000,482.4864780000,483.3500000000,483.2533300000,41,2.7500000000,10.5000000000,479.6400000000,492.8900000000,FORCED_EOD,17,39.3600000000,7.9190680000,0.2870000000,8.2060680000,31.1539320000
normal_dollar_bracket,2025-05-08 13:35:00-04:00,2025-05-08 13:36:00-04:00,2025-05-08 15:59:00-04:00,SHORT,HIGH,3.0657063798,-0.0009896996,491.5965328774,491.1100000000,488.8822039624,491.1500000000,491.0517700000,488.2200000000,488.3176440000,40,2.7500000000,10.5000000000,493.9000000000,480.6500000000,FORCED_EOD,143,117.2000000000,7.8349600000,0.2800000000,8.1149600000,109.0850400000
normal_dollar_bracket,2025-05-09 15:38:00-04:00,2025-05-09 15:39:00-04:00,2025-05-09 15:59:00-04:00,SHORT,HIGH,3.0454739325,-0.0002935709,488.5833338629,488.4399000000,488.3869270416,488.4250000000,488.3273150000,488.0500000000,488.1476100000,40,2.7500000000,10.5000000000,491.1750000000,477.9250000000,FORCED_EOD,20,15.0000000000,7.8118000000,0.2800000000,8.0918000000,6.9082000000
normal_dollar_bracket,2025-05-12 13:11:00-04:00,2025-05-12 13:12:00-04:00,2025-05-12 15:59:00-04:00,LONG,LOW,-3.1039408983,-0.0015790093,507.8869582272,507.0850000000,504.3110545326,507.0898000000,507.1912179600,507.8000000000,507.6984400000,39,2.7500000000,10.5000000000,504.3398000000,517.5898000000,FORCED_EOD,167,27.6978000000,7.9161404400,0.2730000000,8.1891404400,19.5086595600
normal_dollar_bracket,2025-05-13 11:02:00-04:00,2025-05-13 11:03:00-04:00,2025-05-13 15:59:00-04:00,SHORT,HIGH,3.2261210954,-0.0002545304,515.2711521912,515.1400000000,512.7960536785,515.1600000000,515.0569680000,515.5800000000,515.6831160000,38,2.7500000000,10.5000000000,517.9100000000,504.6600000000,FORCED_EOD,296,-15.9600000000,7.8336240000,0.2660000000,8.0996240000,-24.0596240000
normal_dollar_bracket,2025-05-14 12:55:00-04:00,2025-05-14 12:56:00-04:00,2025-05-14 15:59:00-04:00,SHORT,HIGH,3.2856045797,0.0000701315,518.0936653156,518.1300000000,517.5934105683,518.1450000000,518.0413710000,518.7000000000,518.8037400000,38,2.7500000000,10.5000000000,520.8950000000,507.6450000000,FORCED_EOD,183,-21.0900000000,7.8800220000,0.2660000000,8.1460220000,-29.2360220000
normal_dollar_bracket,2025-05-15 11:21:00-04:00,2025-05-15 11:22:00-04:00,2025-05-15 15:59:00-04:00,LONG,LOW,-3.1120288911,-0.0003311110,519.3219532229,519.1500000000,516.7390384152,519.1600000000,519.2638320000,519.2900000000,519.1861420000,38,2.7500000000,10.5000000000,516.4100000000,529.6600000000,FORCED_EOD,277,4.9400000000,7.8922200000,0.2660000000,8.1582200000,-3.2182200000
normal_dollar_bracket,2025-05-16 13:17:00-04:00,2025-05-16 13:18:00-04:00,2025-05-16 15:59:00-04:00,LONG,LOW,-3.1860059647,0.0010874429,519.8653760654,520.4307000000,519.3507158308,520.4300000000,520.5340860000,521.5200000000,521.4156960000,38,2.7500000000,10.5000000000,517.6800000000,530.9300000000,FORCED_EOD,161,41.4200000000,7.9188200000,0.2660000000,8.1848200000,33.2351800000
normal_dollar_bracket,2025-05-19 15:42:00-04:00,2025-05-19 15:43:00-04:00,2025-05-19 15:59:00-04:00,SHORT,HIGH,3.0537540916,-0.0009349940,521.1672882935,520.6800000000,519.8821382411,520.6700000000,520.5658660000,522.0300000000,522.1344060000,38,2.7500000000,10.5000000000,523.4200000000,510.1700000000,FORCED_EOD,16,-51.6800000000,7.9245200000,0.2660000000,8.1905200000,-59.8705200000
normal_dollar_bracket,2025-05-20 10:48:00-04:00,2025-05-20 10:49:00-04:00,2025-05-20 15:00:00-04:00,LONG,LOW,-3.0109928619,0.0001051730,520.3052779218,520.3600000000,519.3448961443,520.3500000000,520.4540700000,517.6000000000,517.4964800000,38,2.7500000000,10.5000000000,517.6000000000,530.8500000000,STOP,251,-104.5000000000,7.8884200000,0.2660000000,8.1544200000,-112.6544200000
normal_dollar_bracket,2025-05-21 13:01:00-04:00,2025-05-21 13:02:00-04:00,2025-05-21 15:26:00-04:00,SHORT,HIGH,3.6776546288,0.0007403511,521.5338818396,521.9200000000,520.2786128908,521.8900000000,521.7856220000,511.3900000000,511.4922780000,38,2.7500000000,10.5000000000,524.6400000000,511.3900000000,TAKE_PROFIT_BRACKET,144,399.0000000000,7.8529280000,0.2660000000,8.1189280000,390.8810720000
normal_dollar_bracket,2025-05-22 12:18:00-04:00,2025-05-22 12:19:00-04:00,2025-05-22 15:56:00-04:00,LONG,LOW,-3.1382746732,-0.0009040353,517.3477005858,516.8800000000,515.2479429817,516.8700000000,516.9733740000,514.1200000000,514.0171760000,38,2.7500000000,10.5000000000,514.1200000000,527.3700000000,STOP,217,-104.5000000000,7.8355240000,0.2660000000,8.1015240000,-112.6015240000
normal_dollar_bracket,2025-05-23 14:01:00-04:00,2025-05-23 14:02:00-04:00,2025-05-23 15:59:00-04:00,LONG,LOW,-3.8588220412,-0.0001274353,511.5451889387,511.4800000000,508.5763124901,511.5000000000,511.6023000000,509.2865000000,509.1846427000,39,2.7500000000,10.5000000000,508.7500000000,522.0000000000,FORCED_EOD,117,-86.3265000000,7.9621347000,0.2730000000,8.2351347000,-94.5616347000
normal_dollar_bracket,2025-05-27 14:58:00-04:00,2025-05-27 14:59:00-04:00,2025-05-27 15:59:00-04:00,LONG,LOW,-3.0804070803,-0.0006855546,521.0271925812,520.6700000000,519.1739061566,520.6600000000,520.7641320000,521.2100000000,521.1057580000,38,2.7500000000,10.5000000000,517.9100000000,531.1600000000,FORCED_EOD,60,20.9000000000,7.9182120000,0.2660000000,8.1842120000,12.7157880000
normal_dollar_bracket,2025-05-28 12:46:00-04:00,2025-05-28 12:47:00-04:00,2025-05-28 15:59:00-04:00,SHORT,HIGH,3.2913922703,0.0005427709,520.9922205968,521.2750000000,521.4495254062,521.2900000000,521.1857420000,518.9500000000,519.0537900000,38,2.7500000000,10.5000000000,524.0400000000,510.7900000000,FORCED_EOD,192,88.9200000000,7.9058240000,0.2660000000,8.1718240000,80.7481760000
normal_dollar_bracket,2025-05-29 13:20:00-04:00,2025-05-29 13:21:00-04:00,2025-05-29 15:59:00-04:00,LONG,LOW,-3.8098995919,0.0018837546,519.3915937121,520.3700000000,521.2817657827,520.3400000000,520.4440680000,519.9600000000,519.8560080000,38,2.7500000000,10.5000000000,517.5900000000,530.8400000000,FORCED_EOD,158,-14.4400000000,7.9062800000,0.2660000000,8.1722800000,-22.6122800000
normal_dollar_bracket,2025-05-30 15:55:00-04:00,2025-05-30 15:56:00-04:00,2025-05-30 15:59:00-04:00,LONG,LOW,-4.8553397517,0.0006184105,519.8785016818,520.2000000000,517.0251426240,520.2000000000,520.3040400000,519.1300000000,519.0261740000,38,2.7500000000,10.5000000000,517.4500000000,530.7000000000,FORCED_EOD,3,-40.6600000000,7.8989080000,0.2660000000,8.1649080000,-48.8249080000
normal_dollar_bracket,2025-06-02 15:54:00-04:00,2025-06-02 15:55:00-04:00,2025-06-02 15:59:00-04:00,SHORT,HIGH,3.1209863351,0.0023258775,521.3174794037,522.5300000000,520.3154195633,522.6000000000,522.4954800000,523.2100000000,523.3146420000,38,2.7500000000,10.5000000000,525.3500000000,512.1000000000,FORCED_EOD,4,-23.1800000000,7.9481560000,0.2660000000,8.2141560000,-31.3941560000
normal_dollar_bracket,2025-06-03 15:50:00-04:00,2025-06-03 15:51:00-04:00,2025-06-03 15:59:00-04:00,LONG,LOW,-3.3330678305,0.0005271734,526.7722996420,527.0500000000,526.4643675407,527.0492000000,527.1546098400,527.4200000000,527.3145160000,37,2.7500000000,10.5000000000,524.2992000000,537.5492000000,FORCED_EOD,8,13.7196000000,7.8030720800,0.2590000000,8.0620720800,5.6575279200
normal_dollar_bracket,2025-06-04 15:19:00-04:00,2025-06-04 15:20:00-04:00,2025-06-04 15:59:00-04:00,LONG,LOW,-3.1080616425,0.0006650931,529.1080938587,529.4600000000,528.7258757303,529.4700000000,529.5758940000,528.7800000000,528.6742440000,37,2.7500000000,10.5000000000,526.7200000000,539.9700000000,FORCED_EOD,39,-25.5300000000,7.8310500000,0.2590000000,8.0900500000,-33.6200500000
normal_dollar_bracket,2025-06-05 12:13:00-04:00,2025-06-05 12:14:00-04:00,2025-06-05 15:59:00-04:00,SHORT,HIGH,3.1625479689,-0.0007755861,532.2428001120,531.8300000000,530.3456749806,531.8200000000,531.7136360000,524.7000000000,524.8049400000,37,2.7500000000,10.5000000000,534.5700000000,521.3200000000,FORCED_EOD,225,263.4400000000,7.8182480000,0.2590000000,8.0772480000,255.3627520000
normal_dollar_bracket,2025-06-09 13:16:00-04:00,2025-06-09 13:17:00-04:00,2025-06-09 15:59:00-04:00,SHORT,HIGH,3.0451915805,0.0044377019,529.1119588286,531.4600000000,531.0211380556,531.4700000000,531.3637060000,530.6800000000,530.7861360000,37,2.7500000000,10.5000000000,534.2200000000,520.9700000000,FORCED_EOD,162,29.2300000000,7.8599100000,0.2590000000,8.1189100000,21.1110900000
normal_dollar_bracket,2025-06-10 14:53:00-04:00,2025-06-10 14:54:00-04:00,2025-06-10 15:59:00-04:00,LONG,LOW,-3.0357699233,0.0008892508,532.5514281955,533.0250000000,531.9003677447,533.0250000000,533.1316050000,534.2800000000,534.1731440000,37,2.7500000000,10.5000000000,530.2750000000,543.5250000000,FORCED_EOD,65,46.4350000000,7.8980570000,0.2590000000,8.1570570000,38.2779430000
normal_dollar_bracket,2025-06-11 10:47:00-04:00,2025-06-11 10:48:00-04:00,2025-06-11 15:59:00-04:00,SHORT,HIGH,3.0167446353,0.0024929660,534.9463968343,536.2800000000,535.1290757340,536.2700000000,536.1627460000,532.4500000000,532.5564900000,37,2.7500000000,10.5000000000,539.0200000000,525.7700000000,FORCED_EOD,311,141.3400000000,7.9085280000,0.2590000000,8.1675280000,133.1724720000
normal_dollar_bracket,2025-06-12 11:07:00-04:00,2025-06-12 11:08:00-04:00,2025-06-12 15:59:00-04:00,LONG,LOW,-3.0817965198,-0.0013279311,534.7951711488,534.0850000000,532.8005776387,534.1100000000,534.2168220000,533.6600000000,533.5532680000,37,2.7500000000,10.5000000000,531.3600000000,544.6100000000,FORCED_EOD,291,-16.6500000000,7.9014980000,0.2590000000,8.1604980000,-24.8104980000
normal_dollar_bracket,2025-06-13 12:10:00-04:00,2025-06-13 12:11:00-04:00,2025-06-13 14:15:00-04:00,LONG,LOW,-3.4054199657,0.0004676603,531.2015781351,531.4500000000,529.1522528208,531.4500000000,531.5562900000,528.7000000000,528.5942600000,37,2.7500000000,10.5000000000,528.7000000000,541.9500000000,STOP,124,-101.7500000000,7.8451100000,0.2590000000,8.1041100000,-109.8541100000
normal_dollar_bracket,2025-06-16 13:31:00-04:00,2025-06-16 13:32:00-04:00,2025-06-16 15:59:00-04:00,SHORT,HIGH,3.1327490803,-0.0012845112,535.5479173197,534.8600000000,533.9520373973,534.8600000000,534.7530280000,534.2700000000,534.3768540000,37,2.7500000000,10.5000000000,537.6100000000,524.3600000000,FORCED_EOD,147,21.8300000000,7.9115620000,0.2590000000,8.1705620000,13.6594380000
normal_dollar_bracket,2025-06-17 15:54:00-04:00,2025-06-17 15:55:00-04:00,2025-06-17 15:59:00-04:00,LONG,LOW,-3.0481686289,-0.0016692125,530.3753091073,529.4900000000,530.9568277833,529.5000000000,529.6059000000,529.0000000000,528.8942000000,37,2.7500000000,10.5000000000,526.7500000000,540.0000000000,FORCED_EOD,4,-18.5000000000,7.8329000000,0.2590000000,8.0919000000,-26.5919000000
normal_dollar_bracket,2025-06-18 13:05:00-04:00,2025-06-18 13:06:00-04:00,2025-06-18 15:59:00-04:00,SHORT,HIGH,3.1220899076,-0.0007505866,531.3188007541,530.9200000000,531.1381635479,530.9200000000,530.8138160000,528.9600000000,529.0657920000,37,2.7500000000,10.5000000000,533.6700000000,520.4200000000,FORCED_EOD,173,72.5200000000,7.8431120000,0.2590000000,8.1021120000,64.4178880000
normal_dollar_bracket,2025-06-20 13:08:00-04:00,2025-06-20 13:09:00-04:00,2025-06-20 15:59:00-04:00,LONG,LOW,-3.8760097195,0.0003619936,527.0192224177,527.2100000000,528.7433860846,527.2200000000,527.3254440000,526.7100000000,526.6046580000,37,2.7500000000,10.5000000000,524.4700000000,537.7200000000,FORCED_EOD,170,-18.8700000000,7.7990820000,0.2590000000,8.0580820000,-26.9280820000
normal_dollar_bracket,2025-06-23 13:53:00-04:00,2025-06-23 13:54:00-04:00,2025-06-23 15:59:00-04:00,SHORT,HIGH,3.2534768227,-0.0014777742,531.9661258199,531.1800000000,528.2338991705,531.1900000000,531.0837620000,531.7000000000,531.8063400000,37,2.7500000000,10.5000000000,533.9400000000,520.6900000000,FORCED_EOD,125,-18.8700000000,7.8653860000,0.2590000000,8.1243860000,-26.9943860000
normal_dollar_bracket,2025-06-24 14:12:00-04:00,2025-06-24 14:13:00-04:00,2025-06-24 15:59:00-04:00,SHORT,HIGH,3.4088123181,0.0009344985,539.4866505093,539.9908000000,538.4258910146,540.0050000000,539.8969990000,539.7350000000,539.8429470000,37,2.7500000000,10.5000000000,542.7550000000,529.5050000000,FORCED_EOD,106,9.9900000000,7.9900760000,0.2590000000,8.2490760000,1.7409240000
normal_dollar_bracket,2025-06-27 15:15:00-04:00,2025-06-27 15:16:00-04:00,2025-06-27 15:59:00-04:00,LONG,LOW,-3.3342506184,-0.0005992069,546.4474350573,546.1200000000,548.0050886717,546.1298000000,546.2390259600,548.2100000000,548.1003580000,36,2.7500000000,10.5000000000,543.3798000000,556.6298000000,FORCED_EOD,43,74.8872000000,7.8792465600,0.2520000000,8.1312465600,66.7559534400
normal_dollar_bracket,2025-06-30 11:40:00-04:00,2025-06-30 11:41:00-04:00,2025-06-30 15:59:00-04:00,LONG,LOW,-3.1474043489,-0.0000462404,550.3654491257,550.3400000000,550.1468239717,550.3300000000,550.4400660000,551.6400000000,551.5296720000,36,2.7500000000,10.5000000000,547.5800000000,560.8300000000,FORCED_EOD,258,47.1600000000,7.9341840000,0.2520000000,8.1861840000,38.9738160000
normal_dollar_bracket,2025-07-01 10:48:00-04:00,2025-07-01 10:49:00-04:00,2025-07-01 15:59:00-04:00,SHORT,HIGH,3.1042886039,0.0019039494,546.4845211092,547.5250000000,549.1073740526,547.5300000000,547.4204940000,546.9800000000,547.0893960000,36,2.7500000000,10.5000000000,550.2800000000,537.0300000000,FORCED_EOD,310,19.8000000000,7.8804720000,0.2520000000,8.1324720000,11.6675280000
normal_dollar_bracket,2025-07-02 15:03:00-04:00,2025-07-02 15:04:00-04:00,2025-07-02 15:59:00-04:00,LONG,LOW,-3.2608017264,0.0003644851,550.5693257006,550.7700000000,549.4378638830,550.7800000000,550.8901560000,550.8100000000,550.6998380000,36,2.7500000000,10.5000000000,548.0300000000,561.2800000000,FORCED_EOD,55,1.0800000000,7.9314480000,0.2520000000,8.1834480000,-7.1034480000
normal_dollar_bracket,2025-07-03 10:52:00-04:00,2025-07-03 10:53:00-04:00,2025-07-03 12:59:00-04:00,SHORT,HIGH,3.0474745868,0.0012440131,555.0295359820,555.7200000000,555.0009500949,555.7300000000,555.6188540000,556.1600000000,556.2712320000,35,2.7500000000,10.5000000000,558.4800000000,545.2300000000,FORCED_EOD,126,-15.0500000000,7.7832300000,0.2450000000,8.0282300000,-23.0782300000
normal_dollar_bracket,2025-07-07 12:26:00-04:00,2025-07-07 12:27:00-04:00,2025-07-07 15:59:00-04:00,SHORT,HIGH,3.3005005594,0.0022811408,550.8284826506,552.0850000000,552.9890613076,552.1000000000,551.9895800000,552.0600000000,552.1704120000,36,2.7500000000,10.5000000000,554.8500000000,541.6000000000,FORCED_EOD,212,1.4400000000,7.9499520000,0.2520000000,8.2019520000,-6.7619520000
normal_dollar_bracket,2025-07-08 11:03:00-04:00,2025-07-08 11:04:00-04:00,2025-07-08 15:59:00-04:00,LONG,LOW,-3.1117025958,-0.0011703031,553.1974086268,552.5500000000,552.5090834501,552.5400000000,552.6505080000,552.3200000000,552.2095360000,36,2.7500000000,10.5000000000,549.7900000000,563.0400000000,FORCED_EOD,295,-7.9200000000,7.9549920000,0.2520000000,8.2069920000,-16.1269920000
normal_dollar_bracket,2025-07-09 12:02:00-04:00,2025-07-09 12:03:00-04:00,2025-07-09 15:59:00-04:00,LONG,LOW,-3.3827510463,0.0003883349,554.0848295495,554.3000000000,555.3089754606,554.2750000000,554.3858550000,556.2600000000,556.1487480000,36,2.7500000000,10.5000000000,551.5250000000,564.7750000000,FORCED_EOD,236,71.4600000000,7.9958520000,0.2520000000,8.2478520000,63.2121480000
normal_dollar_bracket,2025-07-10 15:40:00-04:00,2025-07-10 15:41:00-04:00,2025-07-10 15:59:00-04:00,LONG,LOW,-3.0104325171,-0.0020834774,557.2159468246,556.0550000000,554.9689693097,556.0500000000,556.1612100000,555.4700000000,555.3589060000,35,2.7500000000,10.5000000000,553.3000000000,566.5500000000,FORCED_EOD,18,-20.3000000000,7.7806400000,0.2450000000,8.0256400000,-28.3256400000
normal_dollar_bracket,2025-07-11 14:49:00-04:00,2025-07-11 14:50:00-04:00,2025-07-11 15:59:00-04:00,SHORT,HIGH,3.0676174148,0.0005329978,555.0277713972,555.3236000000,554.5874781349,555.3250000000,555.2139350000,554.2100000000,554.3208420000,36,2.7500000000,10.5000000000,558.0750000000,544.8250000000,FORCED_EOD,69,40.1400000000,7.9886520000,0.2520000000,8.2406520000,31.8993480000
normal_dollar_bracket,2025-07-14 12:46:00-04:00,2025-07-14 12:47:00-04:00,2025-07-14 15:59:00-04:00,SHORT,HIGH,3.0031616346,0.0009067668,555.2764937295,555.7800000000,554.3796288817,555.7900000000,555.6788420000,556.1800000000,556.2912360000,35,2.7500000000,10.5000000000,558.5400000000,545.2900000000,FORCED_EOD,192,-13.6500000000,7.7837900000,0.2450000000,8.0287900000,-21.6787900000
normal_dollar_bracket,2025-07-16 13:05:00-04:00,2025-07-16 13:06:00-04:00,2025-07-16 15:59:00-04:00,LONG,LOW,-3.0659400222,0.0011919291,555.9823084899,556.6450000000,554.9642439794,556.6500000000,556.7613300000,557.3400000000,557.2285320000,35,2.7500000000,10.5000000000,553.9000000000,567.1500000000,FORCED_EOD,173,24.1500000000,7.7979300000,0.2450000000,8.0429300000,16.1070700000
normal_dollar_bracket,2025-07-17 13:51:00-04:00,2025-07-17 13:52:00-04:00,2025-07-17 15:59:00-04:00,SHORT,HIGH,3.4319040016,0.0003592192,561.6882307807,561.8900000000,560.3769184894,561.8908000000,561.7784218400,561.8000000000,561.9123600000,35,2.7500000000,10.5000000000,564.6408000000,551.3908000000,FORCED_EOD,127,3.1780000000,7.8658356000,0.2450000000,8.1108356000,-4.9328356000
normal_dollar_bracket,2025-07-18 12:45:00-04:00,2025-07-18 12:46:00-04:00,2025-07-18 15:59:00-04:00,LONG,LOW,-3.0911881443,-0.0016986656,561.9195133294,560.9650000000,561.3185338420,560.9700000000,561.0821940000,561.2600000000,561.1477480000,35,2.7500000000,10.5000000000,558.2200000000,571.4700000000,FORCED_EOD,193,10.1500000000,7.8556100000,0.2450000000,8.1006100000,2.0493900000
normal_dollar_bracket,2025-07-21 14:05:00-04:00,2025-07-21 14:06:00-04:00,2025-07-21 15:59:00-04:00,SHORT,HIGH,3.1630216372,0.0016968314,564.8615252401,565.8200000000,565.1687816031,565.8200000000,565.7068360000,564.1600000000,564.2728320000,35,2.7500000000,10.5000000000,568.5700000000,555.3200000000,FORCED_EOD,113,58.1000000000,7.9098600000,0.2450000000,8.1548600000,49.9451400000
normal_dollar_bracket,2025-07-22 14:02:00-04:00,2025-07-22 14:03:00-04:00,2025-07-22 15:59:00-04:00,SHORT,HIGH,3.2054202400,0.0008435689,560.9368111592,561.4100000000,560.8213688964,561.4200000000,561.3077160000,561.2900000000,561.4022580000,35,2.7500000000,10.5000000000,564.1700000000,550.9200000000,FORCED_EOD,116,4.5500000000,7.8589700000,0.2450000000,8.1039700000,-3.5539700000
normal_dollar_bracket,2025-07-23 11:54:00-04:00,2025-07-23 11:55:00-04:00,2025-07-23 15:59:00-04:00,LONG,LOW,-3.2654581817,0.0004608024,562.1109779058,562.3700000000,560.7614874943,562.3400000000,562.4524680000,563.8300000000,563.7172340000,35,2.7500000000,10.5000000000,559.5900000000,572.8400000000,FORCED_EOD,244,52.1500000000,7.8831900000,0.2450000000,8.1281900000,44.0218100000
normal_dollar_bracket,2025-07-25 10:34:00-04:00,2025-07-25 10:35:00-04:00,2025-07-25 15:59:00-04:00,LONG,LOW,-3.2425180460,-0.0013281070,566.6726018628,565.9200000000,565.4835863431,565.9500000000,566.0631900000,566.3900000000,566.2767220000,35,2.7500000000,10.5000000000,563.2000000000,576.4500000000,FORCED_EOD,324,15.4000000000,7.9263800000,0.2450000000,8.1713800000,7.2286200000
normal_dollar_bracket,2025-07-29 12:02:00-04:00,2025-07-29 12:03:00-04:00,2025-07-29 15:59:00-04:00,LONG,LOW,-3.1850964958,0.0007526401,568.2023481389,568.6300000000,569.5485574995,568.6400000000,568.7537280000,567.3300000000,567.2165340000,35,2.7500000000,10.5000000000,565.8900000000,579.1400000000,FORCED_EOD,236,-45.8500000000,7.9517900000,0.2450000000,8.1967900000,-54.0467900000
normal_dollar_bracket,2025-07-31 15:43:00-04:00,2025-07-31 15:44:00-04:00,2025-07-31 15:59:00-04:00,LONG,LOW,-3.4373466199,-0.0005526101,566.4830442522,566.1700000000,569.1624217329,566.1950000000,566.3082390000,565.0000000000,564.8870000000,35,2.7500000000,10.5000000000,563.4450000000,576.6950000000,FORCED_EOD,15,-41.8250000000,7.9183650000,0.2450000000,8.1633650000,-49.9883650000
normal_dollar_bracket,2025-08-01 12:10:00-04:00,2025-08-01 12:11:00-04:00,2025-08-01 15:59:00-04:00,SHORT,HIGH,3.1568729818,0.0074958692,552.8310507570,556.9750000000,555.4191699347,556.9800000000,556.8686040000,553.8500000000,553.9607700000,35,2.7500000000,10.5000000000,559.7300000000,546.4800000000,FORCED_EOD,228,109.5500000000,7.7758100000,0.2450000000,8.0208100000,101.5291900000
normal_dollar_bracket,2025-08-06 12:31:00-04:00,2025-08-06 12:32:00-04:00,2025-08-06 15:59:00-04:00,SHORT,HIGH,3.1672046989,-0.0005182554,565.8682643108,565.5750000000,563.4274382014,565.5800000000,565.4668840000,567.3200000000,567.4334640000,35,2.7500000000,10.5000000000,568.3300000000,555.0800000000,FORCED_EOD,207,-60.9000000000,7.9303000000,0.2450000000,8.1753000000,-69.0753000000
normal_dollar_bracket,2025-08-07 12:52:00-04:00,2025-08-07 12:53:00-04:00,2025-08-07 15:59:00-04:00,SHORT,HIGH,3.1024151364,0.0006007918,568.0487209872,568.3900000000,570.5049068597,568.4100000000,568.2963180000,569.2599000000,569.3737519800,35,2.7500000000,10.5000000000,571.1600000000,557.9100000000,FORCED_EOD,186,-29.7465000000,7.9636893000,0.2450000000,8.2086893000,-37.9551893000
normal_dollar_bracket,2025-08-08 11:03:00-04:00,2025-08-08 11:04:00-04:00,2025-08-08 15:59:00-04:00,LONG,LOW,-3.0057813873,-0.0012631266,573.9238384793,573.1989000000,572.7703855997,573.2100000000,573.3246420000,574.5500000000,574.4350900000,34,2.7500000000,10.5000000000,570.4600000000,583.7100000000,FORCED_EOD,295,45.5600000000,7.8047680000,0.2380000000,8.0427680000,37.5172320000
normal_dollar_bracket,2025-08-11 12:55:00-04:00,2025-08-11 12:56:00-04:00,2025-08-11 15:59:00-04:00,SHORT,HIGH,3.2882973087,-0.0026724075,576.9017164964,575.3600000000,575.3067146809,575.3600000000,575.2449280000,572.7600000000,572.8745520000,34,2.7500000000,10.5000000000,578.1100000000,564.8600000000,FORCED_EOD,183,88.4000000000,7.8072160000,0.2380000000,8.0452160000,80.3547840000
normal_dollar_bracket,2025-08-12 11:30:00-04:00,2025-08-12 11:31:00-04:00,2025-08-12 15:37:00-04:00,SHORT,HIGH,3.6956911229,0.0018104325,576.2766899574,577.3200000000,575.5925365858,577.3300000000,577.2145340000,580.0800000000,580.1960160000,34,2.7500000000,10.5000000000,580.0800000000,566.8300000000,STOP,246,-93.5000000000,7.8703880000,0.2380000000,8.1083880000,-101.6083880000
normal_dollar_bracket,2025-08-13 14:14:00-04:00,2025-08-13 14:15:00-04:00,2025-08-13 15:59:00-04:00,LONG,LOW,-3.4186818515,-0.0013301732,581.2932206417,580.5200000000,580.7135604157,580.5100000000,580.6261020000,580.3500000000,580.2339300000,34,2.7500000000,10.5000000000,577.7600000000,591.0100000000,FORCED_EOD,104,-5.4400000000,7.8938480000,0.2380000000,8.1318480000,-13.5718480000
normal_dollar_bracket,2025-08-14 12:17:00-04:00,2025-08-14 12:18:00-04:00,2025-08-14 15:59:00-04:00,LONG,LOW,-3.0151652867,-0.0009701446,579.7424339963,579.1800000000,579.8539669972,579.1700000000,579.2858340000,579.8600000000,579.7440280000,34,2.7500000000,10.5000000000,576.4200000000,589.6700000000,FORCED_EOD,221,23.4600000000,7.8814040000,0.2380000000,8.1194040000,15.3405960000
normal_dollar_bracket,2025-08-18 12:47:00-04:00,2025-08-18 12:48:00-04:00,2025-08-18 15:59:00-04:00,SHORT,HIGH,3.1229760926,0.0022392685,574.3039791689,575.5900000000,576.4769178929,575.5700000000,575.4548860000,577.1000000000,577.2154200000,34,2.7500000000,10.5000000000,578.3200000000,565.0700000000,FORCED_EOD,191,-52.0200000000,7.8381560000,0.2380000000,8.0761560000,-60.0961560000
normal_dollar_bracket,2025-08-20 12:46:00-04:00,2025-08-20 12:47:00-04:00,2025-08-20 15:59:00-04:00,SHORT,HIGH,3.0720815836,0.0022025744,563.3890936103,564.6300000000,562.5335927150,564.6300000000,564.5170740000,565.8500000000,565.9631700000,35,2.7500000000,10.5000000000,567.3800000000,554.1300000000,FORCED_EOD,192,-42.7000000000,7.9133600000,0.2450000000,8.1583600000,-50.8583600000
normal_dollar_bracket,2025-08-21 11:37:00-04:00,2025-08-21 11:38:00-04:00,2025-08-21 12:58:00-04:00,LONG,LOW,-3.0820492185,-0.0003605627,565.0937517096,564.8900000000,564.3837010341,564.8900000000,565.0029780000,562.1400000000,562.0275720000,35,2.7500000000,10.5000000000,562.1400000000,575.3900000000,STOP,80,-96.2500000000,7.8892100000,0.2450000000,8.1342100000,-104.3842100000
