trade_id,ticker,direction,entry_time,entry_price,exit_time,exit_price,shares,position_value,gross_pnl,commission,slippage,net_pnl,return_pct,exit_reason,duration_bars,entry_z_score,exit_z_score
1,NVDA,1,2024-08-23 12:48:00-04:00,126.92538,2024-08-23 13:23:00-04:00,127.78443800000001,157,19923.3,142.86999999999946,1.099,7.997893999998752,133.77310600000072,0.00671440504334125,TAKE_PROFIT,35,-2.7977023283874405,0.7293823688507624
2,NVDA,1,2024-08-26 13:03:00-04:00,126.69753444,2024-08-26 13:51:00-04:00,126.034788,157,19887.5354,-96.11540000000022,1.099,7.935791079998566,-105.15019107999879,-0.005287240925791075,TAKE_PROFIT,48,-2.3081895122811553,0.4983151809825022
3,NVDA,1,2024-08-26 15:46:00-04:00,126.29025299999999,2024-08-26 15:49:00-04:00,126.364722,158,19949.87,19.75,1.106,7.9838979999987885,10.66010200000121,0.0005343444343246954,TAKE_PROFIT,3,-1.6164113924483323,1.6333044049686218
4,NVDA,1,2024-08-30 15:52:00-04:00,119.253846,2024-08-30 15:56:00-04:00,119.156164,167,19911.41,-8.349999999999525,1.169,7.96289399999911,-17.481893999998636,-0.000877983728927215,FORCED_EOD,4,-2.7589710656700324,-2.338438457610077
5,NVDA,1,2024-09-03 10:46:00-04:00,110.52710099999999,2024-09-03 10:49:00-04:00,109.6860027497278,180,19890.899999999998,-143.4700190528048,1.26,7.927665996188011,-152.6576850489928,-0.007674750013774782,STOP_LOSS,3,-2.4075757657610186,-2.8856193526567684
6,NVDA,1,2024-09-03 12:10:00-04:00,110.28205200000001,2024-09-03 12:42:00-04:00,110.337928,181,19957.06,18.09999999999897,1.2670000000000001,7.986443999999366,8.846555999999605,0.00044327952113185033,TAKE_PROFIT,32,-2.1989874182598688,0.8165659451843592
7,NVDA,1,2024-09-05 12:55:00-04:00,106.811358,2024-09-05 14:53:00-04:00,107.22855,187,19969.73,86.01999999999883,1.309,8.00509599999883,76.705904,0.003841108718044761,TAKE_PROFIT,118,-2.955848420545172,-0.1626802063239914
8,NVDA,-1,2024-09-06 14:06:00-04:00,102.23954800000001,2024-09-06 14:21:00-04:00,102.080412,195,19940.7,39.000000000000554,1.365,7.968479999997058,29.666520000003494,0.0014877371406221192,TAKE_PROFIT,15,2.617041697344891,0.4984097816193701
9,NVDA,-1,2024-09-11 12:01:00-04:00,111.162763,2024-09-11 12:05:00-04:00,112.0093577894665,179,19902.115,-143.5509111322792,1.2530000000000001,7.989556182225698,-152.7934673145049,-0.007677247735454493,STOP_LOSS,4,2.7427457067221543,1.7860743566537471
10,NVDA,-1,2024-09-20 14:28:00-04:00,115.75774382,2024-09-20 14:53:00-04:00,115.918179,172,19914.3148,-19.62519999999887,1.204,7.969650959999967,-28.798850959998838,-0.0014461381799588122,TAKE_PROFIT,25,2.7606798938873247,-0.35561117704546036
11,NVDA,1,2024-09-23 10:44:00-04:00,115.393074,2024-09-23 11:33:00-04:00,115.641867,173,19959.010000000002,51.035000000000295,1.211,7.993810999999212,41.830189000001084,0.0020958048019416335,TAKE_PROFIT,49,-2.6311691139437423,0.7359120486536316
12,NVDA,-1,2024-09-23 11:49:00-04:00,116.06758184,2024-09-23 12:28:00-04:00,115.608117,172,19967.6176,86.99760000000134,1.204,7.969647519999683,77.82395248000167,0.0038975081574079053,TAKE_PROFIT,39,2.6913801218339484,-0.1370862942068608
13,NVDA,1,2024-09-24 10:46:00-04:00,115.76314799999999,2024-09-24 11:22:00-04:00,116.9371079,172,19907.28,209.92600000000022,1.204,8.0048971999978,200.7171028000024,0.010082598064627735,TAKE_PROFIT,36,-2.2163694364291375,0.5873707409094587
14,NVDA,-1,2024-09-24 11:43:00-04:00,119.39111700000001,2024-09-24 11:49:00-04:00,120.30037739289602,167,19942.305,-143.84079545454347,1.169,8.005690159091202,-153.01548561363467,-0.007672908704065787,STOP_LOSS,6,2.812236305006408,2.38370720998806
15,NVDA,1,2024-09-24 15:14:00-04:00,120.9181788,2024-09-24 15:52:00-04:00,121.07578,165,19947.510000000002,33.98999999999816,1.155,7.985802000000177,24.849197999997983,0.0012457293165912928,TAKE_PROFIT,38,-2.4581823476981817,0.23684025395118907
16,NVDA,1,2024-09-26 10:55:00-04:00,123.68463197999999,2024-09-26 10:55:00-04:00,122.74340646514698,161,19909.243899999998,-143.60233079749577,1.127,7.934977093839876,-152.66430789133565,-0.007668011334741631,STOP_LOSS,0,-2.9429156106459016,-3.494088915684029
17,NVDA,-1,2024-09-26 15:28:00-04:00,124.35112480000001,2024-09-26 15:41:00-04:00,123.954786,160,19900.16,71.35999999999967,1.12,7.945791999998164,62.294208000001504,0.003130337042516317,TAKE_PROFIT,13,2.8386654676980108,-0.23511772977467196
18,NVDA,1,2024-09-27 13:02:00-04:00,120.93488214,2024-09-27 13:37:00-04:00,120.29673584000001,165,19950.2655,-97.33350000000002,1.155,7.960639499998052,-106.44913949999807,-0.00533572545688668,TAKE_PROFIT,35,-2.851111533278319,0.14304612107180678
19,NVDA,-1,2024-09-30 14:14:00-04:00,120.32593,2024-09-30 14:38:00-04:00,119.83376195999999,166,19978.1,89.67319999999978,1.162,7.973305359998136,80.53789464000164,0.004031309015371914,TAKE_PROFIT,24,3.062941742804341,-0.07189624078042751
20,NVDA,1,2024-10-02 13:52:00-04:00,118.44818489999999,2024-10-02 14:20:00-04:00,118.70245476000001,168,19895.316,50.68560000000184,1.176,7.968263519998118,41.54133648000372,0.0020879958116776696,TAKE_PROFIT,28,-3.102124666044426,1.0296007373537088
21,NVDA,-1,2024-10-04 09:59:00-04:00,123.15906326000001,2024-10-04 10:52:00-04:00,123.364668,162,19955.7594,-25.32060000000027,1.1340000000000001,7.9873678799971515,-34.44196787999742,-0.001725916172350596,TAKE_PROFIT,53,2.7810811839348326,-0.6084641442333639
22,NVDA,-1,2024-10-08 13:52:00-04:00,132.348525,2024-10-08 14:05:00-04:00,132.366468,151,19988.625,5.284999999999485,1.057,7.99439299999986,-3.7663930000003756,-0.00018842681775261557,TAKE_PROFIT,13,2.4145951360699804,-0.9712122229547681
23,NVDA,-1,2024-10-09 14:30:00-04:00,132.613472,2024-10-09 15:10:00-04:00,132.251445,150,19895.999999999996,62.249999999998806,1.05,7.945949999997026,53.25405000000178,0.0026766209288300057,TAKE_PROFIT,40,3.1945821538173496,0.6370355283538072
24,NVDA,1,2024-10-14 14:37:00-04:00,138.68773199999998,2024-10-14 14:39:00-04:00,138.80223400000003,144,19967.04,24.480000000002292,1.008,7.991711999995914,15.480288000006379,0.0007752920813503843,TAKE_PROFIT,2,-1.4082169473119666,-0.04681191844459648
25,NVDA,1,2024-10-15 09:48:00-04:00,136.14862427999998,2024-10-15 10:09:00-04:00,135.11254924842135,146,19873.7244,-143.3461340772986,1.022,7.920820533181882,-152.28895461048046,-0.007662829147941715,STOP_LOSS,21,-2.2041604451291956,-1.487053126206906
26,NVDA,-1,2024-10-16 13:14:00-04:00,135.08797700000002,2024-10-16 13:46:00-04:00,136.11678173965703,148,19997.02,-144.23544637996474,1.036,8.027655089272002,-153.29910146923675,-0.00766609732196281,STOP_LOSS,32,2.7325454827788014,1.2916597899769993
27,NVDA,1,2024-10-16 14:23:00-04:00,136.0532052,2024-10-16 14:41:00-04:00,136.25284398,147,19995.822,37.35269999999912,1.029,8.00579934000109,28.31790065999803,0.0014161908752737462,TAKE_PROFIT,18,-2.795800657204912,0.21336211787328405
28,NVDA,1,2024-10-16 15:41:00-04:00,135.53710199999998,2024-10-16 15:56:00-04:00,135.59787500000002,147,19919.969999999998,16.905000000001337,1.029,7.971368999995434,7.904631000005903,0.00039681942292111406,FORCED_EOD,15,-2.6904160244701787,-1.6356353998529023
29,NVDA,-1,2024-10-18 13:32:00-04:00,138.292336,2024-10-18 14:12:00-04:00,138.257646,144,19918.079999999998,12.960000000000491,1.008,7.964639999998781,3.9873600000017113,0.00020018796992489797,TAKE_PROFIT,40,2.493856526554743,0.00045973397225322073
30,NVDA,-1,2024-10-21 10:47:00-04:00,140.241946,2024-10-21 11:48:00-04:00,141.063207,142,19918.34,-108.62999999999806,0.994,7.989062000000899,-117.61306199999896,-0.005904762244243193,TAKE_PROFIT,61,2.5153055659004924,-0.4293794849375484
31,NVDA,1,2024-10-23 10:06:00-04:00,139.19783399999997,2024-10-23 10:33:00-04:00,140.4549034,143,19901.309999999998,187.75900000000237,1.0010000000000001,7.998075799997451,178.75992420000492,0.008982319465402275,TAKE_PROFIT,27,-2.643653348316697,0.33788259263329173
32,NVDA,-1,2024-10-24 14:25:00-04:00,139.97110018,2024-10-24 15:13:00-04:00,140.0535051,142,19879.872199999998,-3.748799999999335,0.994,7.952698639998914,-12.695498639998249,-0.0006386106767828342,TAKE_PROFIT,48,2.8228907356731594,-0.7823526150429944
33,NVDA,-1,2024-10-24 15:32:00-04:00,140.69175601999999,2024-10-24 15:56:00-04:00,140.488092,142,19982.2258,36.90579999999824,0.994,7.985509159999538,27.9262908399987,0.0013975565644943667,FORCED_EOD,24,2.5258698373460557,0.08462558031905004
34,NVDA,1,2024-10-25 12:19:00-04:00,143.518698,2024-10-25 13:04:00-04:00,143.281338,139,19945.11,-25.020000000000948,0.973,7.973039999998406,-33.96603999999935,-0.001702975817130081,TAKE_PROFIT,45,-2.271800458836161,0.3129265403162466
35,NVDA,-1,2024-10-28 13:07:00-04:00,140.82192998,2024-10-28 14:37:00-04:00,141.068208,142,20000.7142,-26.965799999999206,0.994,8.005678840001565,-35.96547884000077,-0.0017982097279306542,TAKE_PROFIT,90,2.7088080040878406,0.7374817236112727
36,NVDA,1,2024-10-29 12:47:00-04:00,141.468288,2024-10-29 14:17:00-04:00,141.366721,141,19943.04,-6.344999999998237,0.987,7.975947000000161,-15.307946999998398,-0.0007675834276017296,TAKE_PROFIT,90,-2.8280540885314034,0.562035330759334
37,NVDA,1,2024-10-29 15:37:00-04:00,141.923379,2024-10-29 15:56:00-04:00,141.341726,140,19865.300000000003,-73.5000000000008,0.98,7.931420000001594,-82.4114200000024,-0.004148511223087614,FORCED_EOD,19,-2.966425109249166,-2.3548390684158136
38,NVDA,-1,2024-10-30 12:52:00-04:00,140.17195999999998,2024-10-30 13:34:00-04:00,139.567908,142,19908.399999999998,93.71999999999952,0.994,7.94461600000011,84.7813839999994,0.004258573466476433,TAKE_PROFIT,42,2.82085865940071,-0.49384262979161353
39,NVDA,-1,2024-10-30 14:12:00-04:00,140.06188202,2024-10-30 14:50:00-04:00,140.03800199999998,142,19892.7658,11.345800000001304,0.994,7.954837159996259,2.3969628400050453,0.00012049419694093242,TAKE_PROFIT,38,2.7674848709961095,0.18841986164824653
40,NVDA,-1,2024-10-30 15:53:00-04:00,139.882018,2024-10-30 15:56:00-04:00,139.372869,142,19867.22,80.22999999999968,0.994,7.930842000002599,71.30515799999708,0.0035890858408975726,FORCED_EOD,3,2.747575327943177,1.3021114052071676
41,NVDA,1,2024-10-31 11:54:00-04:00,132.49649399999998,2024-10-31 12:14:00-04:00,133.478299,150,19870.5,155.2499999999995,1.05,7.979249999998217,146.22075000000126,0.007358684985279749,TAKE_PROFIT,20,-2.9302691205487723,0.2277681706581254
42,NVDA,1,2024-10-31 14:54:00-04:00,132.186432,2024-10-31 15:01:00-04:00,132.92840900000002,151,19956.16,120.0450000000024,1.057,8.006472999999403,110.981527000003,0.005561266646489254,TAKE_PROFIT,7,-2.854722268913695,0.7889603929092308
43,NVDA,1,2024-11-01 11:10:00-04:00,136.08711198,2024-11-01 11:32:00-04:00,136.852624,146,19864.7454,119.73459999999949,1.022,7.969845080001164,110.74275491999832,0.005574838876112569,TAKE_PROFIT,22,-2.8787145325118897,0.03419360813423236
44,NVDA,-1,2024-11-04 11:15:00-05:00,138.76064232,2024-11-04 12:17:00-05:00,137.347464,144,19985.529599999998,211.44960000000037,1.008,7.951921920002405,202.48967807999796,0.010131814474408423,TAKE_PROFIT,62,2.6947432883212925,-0.516929073593279
45,NVDA,1,2024-11-05 15:42:00-05:00,139.452885,2024-11-05 15:53:00-05:00,139.59207600000002,143,19937.775,27.884999999999025,1.0010000000000001,7.9806869999974595,18.903313000001564,0.0009481154742693988,TAKE_PROFIT,11,-2.5044429686192204,0.0177045776829813
46,NVDA,1,2024-11-07 13:17:00-05:00,147.72954,2024-11-07 13:32:00-05:00,147.74044600000002,135,19939.5,9.450000000002916,0.9450000000000001,7.977689999998319,0.5273100000045972,2.644549763056231e-05,TAKE_PROFIT,15,-2.5673993398217667,0.5709889023016079
47,NVDA,1,2024-11-07 15:18:00-05:00,148.36976802,2024-11-07 15:44:00-05:00,148.275339,134,19877.5734,-4.703399999999988,0.9380000000000001,7.950088680000931,-13.591488680000918,-0.000683759954321231,TAKE_PROFIT,26,-2.9486224957161107,-0.0007348246262553731
48,NVDA,1,2024-11-08 11:05:00-05:00,146.594313,2024-11-08 11:13:00-05:00,147.350524,136,19932.84,110.83999999999969,0.9520000000000001,7.995303999998669,101.89269600000102,0.005111800225156125,TAKE_PROFIT,8,-2.3855088734203322,0.91070063441332
49,NVDA,-1,2024-11-08 15:18:00-05:00,147.290536,2024-11-08 15:56:00-05:00,147.609516,135,19888.2,-35.10000000000261,0.9450000000000001,7.962299999998805,-44.007300000001415,-0.002212734184089129,FORCED_EOD,38,2.454690181573704,1.4560404487472727
50,NVDA,-1,2024-11-11 14:42:00-05:00,145.20715276,2024-11-11 15:29:00-05:00,145.399074,137,19897.3594,-18.330600000001084,0.9590000000000001,7.9626098799988085,-27.252209879999892,-0.0013696395251321584,TAKE_PROFIT,47,2.735274980640095,-0.5172099595747307
51,NVDA,1,2024-11-13 11:38:00-05:00,146.989392,2024-11-13 11:42:00-05:00,145.87082,136,19986.56,-144.1600000000003,0.9520000000000001,7.9657919999997375,-153.07779200000004,-0.007659036472509528,STOP_LOSS,4,-2.9741167409840483,-3.470328882538224
52,NVDA,-1,2024-11-14 10:02:00-05:00,147.81783052,2024-11-14 11:22:00-05:00,148.94358344059336,135,19959.398999999998,-143.9640918617306,0.9450000000000001,8.012552418372536,-152.92164428010312,-0.007661635717593658,STOP_LOSS,80,2.621086101979906,1.7993223558321798
53,NVDA,1,2024-11-15 10:24:00-05:00,142.44848399999998,2024-11-15 10:55:00-05:00,142.9654012,140,19938.8,80.36000000000172,0.98,7.991591999998491,71.38840800000322,0.003580376351636168,TAKE_PROFIT,31,-2.003220626521148,-0.02410633593085398
54,NVDA,-1,2024-11-18 15:19:00-05:00,140.93180800000002,2024-11-18 15:42:00-05:00,140.403075,141,19875.36,82.48500000000112,0.987,7.933646999998757,73.56435300000237,0.003701284052213513,TAKE_PROFIT,23,2.888152021093135,-0.01907945676841676
55,NVDA,1,2024-11-22 14:16:00-05:00,141.39217278,2024-11-22 14:36:00-05:00,141.83162800000002,141,19932.3099,69.95010000000178,0.987,7.986913979999883,60.976186020001904,0.0030591630536509922,TAKE_PROFIT,20,-2.1370596939036304,0.8660455986161657
56,NVDA,1,2024-11-27 13:16:00-05:00,133.42688004000001,2024-11-27 13:28:00-05:00,133.47320002,149,19876.629800000002,14.85529999999767,1.043,7.953622979998755,5.858677019998915,0.0002947520318559696,TAKE_PROFIT,12,-2.3918989102769714,0.38247442380583907
57,NVDA,-1,2024-11-27 15:05:00-05:00,134.888017,2024-11-27 15:56:00-05:00,135.067008,148,19967.42,-18.5,1.036,7.990667999999459,-27.52666799999946,-0.0013785791053626088,FORCED_EOD,51,2.1495719609459654,1.424783926100526
58,NVDA,1,2024-12-04 15:49:00-05:00,145.034001,2024-12-04 15:56:00-05:00,145.07098,137,19865.684999999998,13.014999999999844,0.9590000000000001,7.948876999999527,4.107123000000318,0.00020674459501398104,FORCED_EOD,7,-2.730266150631029,-0.9891749859493326
59,NVDA,1,2024-12-05 13:28:00-05:00,144.78085038,2024-12-05 14:08:00-05:00,144.676059,138,19975.7622,-6.472199999999134,0.966,7.989010440000129,-15.427210439999264,-0.0007722964603573056,TAKE_PROFIT,40,-2.5406149884048563,0.18880875179472736
60,NVDA,-1,2024-12-06 14:33:00-05:00,142.561482,2024-12-06 14:45:00-05:00,142.473489,140,19962.600000000002,20.300000000001432,0.98,7.980979999999818,11.339020000001614,0.0005680131846553863,TAKE_PROFIT,12,1.9434869949863542,-0.30118956040642764
61,NVDA,1,2024-12-09 13:57:00-05:00,139.147824,2024-12-09 14:51:00-05:00,138.08892541099618,143,19894.16,-143.49353293413404,1.0010000000000001,7.9289652934138815,-152.42349822754792,-0.007661720737520354,STOP_LOSS,54,-2.7913377903334364,-1.7252505481799258
62,NVDA,1,2024-12-10 14:40:00-05:00,135.217038,2024-12-10 14:45:00-05:00,135.60377382,147,19872.93,64.81229999999988,1.029,7.962134460002204,55.82116553999768,0.0028089046527108824,TAKE_PROFIT,5,-2.6626767492554126,0.17633579963758217
63,NVDA,1,2024-12-10 14:58:00-05:00,135.02049870000002,2024-12-10 15:05:00-05:00,133.99300857151607,148,19979.038,-144.10574496461822,1.036,7.962794051005972,-153.1045390156242,-0.007663258812342426,STOP_LOSS,7,-2.116579060900076,-3.0835239593179673
64,NVDA,1,2024-12-11 15:54:00-05:00,139.26784800000001,2024-12-11 15:56:00-05:00,139.31213200000002,143,19911.32,14.299999999999187,1.0010000000000001,7.967387999998522,5.331612000000666,0.0002677678827923345,FORCED_EOD,2,-2.1520905115052686,-0.9314545425971783
65,NVDA,-1,2024-12-16 13:08:00-05:00,131.89201631999998,2024-12-16 13:20:00-05:00,131.561307,151,19919.678399999997,57.89339999999919,1.057,7.956292680001809,48.88010731999738,0.0024538602651334664,TAKE_PROFIT,12,2.718076146591737,-0.19340124804240616
66,NVDA,-1,2024-12-16 14:36:00-05:00,132.22355,2024-12-16 14:56:00-05:00,131.91637799999998,151,19969.75,54.36000000000206,1.057,7.977028000000786,45.32597200000127,0.0022697315689981733,TAKE_PROFIT,20,2.439670235010962,-0.19518518260819526
67,NVDA,-1,2024-12-17 11:42:00-05:00,130.19395600000001,2024-12-17 12:29:00-05:00,131.18548879205224,153,19923.66,-143.70631192160863,1.071,7.99820526238193,-152.77551718399056,-0.007668044786148256,STOP_LOSS,47,2.89765279599757,2.2259187674970122
68,NVDA,1,2024-12-18 14:11:00-05:00,133.966788,2024-12-18 14:48:00-05:00,132.94731648611867,149,19957.06,-143.94722101251986,1.043,7.954034555800121,-152.94425556832,-0.007663666670758117,STOP_LOSS,37,-2.7249806480009418,-1.7209803319878543
69,NVDA,-1,2024-12-19 14:01:00-05:00,132.70525364,2024-12-19 14:23:00-05:00,132.206436,150,19909.77,82.76999999999788,1.05,7.947353999998086,73.7726459999998,0.0037053489819319756,TAKE_PROFIT,22,2.5484107331183945,0.11026280790202868
70,NVDA,1,2024-12-19 15:38:00-05:00,131.11611797999998,2024-12-19 15:42:00-05:00,131.558683,152,19925.6648,75.2552000000012,1.064,7.985316959998499,66.2058830400027,0.0033226436209045688,TAKE_PROFIT,4,-1.516249132970621,0.1781033547152253
71,NVDA,1,2024-12-20 13:18:00-05:00,133.736742,2024-12-20 13:54:00-05:00,134.028189,149,19922.79,51.40499999999983,1.043,7.979396999999068,42.38260300000076,0.002127342756712326,TAKE_PROFIT,36,-2.658067102851876,0.6806914128201527
72,NVDA,-1,2024-12-23 13:04:00-05:00,138.46230200000002,2024-12-23 14:09:00-05:00,139.51680496706587,144,19942.56,-143.84263473053625,1.008,8.005792526945243,-152.8564272574815,-0.007664834768328715,STOP_LOSS,65,1.6624404597873672,2.5149974841640654
73,NVDA,1,2024-12-24 11:53:00-05:00,140.7976539,2024-12-24 12:26:00-05:00,140.91371162000002,142,19989.269,24.480800000001466,0.994,8.000603759999365,15.486196240002101,0.0007747254909622809,TAKE_PROFIT,33,-2.7842012997519467,-0.10197482922316484
74,NVDA,1,2024-12-26 15:39:00-05:00,140.01789798000001,2024-12-26 15:42:00-05:00,140.176959,142,19878.5658,30.544200000000956,0.994,7.957535160001555,21.5926648399994,0.0010862285064850805,TAKE_PROFIT,3,-2.826214115378609,0.29569085680826807
75,NVDA,-1,2024-12-27 11:31:00-05:00,136.71255202,2024-12-27 12:00:00-05:00,136.057206,146,19964.025400000002,103.64540000000068,1.022,7.964881080001248,94.65851891999942,0.004741454542529254,TAKE_PROFIT,29,2.930896736686519,0.19211923505472928
76,NVDA,1,2024-12-30 13:55:00-05:00,139.437882,2024-12-30 14:22:00-05:00,139.042186,143,19935.63,-48.62000000000049,1.0010000000000001,7.964528000001678,-57.585528000002164,-0.0028885732730795145,TAKE_PROFIT,27,-2.713038231464579,0.09335887628162355
77,NVDA,1,2025-01-03 11:34:00-05:00,143.45908608,2025-01-03 12:15:00-05:00,143.701254,139,19936.8256,41.644399999999735,0.973,7.983059119997762,32.688340880001974,0.001639596068894838,TAKE_PROFIT,41,-2.7847849269186793,-0.2199214935734499
78,NVDA,-1,2025-01-03 12:46:00-05:00,144.1291684,2025-01-03 13:18:00-05:00,144.218838,138,19893.803999999996,-4.416000000001475,0.966,7.958404799999585,-13.34040480000106,-0.0006705808904119626,TAKE_PROFIT,32,3.151718179759775,-0.7995345997087631
79,NVDA,-1,2025-01-03 15:47:00-05:00,144.536087,2025-01-03 15:56:00-05:00,144.358866,138,19949.97,32.42999999999796,0.966,7.973501999997552,23.490498000000407,0.001177470342060685,FORCED_EOD,9,2.772457391395754,0.44933753379359015
80,NVDA,1,2025-01-06 14:13:00-05:00,150.095013,2025-01-06 14:42:00-05:00,150.299934,133,19958.645,35.245000000001966,0.931,7.990507000000235,26.323493000001733,0.0013189018092160931,TAKE_PROFIT,29,-2.795719113004524,0.297632983791397
81,NVDA,1,2025-01-06 15:38:00-05:00,150.29005199999997,2025-01-06 15:47:00-05:00,149.14636236526945,133,19984.579999999998,-144.14571856287333,0.931,7.965002856285935,-153.04172141915927,-0.007657990381542134,STOP_LOSS,9,-2.7271520620456076,-3.7956978115688766
82,NVDA,1,2025-01-07 14:14:00-05:00,142.148424,2025-01-07 14:41:00-05:00,141.0666911976048,140,19896.8,-143.51257485029976,0.98,7.9300174850294525,-152.4225923353292,-0.007660658615221001,STOP_LOSS,27,-2.3224863007184964,-1.0883864535251866
83,NVDA,-1,2025-01-10 15:16:00-05:00,135.86272202,2025-01-10 15:53:00-05:00,135.75714599999998,147,19975.815300000002,23.50530000000319,1.029,7.985625059998881,14.490674940004308,0.0007254109392973966,TAKE_PROFIT,37,2.075154084817216,0.011900444630698271
84,NVDA,-1,2025-01-15 10:57:00-05:00,135.162962,2025-01-15 12:03:00-05:00,133.94688402,147,19872.93,186.67530000000102,1.029,7.911836940001848,177.73446305999917,0.00894354597233519,TAKE_PROFIT,66,2.68837591644421,0.19994040393986345
85,NVDA,1,2025-01-16 13:16:00-05:00,134.841963,2025-01-16 13:42:00-05:00,134.083178,148,19952.62,-104.33999999999764,1.036,7.960180000000719,-113.33617999999836,-0.005680265549085703,TAKE_PROFIT,26,-2.1705796515696263,0.19981307831948827
86,NVDA,-1,2025-01-22 13:47:00-05:00,147.350524,2025-01-22 14:55:00-05:00,147.54770364,135,19896.3,-18.657000000001602,0.9450000000000001,7.962251399998621,-27.564251400000224,-0.0013853958474691387,TAKE_PROFIT,68,2.651031289866529,0.6487328647851232
87,NVDA,1,2025-01-27 11:31:00-05:00,119.17383000000001,2025-01-27 11:34:00-05:00,118.26693115813828,167,19898.05,-143.52159090909169,1.169,7.930515681817624,-152.62110659090933,-0.007670153939250798,STOP_LOSS,3,-2.9943048838194724,-3.1745601763817564
88,NVDA,-1,2025-01-28 13:57:00-05:00,126.5551839,2025-01-28 14:30:00-05:00,126.79535399999999,158,19999.719,-29.940999999999264,1.106,8.005875799998535,-39.0528757999978,-0.0019526712250306016,TAKE_PROFIT,33,2.4824346999320097,-0.13704193996847322
89,NVDA,-1,2025-01-28 15:45:00-05:00,127.699455,2025-01-28 15:56:00-05:00,128.405676,156,19925.1,-102.18000000000018,1.092,7.990475999999717,-111.2624759999999,-0.0055840360148757045,FORCED_EOD,11,2.417760373345438,1.544880585154088
90,NVDA,-1,2025-01-31 13:36:00-05:00,124.02019100000001,2025-01-31 14:32:00-05:00,122.78975304,161,19971.245,206.04780000000142,1.127,7.947288439998587,196.9735115600028,0.009862855899069028,TAKE_PROFIT,56,2.546681234343027,0.10588042750408194
91,NVDA,1,2025-02-04 15:54:00-05:00,118.48369199999999,2025-02-04 15:56:00-05:00,118.58627800000001,168,19901.28,25.200000000000955,1.176,7.965551999998183,16.058448000002773,0.0008069052844843535,FORCED_EOD,2,-2.8937539035547677,-2.0435028600801437
92,NVDA,1,2025-02-05 13:30:00-05:00,123.25464600000001,2025-02-05 13:53:00-05:00,122.31669262792597,162,19963.260000000002,-143.9919406641269,1.1340000000000001,7.956505611866618,-153.0824462759935,-0.007668208813389871,STOP_LOSS,23,-2.1529582216377356,-1.5867419153475688
93,NVDA,-1,2025-02-06 10:41:00-05:00,126.544686,2025-02-06 11:17:00-05:00,126.805356,158,19998.059999999998,-33.18000000000126,1.106,8.005859999999473,-42.29186000000073,-0.0021147981354191726,TAKE_PROFIT,36,2.436078705422301,-0.0531403927065052
94,NVDA,-1,2025-02-06 11:43:00-05:00,127.004594,2025-02-06 11:53:00-05:00,127.97183720821991,157,19943.71,-143.8509295046259,1.099,8.006254185900332,-152.95618369052622,-0.007669394695897916,STOP_LOSS,10,2.3102961064127814,2.637805226155466
95,NVDA,-1,2025-02-06 14:38:00-05:00,127.404514,2025-02-06 15:25:00-05:00,128.055606,156,19879.08,-93.59999999999911,1.092,7.970352000001753,-102.66235200000087,-0.005164341206937185,TAKE_PROFIT,47,2.725767914359696,-0.4594894521443349
96,NVDA,1,2025-02-06 15:49:00-05:00,128.22063899999998,2025-02-06 15:56:00-05:00,128.57927899999999,155,19870.225,63.54999999999947,1.085,7.960799999998187,54.50420000000128,0.0027430086976871822,FORCED_EOD,7,-2.8335813095787534,-2.1656097104393113
97,NVDA,1,2025-02-10 11:48:00-05:00,133.26084683999997,2025-02-10 12:06:00-05:00,133.533288,150,19985.129999999997,48.87000000000228,1.05,8.003825999998071,39.81617400000421,0.001992289967591115,TAKE_PROFIT,18,-2.338858996144271,-0.1297029317802267
98,NVDA,1,2025-02-12 14:08:00-05:00,130.48499178,2025-02-12 14:21:00-05:00,130.70385399999998,153,19960.2117,41.478299999998455,1.071,7.992380340001972,32.414919659996485,0.001623976746699359,TAKE_PROFIT,13,-2.573075496425492,0.30763519416029766
99,NVDA,1,2025-02-18 10:37:00-05:00,139.9989942,2025-02-18 11:14:00-05:00,140.98169801999998,142,19875.882,147.52379999999772,0.994,7.9798575600000845,138.54994243999764,0.0069707569425094,TAKE_PROFIT,37,-2.82503570842916,0.58341634340003
100,NVDA,1,2025-02-18 15:38:00-05:00,138.96778799999998,2025-02-18 15:51:00-05:00,137.91025946379966,143,19868.42,-143.3078742514973,1.0010000000000001,7.918706425148855,-152.22758067664617,-0.007661785923422506,STOP_LOSS,13,-3.0363210150150888,-3.13369204091377
101,NVDA,-1,2025-02-19 10:33:00-05:00,139.976999,2025-02-19 11:12:00-05:00,140.083011,142,19880.71,-7.100000000001614,0.994,7.9537039999973445,-16.04770399999896,-0.0008071997428662739,TAKE_PROFIT,39,2.8038887253264164,-0.483380219615572
102,NVDA,-1,2025-02-21 12:07:00-05:00,139.64706500000003,2025-02-21 12:36:00-05:00,138.53780202,143,19973.525,166.58070000000245,1.0010000000000001,7.956093859996798,157.62360614000565,0.007891626848040375,TAKE_PROFIT,29,2.6757174268883803,-0.07621336503506485
103,NVDA,1,2025-02-24 14:12:00-05:00,133.56670799999998,2025-02-24 14:50:00-05:00,132.55028104790418,149,19897.46,-143.51733532934273,1.043,7.9302805329312775,-152.490615862274,-0.00766382321473565,STOP_LOSS,38,-2.6993450561672305,-1.04185415837022
104,NVDA,-1,2025-02-26 12:37:00-05:00,132.43350800000002,2025-02-26 13:38:00-05:00,130.41607799999997,151,20001.460000000003,312.57000000000323,1.057,7.938069999996145,303.57493000000704,0.015177638532387485,TAKE_PROFIT,61,2.443213451701597,0.07244292569611993
105,NVDA,-1,2025-03-04 12:54:00-05:00,115.76564223999999,2025-03-04 13:09:00-05:00,116.408277,172,19915.6736,-102.54640000000177,1.204,7.9867787199994495,-111.73717872000121,-0.005610514661176272,TAKE_PROFIT,15,1.3313239031347945,-0.8163790657766737
106,NVDA,-1,2025-03-04 15:53:00-05:00,115.146966,2025-03-04 15:54:00-05:00,116.02390373353292,173,19924.41,-143.71172155688413,1.211,7.998506344309732,-152.92122790119387,-0.007675069319552944,STOP_LOSS,1,2.8664394825163444,2.229000178108681
107,NVDA,1,2025-03-05 14:08:00-05:00,117.62351999999998,2025-03-05 14:38:00-05:00,116.72841883505716,170,19992.0,-144.19923788786164,1.19,7.96796015241938,-153.35719804028102,-0.00767092827332338,STOP_LOSS,30,-2.9917955554930957,-0.6659785047516215
108,NVDA,-1,2025-03-05 15:52:00-05:00,117.556484,2025-03-05 15:56:00-05:00,117.69543438,170,19988.6,-15.622999999999223,1.19,7.998564600000293,-24.811564599999517,-0.0012412857628848204,FORCED_EOD,4,2.280848802644012,-0.1702909512966609
109,NVDA,1,2025-03-06 10:09:00-05:00,114.78295200000001,2025-03-06 10:56:00-05:00,113.90946722373435,174,19968.24,-144.02786064235116,1.218,7.958490427872931,-153.20435107022408,-0.00767240132681819,STOP_LOSS,47,-2.3958358492711325,-0.2843439327043653
110,NVDA,-1,2025-03-07 14:53:00-05:00,111.76764200000001,2025-03-07 15:08:00-05:00,112.6188434346761,178,19898.620000000003,-143.52570223189878,1.246,7.9881531404443535,-152.75985537234314,-0.007676907010252124,STOP_LOSS,15,2.427939693163991,1.6162445604347973
111,NVDA,-1,2025-03-12 12:41:00-04:00,115.98679800000001,2025-03-12 13:12:00-04:00,115.76314799999999,172,19953.72,46.44000000000176,1.204,7.9721999999982245,37.263800000003535,0.0018675114214293641,TAKE_PROFIT,31,2.4832538993765354,-0.12145833395706701
112,NVDA,1,2025-03-14 14:42:00-04:00,120.58401198,2025-03-14 15:10:00-04:00,120.89591598000001,165,19892.3835,59.433000000001,1.155,7.96883999999892,50.30916000000208,0.0025290664640565614,TAKE_PROFIT,28,-2.674250472322157,-0.49754583642246275
113,NVDA,-1,2025-03-14 15:41:00-04:00,120.85592398,2025-03-14 15:55:00-04:00,121.7763400685928,165,19945.2165,-143.86179565868133,1.155,8.00685895913098,-153.02365461781233,-0.007672198224462108,STOP_LOSS,14,2.7753581127343927,1.8867877200856566
114,NVDA,1,2025-03-17 15:36:00-04:00,120.204036,2025-03-17 15:55:00-04:00,119.971001,166,19949.88,-30.710000000000377,1.162,7.973809999999787,-39.845810000000164,-0.0019972957230820518,TAKE_PROFIT,19,-2.351487216325124,1.7672031063387506
115,NVDA,-1,2025-03-19 12:13:00-04:00,117.80533422,2025-03-19 12:20:00-04:00,117.408477,169,19913.0841,75.01909999999988,1.183,7.9502298199996915,65.88587018000018,0.003308672320627631,TAKE_PROFIT,7,2.5868325608440514,0.5840667278153683
116,NVDA,1,2025-03-19 14:46:00-04:00,119.10881699999999,2025-03-19 15:29:00-04:00,118.20241289942841,167,19887.195,-143.4432954545455,1.169,7.92618934090801,-152.53848479545354,-0.007670186006395248,STOP_LOSS,43,-2.4381469502706823,-1.8690036349415782
117,NVDA,-1,2025-03-21 11:43:00-04:00,116.31663202,2025-03-21 12:10:00-04:00,116.92338000000001,171,19894.1229,-95.77710000000096,1.197,7.976804580000518,-104.95090458000148,-0.00527547281715051,TAKE_PROFIT,27,2.4960692811493987,-0.05451283996108133
118,NVDA,1,2025-03-24 13:20:00-04:00,121.44928499999999,2025-03-24 13:36:00-04:00,121.785638,164,19913.7,63.14000000000084,1.1480000000000001,7.9781079999980875,54.01389200000275,0.00271239859995896,TAKE_PROFIT,16,-2.93897795467638,0.19077603034444895
119,NVDA,1,2025-03-24 15:38:00-04:00,121.549305,2025-03-24 15:56:00-04:00,121.580679,164,19930.100000000002,13.11999999999972,1.1480000000000001,7.974663999999791,3.9973359999999296,0.00020056778440649716,FORCED_EOD,18,-2.683881979336066,-3.020008273966082
120,NVDA,-1,2025-03-25 15:37:00-04:00,121.040787,2025-03-25 15:41:00-04:00,121.02920099999999,165,19975.725,9.900000000000375,1.155,7.988309999999004,0.7566900000013721,3.7880477429548725e-05,TAKE_PROFIT,4,0.9405314465679173,-1.7769914774209155
121,NVDA,1,2025-03-26 11:59:00-04:00,114.13282199999999,2025-03-26 12:39:00-04:00,114.132169,175,19969.25,7.875000000000298,1.225,7.989274999997775,-1.3392749999974765,-6.706686530528069e-05,TAKE_PROFIT,40,-2.571417257401141,0.7891063737149898
122,NVDA,1,2025-03-26 13:41:00-04:00,113.0115978,2025-03-26 13:55:00-04:00,113.187358,176,19886.064000000002,38.89599999999814,1.232,7.96220479999829,29.70179519999985,0.0014935984918885833,TAKE_PROFIT,14,-2.636688410806942,-0.601687165811094
123,NVDA,1,2025-03-27 12:08:00-04:00,112.32245999999999,2025-03-27 12:36:00-04:00,112.4775,178,19989.399999999998,35.600000000000506,1.246,8.002879999998044,26.35112000000246,0.0013182546749778614,TAKE_PROFIT,28,-2.337339201580561,-0.13953315295164184
124,NVDA,1,2025-03-28 15:51:00-04:00,109.491894,2025-03-28 15:56:00-04:00,109.70305499999999,182,19923.54,46.40999999999917,1.274,7.978698000001003,37.15730199999817,0.0018649949757923625,FORCED_EOD,5,-1.972853080882252,-2.05298077936733
125,NVDA,-1,2025-03-31 12:42:00-04:00,105.998796,2025-03-31 13:00:00-04:00,105.40107599999999,188,19931.76,120.3200000000001,1.316,7.948639999998306,111.0553600000018,0.005571778909639781,TAKE_PROFIT,18,2.2808258056340023,-0.2219302944980536
126,NVDA,-1,2025-04-01 11:20:00-04:00,109.03318900000001,2025-04-01 12:20:00-04:00,109.86356535261295,183,19957.065000000002,-143.94725707675394,1.281,8.011615451414883,-153.23987252816883,-0.007678477397762087,STOP_LOSS,60,2.4464874028935943,1.9598179979773038
127,NVDA,1,2025-04-01 14:04:00-04:00,108.191634,2025-04-01 14:41:00-04:00,107.988398,184,19903.28,-29.439999999999372,1.288,7.955423999998743,-38.68342399999811,-0.0019435703059997203,TAKE_PROFIT,37,-2.7632142981507046,0.15009608247571582
128,NVDA,-1,2025-04-02 11:23:00-04:00,109.77804,2025-04-02 12:05:00-04:00,109.84196399999999,182,19983.6,-3.639999999999276,1.274,7.9941679999981545,-12.908167999997431,-0.0006459380692166293,TAKE_PROFIT,42,2.366970727177047,-0.30817611940833106
129,NVDA,1,2025-04-03 10:52:00-04:00,102.73954379999999,2025-04-03 11:32:00-04:00,103.39431700000002,194,19927.485999999997,135.02400000000236,1.358,7.99799919999802,125.66800080000434,0.006306264663791727,TAKE_PROFIT,40,-2.544142821452816,0.22313369668285543
130,NVDA,1,2025-04-07 14:31:00-04:00,97.629522,2025-04-07 14:37:00-04:00,98.650266,204,19912.44,216.24000000000046,1.428,8.008223999998904,206.80377600000156,0.010385657207253434,TAKE_PROFIT,6,-2.7114860381899146,-0.9902705849337846
131,NVDA,1,2025-04-09 13:30:00-04:00,106.491294,2025-04-09 14:12:00-04:00,111.002795,187,19909.89,851.7850000000012,1.309,8.134312999999452,842.3416870000018,0.042307701700009484,TAKE_PROFIT,42,-2.1641100476137964,0.036494896770147923
132,NVDA,1,2025-04-11 13:46:00-04:00,110.382072,2025-04-11 13:53:00-04:00,111.01779200000001,181,19975.16,123.08000000000123,1.2670000000000001,8.014679999997526,113.79832000000371,0.005696991663646435,TAKE_PROFIT,7,-2.813161153076056,-0.04074378182763811
133,NVDA,1,2025-04-14 10:52:00-04:00,112.56590868,2025-04-14 11:06:00-04:00,112.07758,177,19920.181800000002,-78.48180000000197,1.239,7.9523763599996755,-87.67317636000165,-0.004401223705699395,TAKE_PROFIT,14,-2.9659622018343077,0.9582057180751604
134,NVDA,-1,2025-04-14 15:52:00-04:00,111.22775,2025-04-14 15:56:00-04:00,110.90227602,179,19913.75,66.21210000000022,1.2530000000000001,7.952257580000548,57.00684241999967,0.002862687460674141,FORCED_EOD,4,1.600614673860046,2.156973664311626
135,NVDA,1,2025-04-15 13:32:00-04:00,112.13242199999999,2025-04-15 13:50:00-04:00,112.51249299999999,178,19955.579999999998,75.6499999999995,1.246,7.9973619999993275,66.40663800000017,0.0033277227722772365,TAKE_PROFIT,18,-2.1544138055382613,1.3356615765907247
136,NVDA,-1,2025-04-16 13:35:00-04:00,103.284339,2025-04-16 14:16:00-04:00,102.10541699999999,193,19937.865,235.46000000000254,1.351,7.928053999999776,226.18094600000276,0.01134429117661308,TAKE_PROFIT,41,2.982989579557457,-0.20385520093401494
137,NVDA,1,2025-04-21 15:24:00-04:00,95.689134,2025-04-21 15:56:00-04:00,96.84502712000001,209,19995.03,249.62960000000035,1.463,8.047937919997011,240.11866208000333,0.012008917319954175,FORCED_EOD,32,-2.8908218853189065,-1.292646160665302
138,NVDA,1,2025-04-22 12:02:00-04:00,99.279852,2025-04-22 13:08:00-04:00,99.165163,201,19951.260000000002,-15.075000000000571,1.407,7.9774889999991245,-24.459488999999696,-0.0012259621196856587,TAKE_PROFIT,66,-2.5498398360340437,-0.5310236063707751
139,NVDA,-1,2025-04-22 13:19:00-04:00,98.650266,2025-04-22 14:06:00-04:00,98.249646,202,19931.34,88.87999999999954,1.414,7.954759999998828,79.51124000000071,0.003989257119691938,TAKE_PROFIT,47,2.928895451169344,-0.5602493452379933
140,NVDA,1,2025-04-22 15:47:00-04:00,98.16402888,2025-04-22 15:54:00-04:00,98.290338,203,19923.3132,33.61679999999954,1.421,7.976048639999149,24.219751360000394,0.0012156487787382871,TAKE_PROFIT,7,-2.5059564558918184,-1.043465976596999
141,NVDA,-1,2025-04-23 11:14:00-04:00,104.18915799999999,2025-04-23 13:08:00-04:00,104.20083600000001,191,19904.11,5.729999999997503,1.337,7.960498000000868,-3.567498000003365,-0.00017923423855692943,TAKE_PROFIT,114,2.7935678049432413,-0.32900618699805967
142,NVDA,1,2025-04-23 15:33:00-04:00,102.5205,2025-04-23 15:56:00-04:00,102.809434,195,19987.5,64.34999999999967,1.365,8.007870000000139,54.977129999999526,0.0027505756097560737,FORCED_EOD,23,-2.8629002289167147,-1.2211657284133473
143,NVDA,-1,2025-04-25 11:39:00-04:00,108.868222,2025-04-25 12:04:00-04:00,108.81995964,183,19926.87,16.799400000001157,1.281,7.9673881199993986,7.551011880001758,0.00037893617412076047,TAKE_PROFIT,25,2.771365971042253,-0.33384623455589246
144,NVDA,-1,2025-04-28 15:21:00-04:00,108.10357496,2025-04-28 15:45:00-04:00,108.291654,185,20003.162,-26.787999999998036,1.295,8.006622400000296,-36.08962239999833,-0.0018041958766318211,TAKE_PROFIT,24,2.181517054271719,-0.1863883676088328
145,NVDA,1,2025-04-30 15:53:00-04:00,108.456687,2025-04-30 15:56:00-04:00,108.618272,184,19952.04,37.719999999999686,1.288,7.988359999999261,28.44364000000043,0.0014256005902153579,FORCED_EOD,3,-3.06489380486925,-2.5611262132616566
146,NVDA,-1,2025-05-02 15:51:00-04:00,114.217152,2025-05-02 15:53:00-04:00,114.202836,175,19992.0,10.499999999997911,1.225,7.994699999999,1.2802999999989115,6.404061624644415e-05,TAKE_PROFIT,2,1.0926092742152247,-0.4729625963129442
147,NVDA,1,2025-05-05 10:03:00-04:00,113.952786,2025-05-05 10:13:00-04:00,113.08561868943931,175,19937.75,-143.80794093630874,1.225,7.9463384118117375,-152.97927934812049,-0.007672845699646173,STOP_LOSS,10,-2.8066740906411147,-1.7092088165755013
148,NVDA,-1,2025-05-05 15:02:00-04:00,114.197156,2025-05-05 15:56:00-04:00,113.96278799999999,175,19988.5,49.0000000000002,1.225,7.985599999997106,39.78940000000309,0.001990614603397108,FORCED_EOD,54,1.907388212349588,1.776976526100142
149,NVDA,-1,2025-05-06 12:27:00-04:00,113.037388,2025-05-06 13:17:00-04:00,113.06190785999999,176,19898.56,3.6432000000008884,1.232,7.958695359998046,-5.547495359997158,-0.0002787887847159371,TAKE_PROFIT,50,3.103584607824664,0.4774386711011601
150,NVDA,-1,2025-05-06 13:45:00-04:00,112.767442,2025-05-06 14:19:00-04:00,113.6262577242787,177,19963.83,-143.99605198693337,1.239,8.014331210396378,-153.24938319732973,-0.007676351842173056,STOP_LOSS,34,2.933976159736066,1.6327607305047345
151,NVDA,-1,2025-05-07 10:54:00-04:00,113.307334,2025-05-07 11:53:00-04:00,114.1702614406641,176,19946.079999999998,-143.86802395209384,1.232,8.007205604789306,-153.10722955688314,-0.007676056125157583,STOP_LOSS,59,3.1914691284525296,1.9866226737498396
152,NVDA,1,2025-05-08 09:50:00-04:00,116.85836699999999,2025-05-08 09:58:00-04:00,117.521491,171,19978.785,121.41000000000136,1.197,8.015795999999568,112.19720400000179,0.005615817178071729,TAKE_PROFIT,8,-2.102620177122689,0.4573121803353878
153,NVDA,1,2025-05-09 10:23:00-04:00,116.833362,2025-05-09 10:28:00-04:00,115.94427384458356,171,19974.510000000002,-144.0730851932512,1.197,7.960989382958502,-153.2310745762097,-0.007671330839966021,STOP_LOSS,5,-2.7895162473011794,-3.0736004669613592
154,NVDA,1,2025-05-09 13:48:00-04:00,116.54330399999999,2025-05-09 13:59:00-04:00,116.78663800000001,171,19924.92,49.59000000000107,1.197,7.97988599999789,40.413114000003176,0.0020282698249229195,TAKE_PROFIT,11,-2.5998564057632354,0.9273455576093754
155,NVDA,1,2025-05-12 15:38:00-04:00,122.26444799999999,2025-05-12 15:51:00-04:00,122.84042699999999,163,19925.12,101.875,1.141,7.990422999999382,92.74357700000061,0.0046546056937173085,TAKE_PROFIT,13,-2.761107784408081,0.9419814414836656
156,NVDA,1,2025-05-13 14:03:00-04:00,130.13102099999998,2025-05-13 14:29:00-04:00,130.42291020000002,153,19906.065,52.632000000003444,1.071,7.972952399996927,43.58804760000652,0.0021896867914380125,TAKE_PROFIT,26,-2.5972146147875597,0.08774468222327352
157,NVDA,-1,2025-05-15 12:21:00-04:00,135.002994,2025-05-15 12:45:00-04:00,136.0311515250408,148,19984.44,-144.14470876428732,1.036,8.022604941750615,-153.20331370603793,-0.007666129934390854,STOP_LOSS,24,2.5310157480806876,2.0691651355974425
158,NVDA,1,2025-05-15 14:23:00-04:00,134.87817024,2025-05-15 14:29:00-04:00,135.292936,148,19957.977600000002,69.38239999999814,1.036,7.99706751999895,60.34933247999919,0.0030238200327471648,TAKE_PROFIT,6,-2.7922619428762205,0.16264868064039567
159,NVDA,1,2025-05-21 11:10:00-04:00,135.32706000000002,2025-05-21 11:42:00-04:00,136.15276400000002,147,19889.100000000002,129.35999999999933,1.029,7.981511999999071,120.34948800000026,0.006051027346637115,TAKE_PROFIT,32,-3.119314986387896,0.4767101301718087
160,NVDA,-1,2025-05-21 13:04:00-04:00,136.842626,2025-05-21 14:10:00-04:00,133.486692,146,19983.02,497.8599999999995,1.022,7.893636000000868,488.94436399999864,0.02446799152480449,TAKE_PROFIT,66,2.9147512602753634,0.3616778137301543
161,NVDA,1,2025-05-22 11:42:00-04:00,132.841563,2025-05-22 12:00:00-04:00,133.393316,150,19922.25,90.74999999999847,1.05,7.98704999999984,81.71294999999863,0.004101592440612814,TAKE_PROFIT,18,-2.352855371349737,0.8520087888096726
162,NVDA,1,2025-05-22 13:57:00-04:00,133.466688,2025-05-22 14:34:00-04:00,133.513292,149,19882.56,14.899999999999153,1.043,7.956003999998842,5.900996000000312,0.00029679256594725785,TAKE_PROFIT,37,-2.6761132203589426,0.32274415168426585
163,NVDA,1,2025-05-27 14:04:00-04:00,135.37696997999998,2025-05-27 14:47:00-04:00,135.257943,147,19896.435299999997,-9.540299999999178,1.029,7.956666059996792,-18.52596605999597,-0.0009311198604503778,TAKE_PROFIT,43,-3.109110041032835,0.2443662756639799
164,NVDA,-1,2025-05-27 14:57:00-04:00,135.31293200000002,2025-05-27 15:25:00-04:00,135.222039,147,19894.98,21.315000000001504,1.029,7.953728999998191,12.332271000003313,0.0006198684793854185,TAKE_PROFIT,28,2.8473824583757965,0.6130205407603555
165,NVDA,-1,2025-05-28 11:35:00-04:00,135.74704516,2025-05-28 12:37:00-04:00,136.01219700000001,147,19958.8074,-30.987600000000896,1.029,7.989720480001409,-40.0063204800023,-0.002004444437897742,TAKE_PROFIT,62,2.9831887313299372,-0.9669742487076833
166,NVDA,-1,2025-05-28 13:31:00-04:00,136.307733,2025-05-28 14:29:00-04:00,136.67232900000002,146,19904.91,-45.26000000000033,1.022,7.971016000000532,-54.25301600000086,-0.002725609711372765,TAKE_PROFIT,58,2.5254130886646187,-0.15678536157628473
167,NVDA,1,2025-05-28 15:38:00-04:00,136.212237,2025-05-28 15:50:00-04:00,135.17567788309745,146,19883.010000000002,-143.4131096897102,1.022,7.924521378060319,-152.35963106777052,-0.007662805132008207,STOP_LOSS,12,-2.557343021861944,-2.20661088608394
168,NVDA,1,2025-05-29 13:50:00-04:00,138.48629172,2025-05-29 14:11:00-04:00,139.21225198000002,144,19938.038399999998,112.53600000000324,1.008,7.9977225600000565,103.53027744000319,0.005192600965198422,TAKE_PROFIT,21,-2.7577845008365887,0.057505382944834794
169,NVDA,1,2025-05-29 15:34:00-04:00,138.68773199999998,2025-05-29 15:55:00-04:00,139.08217800000003,144,19967.04,64.80000000000246,1.008,7.999775999996018,55.792224000006435,0.002794216068080518,TAKE_PROFIT,21,-2.711534865906517,-0.2986005483499761
170,NVDA,1,2025-06-02 14:10:00-04:00,137.262447,2025-06-02 15:56:00-04:00,137.21755100000001,145,19899.075,1.4499999999986812,1.0150000000000001,7.959919999997851,-7.52491999999917,-0.00037815426093922304,FORCED_EOD,106,-2.6581974562540918,-1.8002686383864157
171,NVDA,1,2025-06-03 11:51:00-04:00,141.27824999999999,2025-06-03 14:17:00-04:00,140.516891,141,19916.25,-99.40500000000176,0.987,7.946618999998066,-108.33861899999982,-0.005439709734513265,TAKE_PROFIT,146,-2.3000068753778864,1.0421840573505863
172,NVDA,1,2025-06-04 12:58:00-04:00,140.463087,2025-06-04 13:41:00-04:00,140.806833,142,19941.77,56.80000000000081,0.994,7.988067999999373,47.817932000001434,0.002397878021860719,TAKE_PROFIT,43,-2.633023878767342,-0.08078138177933772
173,NVDA,1,2025-06-05 10:43:00-04:00,142.00839599999998,2025-06-05 11:45:00-04:00,143.80623300000002,140,19877.199999999997,259.70000000000255,0.98,8.002819999996404,250.71718000000612,0.012613304690801831,TAKE_PROFIT,62,-2.9780864859231984,0.578808879515748
174,NVDA,-1,2025-06-05 12:19:00-04:00,142.74144600000002,2025-06-05 13:16:00-04:00,141.758346,140,19987.800000000003,145.60000000000286,0.98,7.965999999997848,136.65400000000503,0.00683687049099976,TAKE_PROFIT,57,2.481490135756069,-0.08659029520072827
175,NVDA,-1,2025-06-06 11:22:00-04:00,141.681658,2025-06-06 11:40:00-04:00,141.768348,141,19981.11,-4.23000000000016,0.987,7.9932900000004565,-13.210290000000617,-0.0006611389457342768,TAKE_PROFIT,18,2.3397723779395685,0.16571543502670735
176,NVDA,-1,2025-06-06 15:22:00-04:00,142.011592,2025-06-06 15:47:00-04:00,141.88337099999998,140,19885.6,25.90000000000032,0.98,7.949059999996848,16.97094000000347,0.0008534286116588623,TAKE_PROFIT,25,3.014488970724136,-0.47986655543502843
177,NVDA,1,2025-06-09 15:40:00-04:00,142.52349900000002,2025-06-09 15:51:00-04:00,142.66246180000002,140,19949.3,27.439999999999714,0.98,7.9852079999994885,18.474792000000225,0.0009260872311309281,TAKE_PROFIT,11,-1.9082399975050897,0.1602809807588028
178,NVDA,1,2025-06-11 12:23:00-04:00,143.06860799999998,2025-06-11 13:02:00-04:00,143.441306,139,19882.559999999998,59.77000000000095,0.973,7.964977999999007,50.83202200000194,0.002556613534675713,TAKE_PROFIT,39,-2.073154149351661,-0.2899566380239895
179,NVDA,-1,2025-06-12 10:44:00-04:00,144.7965349,2025-06-12 11:27:00-04:00,144.31885799999998,138,19985.919,73.89900000000182,0.966,7.979587799997091,64.95341220000473,0.003249958743453565,TAKE_PROFIT,43,2.6077320329113585,0.17135536718519656
180,NVDA,1,2025-06-12 11:59:00-04:00,144.3003543,2025-06-12 12:55:00-04:00,144.201154,138,19909.467,-5.727000000001851,0.966,7.962641399999086,-14.655641400000938,-0.000736114201349586,TAKE_PROFIT,56,-3.100876685412697,0.9305114739850985
181,NVDA,-1,2025-06-13 12:45:00-04:00,143.22135,2025-06-13 13:09:00-04:00,142.99869402,139,19911.75,38.9060999999997,0.973,7.956918779997864,29.976181220001834,0.0015054518673648391,TAKE_PROFIT,24,3.0163345234051975,-0.5718537651696372
182,NVDA,1,2025-06-17 11:40:00-04:00,144.31885799999998,2025-06-17 11:50:00-04:00,144.596075,138,19912.02,46.2300000000011,0.966,7.974053999996158,37.28994600000494,0.0018727354633033182,TAKE_PROFIT,10,-2.136960859845146,0.2055016299264311
183,NVDA,-1,2025-06-18 09:49:00-04:00,144.31113200000001,2025-06-18 09:51:00-04:00,144.26884800000002,138,19918.920000000002,13.799999999999216,0.966,7.964807999999891,4.869191999999325,0.0002444506027434883,TAKE_PROFIT,2,1.76225177020306,0.5974314927427812
184,NVDA,-1,2025-06-18 11:42:00-04:00,145.27094000000002,2025-06-18 13:40:00-04:00,144.973989,137,19906.100000000002,48.63500000000249,0.9590000000000001,7.95271299999763,39.72328700000486,0.0019955333792156605,TAKE_PROFIT,118,2.4893026205105855,-0.2809674836726721
185,NVDA,1,2025-06-24 14:34:00-04:00,147.259446,2025-06-24 14:57:00-04:00,147.375519,135,19876.05,23.625000000001535,0.9450000000000001,7.955145000001522,14.724855000000012,0.0007408340691435176,TAKE_PROFIT,23,-2.448511196521047,0.6318904814964389
186,NVDA,-1,2025-06-27 11:25:00-04:00,157.913411,2025-06-27 12:08:00-04:00,158.051604,126,19901.07,-9.450000000002149,0.882,7.9623179999979925,-18.29431800000014,-0.0009192630346006592,TAKE_PROFIT,43,2.7120513702930937,-0.4538140268004479
187,NVDA,1,2025-06-27 14:44:00-04:00,155.73113999999998,2025-06-27 15:11:00-04:00,156.333727,128,19929.6,85.12000000000262,0.896,7.988863999999012,76.2351360000036,0.0038252215799616457,TAKE_PROFIT,27,-2.558114630425557,0.23400854124830742
188,NVDA,1,2025-06-30 14:35:00-04:00,157.23144,2025-06-30 14:57:00-04:00,157.66845999999998,127,19964.399999999998,63.5,0.889,7.998460000001302,54.612539999998695,0.002735496183206042,TAKE_PROFIT,22,-2.960720038577217,0.6686626822005522
189,NVDA,1,2025-07-01 10:25:00-04:00,155.226039,2025-07-01 10:33:00-04:00,154.0447870842406,128,19864.96,-143.28291780076324,0.896,7.9173274164386385,-152.09624521720187,-0.007656509009693544,STOP_LOSS,8,-2.458873817699083,-3.2823267080086462
190,NVDA,-1,2025-07-02 10:56:00-04:00,157.16855999999999,2025-07-02 11:17:00-04:00,156.76134599999997,127,19964.399999999998,59.689999999999856,0.889,7.973821999998535,50.82717800000132,0.0025458905852417967,TAKE_PROFIT,21,2.868641213602633,0.12185179604711767
191,NVDA,-1,2025-07-03 10:24:00-04:00,160.53618634,2025-07-03 10:47:00-04:00,159.95198399999998,124,19910.4692,80.38920000000076,0.868,7.948109839998438,71.57309016000232,0.0035947465346523487,TAKE_PROFIT,23,2.771749791593661,-0.39576072003046764
192,NVDA,1,2025-07-10 11:17:00-04:00,161.962386,2025-07-10 11:29:00-04:00,162.62736802,123,19917.39,89.77769999999833,0.861,7.9849115399987625,80.93178845999957,0.004063373185944522,TAKE_PROFIT,12,-1.8790632331805122,-0.23834974543723492
193,NVDA,1,2025-07-11 12:05:00-04:00,166.24334202,2025-07-11 12:31:00-04:00,166.601673,120,19945.212,50.987999999997555,0.84,7.988282399996933,42.15971760000062,0.0021137763589577597,TAKE_PROFIT,26,-2.291128878349388,0.08049237659705927
194,NVDA,-1,2025-07-16 11:16:00-04:00,170.47369844000002,2025-07-16 11:34:00-04:00,169.868967,117,19949.4126,78.71759999999944,0.8190000000000001,7.96402151999672,69.93457848000271,0.0035055958730335103,TAKE_PROFIT,18,2.560742848902014,-0.4568890071612053
195,NVDA,-1,2025-07-16 12:54:00-04:00,170.975798,2025-07-16 13:28:00-04:00,170.969187,116,19837.16,8.699999999998681,0.812,7.933123999999566,-0.04512400000088501,-2.274720776607388e-06,TAKE_PROFIT,34,2.7350535060119823,-0.043770886014926215
196,NVDA,-1,2025-07-16 15:42:00-04:00,171.305732,2025-07-16 15:56:00-04:00,171.444282,116,19875.44,-8.119999999999209,0.812,7.9517999999985705,-16.883799999997777,-0.0008494805649584501,FORCED_EOD,14,2.7533354445057925,1.9895600920468848
197,NVDA,-1,2025-07-17 12:27:00-04:00,173.980197,2025-07-17 12:33:00-04:00,173.48969100000002,114,19837.71,63.83999999999702,0.798,7.922315999999057,55.11968399999796,0.0027785305864435946,TAKE_PROFIT,6,2.9816871013058353,0.05958760057697995
198,NVDA,1,2025-07-17 13:53:00-04:00,173.219637,2025-07-17 14:34:00-04:00,173.355322,115,19916.275,23.57499999999817,0.805,7.971224999998725,14.798774999999445,0.0007430493403008065,TAKE_PROFIT,41,-2.846245308640526,0.2049946126647933
199,NVDA,-1,2025-07-17 14:48:00-04:00,173.620269,2025-07-17 15:08:00-04:00,173.439681,115,19970.325,28.75,0.805,7.982379999999978,19.962620000000022,0.00099961417753592,TAKE_PROFIT,20,2.939354243533178,-0.5085665689944565
200,NVDA,1,2025-07-18 10:18:00-04:00,172.30435398,2025-07-18 11:20:00-04:00,172.095574,116,19983.3084,-16.22840000000133,0.812,7.99007767999899,-25.03047768000032,-0.0012525692532473912,TAKE_PROFIT,62,-3.1490528810681506,0.11556537618240806
201,NVDA,1,2025-07-18 15:02:00-04:00,172.07440799999998,2025-07-18 15:22:00-04:00,172.18725566,116,19956.64,21.077200000000744,0.812,7.986871439997458,12.278328560003285,0.0006152502906302507,TAKE_PROFIT,20,-1.9937405920011968,-0.0562419154019696
202,NVDA,1,2025-07-21 12:24:00-04:00,171.64432200000002,2025-07-21 12:42:00-04:00,172.21555,116,19906.760000000002,74.23999999999842,0.812,7.977551999999491,65.45044799999893,0.00328785035837067,TAKE_PROFIT,18,-2.879989474790041,0.13629491553380707
203,NVDA,1,2025-07-21 15:49:00-04:00,171.67952903999998,2025-07-21 15:56:00-04:00,171.370719,116,19910.8432,-27.86319999999853,0.812,7.958764639997867,-36.63396463999639,-0.0018399002127642888,FORCED_EOD,7,-2.4507207232133372,-2.893150985885083
204,NVDA,1,2025-07-22 14:19:00-04:00,167.738541,2025-07-22 14:37:00-04:00,168.096374,119,19956.895,50.57499999999797,0.833,7.992872999998042,41.74912699999993,0.002091965057690584,TAKE_PROFIT,18,-1.9721601940038942,0.15117872321124906
205,NVDA,1,2025-07-22 15:48:00-04:00,167.638521,2025-07-22 15:56:00-04:00,167.1755582,119,19944.995,-47.123999999998404,0.833,7.968573199999867,-55.92557319999827,-0.0028039903344171443,FORCED_EOD,8,-2.253586077681579,-3.004038282625169
206,NVDA,1,2025-07-23 13:41:00-04:00,169.148823,2025-07-23 13:52:00-04:00,169.146164,118,19955.57,7.669999999999732,0.8260000000000001,7.983761999999047,-1.1397619999993154,-5.711498093010199e-05,TAKE_PROFIT,11,-2.312013432702044,0.07650153853207003
207,NVDA,-1,2025-07-24 12:14:00-04:00,172.84122484,2025-07-24 13:05:00-04:00,173.249643,115,19880.717,-39.00800000000061,0.805,7.960088399998995,-47.7730883999996,-0.002402986190085579,TAKE_PROFIT,51,2.39045057731242,-1.1955592222051674
208,NVDA,1,2025-07-25 12:15:00-04:00,174.37986899999999,2025-07-25 13:05:00-04:00,174.13556592,114,19875.329999999998,-19.904399999999782,0.798,7.946151119997978,-28.648551119997762,-0.0014414126014510333,TAKE_PROFIT,50,-2.804859805695282,-0.12127197344665147
209,NVDA,1,2025-07-30 13:37:00-04:00,178.975788,2025-07-30 13:52:00-04:00,178.94420399999998,111,19862.34,4.439999999999117,0.777,7.945824000000158,-4.282824000001042,-0.0002156253492791404,TAKE_PROFIT,15,-2.866639328909685,0.33880816133485064
210,NVDA,-1,2025-08-01 12:58:00-04:00,174.435106,2025-08-01 13:24:00-04:00,173.504694,114,19889.579999999998,114.0,0.798,7.9330320000011625,105.26896799999884,0.005292669226801112,TAKE_PROFIT,26,2.6802370195083234,0.343602716296633
211,NVDA,-1,2025-08-04 13:47:00-04:00,178.98919500000002,2025-08-04 14:35:00-04:00,179.340861,111,19871.775,-31.080000000000126,0.777,7.954925999996107,-39.811925999996234,-0.002003440860214864,TAKE_PROFIT,48,2.8985629163060276,-0.01499573746678466
212,NVDA,-1,2025-08-05 12:05:00-04:00,177.604472,2025-08-05 12:48:00-04:00,177.125418,112,19895.68,61.59999999999809,0.784,7.945951999999124,52.87004799999897,0.002657363206484974,TAKE_PROFIT,43,2.643194878885596,-0.25218363232321184
213,NVDA,-1,2025-08-06 15:26:00-04:00,179.654062,2025-08-06 15:56:00-04:00,179.43588,111,19945.59,32.18999999999912,0.777,7.971797999997676,23.44120200000144,0.0011752573877233735,FORCED_EOD,30,2.327998251148646,0.15053431818158505
214,NVDA,1,2025-08-07 15:25:00-04:00,179.455884,2025-08-07 15:56:00-04:00,180.218949,111,19915.62,92.68500000000088,0.777,7.98478499999959,83.92321500000129,0.004213939360160583,FORCED_EOD,31,-2.907664044081843,0.1504757718237793
215,NVDA,1,2025-08-08 12:36:00-04:00,182.621517,2025-08-08 13:36:00-04:00,182.093574,109,19901.765,-49.59500000000136,0.763,7.950787000001014,-58.308787000002376,-0.002929829942218812,TAKE_PROFIT,60,-3.0824507837308954,0.024436384289041414
216,NVDA,1,2025-08-11 15:31:00-04:00,182.121417,2025-08-11 15:41:00-04:00,182.52338802,109,19847.265,51.76409999999902,0.763,7.94925882000004,43.05184117999898,0.0021691573715571883,TAKE_PROFIT,10,-3.183349000619376,0.8356664752840518
217,NVDA,-1,2025-08-12 13:58:00-04:00,182.7689389,2025-08-12 14:53:00-04:00,182.966586,109,19925.7995,-13.570500000001289,0.763,7.97303389999999,-22.306533900001277,-0.0011194799937639277,TAKE_PROFIT,55,2.323883595917624,-0.3428711996030977
218,NVDA,1,2025-08-14 11:29:00-04:00,181.2287385,2025-08-14 11:47:00-04:00,181.73364600000002,110,19931.175,63.525000000001626,0.77,7.985174999998321,54.7698250000033,0.002747947624763884,TAKE_PROFIT,18,-2.8235616138308304,0.09227987000628704
219,NVDA,-1,2025-08-26 13:39:00-04:00,181.533686,2025-08-26 13:52:00-04:00,181.2582444,110,19972.7,38.279999999998324,0.77,7.981423999999038,29.528575999999283,0.001478446879991152,TAKE_PROFIT,13,2.821145580106624,0.17919467856413157
220,NVDA,1,2025-08-27 12:29:00-04:00,181.326258,2025-08-27 12:41:00-04:00,181.703652,110,19941.899999999998,49.500000000001876,0.77,7.986660000000825,40.74334000000105,0.002043102211925697,TAKE_PROFIT,12,-2.681152212436611,0.27702424155601835
221,NVDA,1,2025-08-27 15:18:00-04:00,181.17132701999998,2025-08-27 15:30:00-04:00,181.628667,110,19924.861,58.28899999999976,0.77,7.981602199996587,49.53739780000317,0.0024862104583817757,TAKE_PROFIT,12,-2.5605184873460303,-0.7347989863654235
222,NVDA,-1,2025-08-28 14:26:00-04:00,180.64736330000002,2025-08-28 15:09:00-04:00,180.84806238000002,110,19875.185,-14.12399999999991,0.77,7.952898799999275,-22.846898799999185,-0.0011495187994476118,TAKE_PROFIT,43,3.013303235644098,0.18547167074661075
223,NVDA,1,2025-08-29 13:07:00-04:00,173.889771,2025-08-29 13:44:00-04:00,173.880217,115,19993.324999999997,6.9000000000002615,0.805,7.998710000001239,-1.9037100000009772,-9.521727876683731e-05,TAKE_PROFIT,37,-2.39094631469556,0.5334426803696671
224,NVDA,-1,2025-09-09 14:15:00-04:00,168.40131300000002,2025-09-09 15:17:00-04:00,169.6838258692161,118,19875.33,-143.357715024495,0.8260000000000001,7.97880354300213,-152.16251856749713,-0.00765584866100322,STOP_LOSS,62,2.6282493713935664,1.9236442183336986
225,NVDA,1,2025-09-10 11:46:00-04:00,178.13562,2025-09-10 12:23:00-04:00,177.504492,112,19947.2,-62.720000000000255,0.784,7.966335999998591,-71.47033599999884,-0.0035829758562604696,TAKE_PROFIT,37,-2.0619535077223583,0.0960844502847086
226,NVDA,1,2025-09-11 13:47:00-04:00,176.775348,2025-09-11 14:07:00-04:00,177.104572,113,19971.620000000003,45.19999999999743,0.791,7.997687999999442,36.41131199999799,0.0018231526536153795,TAKE_PROFIT,20,-2.6722550674914167,0.43938647476764314
227,NVDA,1,2025-09-11 15:14:00-04:00,177.130419,2025-09-11 15:55:00-04:00,177.219549,112,19834.64,17.919999999999618,0.784,7.9374399999983325,9.198560000001287,0.0004637623874192467,TAKE_PROFIT,41,-2.7006472347958486,0.6506094066104461
228,NVDA,-1,2025-09-15 11:19:00-04:00,176.00989098,2025-09-15 11:42:00-04:00,177.35034935452094,113,19893.096299999997,-143.48586062874256,0.791,7.985935692124713,-152.26279632086727,-0.00765405214073524,STOP_LOSS,23,2.78887319657874,1.5380377575814972
229,NVDA,1,2025-09-16 12:00:00-04:00,175.350063,2025-09-16 12:51:00-04:00,175.169959,114,19985.91,-12.539999999998315,0.798,7.99185600000169,-21.329856000000007,-0.0010672446738727436,TAKE_PROFIT,51,-2.9672494902624105,-0.17203511787382447
230,NVDA,1,2025-09-17 14:16:00-04:00,169.223838,2025-09-17 15:01:00-04:00,169.91601,118,19964.42,89.67999999999893,0.8260000000000001,8.003703999999004,80.85029599999993,0.004049719250546719,TAKE_PROFIT,45,-2.323901546848172,0.8531598553028018
231,NVDA,-1,2025-09-23 13:43:00-04:00,177.66446,2025-09-23 14:27:00-04:00,177.99559200000002,112,19902.399999999998,-29.120000000002165,0.784,7.966784000000644,-37.87078400000281,-0.0019028249859314862,TAKE_PROFIT,44,2.3352491157432933,0.05234607319471735
232,NVDA,-1,2025-09-24 11:16:00-04:00,178.20965094,2025-09-24 11:23:00-04:00,178.37006688,112,19963.473599999998,-9.979200000000219,0.784,7.987385280000581,-18.7505852800008,-0.0009392446252440157,TAKE_PROFIT,7,2.2681184432241315,-0.25616579425069586
233,NVDA,-1,2025-09-24 12:02:00-04:00,176.284736,2025-09-24 12:28:00-04:00,176.445282,113,19924.16,-10.170000000000385,0.791,7.971697999997616,-18.932697999998002,-0.0009502382032666874,TAKE_PROFIT,26,2.831602572086392,-0.33960164924900843
234,NVDA,-1,2025-09-25 14:04:00-04:00,175.599873,2025-09-25 14:13:00-04:00,176.38737042,113,19846.754999999997,-81.03230000000184,0.791,7.954908459997483,-89.77820845999932,-0.0045235711560907225,TAKE_PROFIT,9,2.6730230991113695,-0.26409328429066065
235,NVDA,-1,2025-09-29 11:18:00-04:00,182.593474,2025-09-29 12:10:00-04:00,181.81635599999998,109,19906.67,92.64999999999938,0.763,7.944137999999214,83.94286200000016,0.00421682089470515,TAKE_PROFIT,52,2.946240685019406,-1.6643473683258199
236,NVDA,-1,2025-10-01 10:35:00-04:00,187.14256400000002,2025-10-01 11:19:00-04:00,186.892371,106,19841.08,34.45000000000181,0.742,7.9295419999992305,25.77845800000258,0.0012992467143926932,TAKE_PROFIT,44,3.0783187233029685,0.07381781083408236
237,NVDA,1,2025-10-01 15:31:00-04:00,187.212435,2025-10-01 15:54:00-04:00,187.26254,106,19840.550000000003,13.25,0.742,7.938869999999781,4.569130000000218,0.00023029250701216535,TAKE_PROFIT,23,-2.993300623332103,0.574484531843854
238,NVDA,1,2025-10-02 14:01:00-04:00,188.872767,2025-10-02 14:11:00-04:00,189.08027638000002,105,19827.675,29.725499999998988,0.735,7.93701509999849,21.053484900000498,0.001061823178965789,TAKE_PROFIT,10,-2.4941693463388805,0.4158870958744816
239,NVDA,1,2025-10-03 12:43:00-04:00,187.897572,2025-10-03 13:45:00-04:00,186.4676935574306,106,19913.16,-143.6305770277632,0.742,7.936537884592099,-152.30911491235528,-0.00764866625449478,STOP_LOSS,62,-2.607015383076816,-2.4081155027629935
240,NVDA,1,2025-10-09 14:30:00-04:00,192.578508,2025-10-09 15:05:00-04:00,192.75764076000002,103,19831.62,26.388600000000707,0.721,7.937925719999072,17.729674280001635,0.0008940103874520405,TAKE_PROFIT,35,-2.790647877045504,0.32347209381652
241,NVDA,1,2025-10-10 11:06:00-04:00,192.518496,2025-10-10 11:17:00-04:00,191.05345286880782,103,19825.44,-142.99786608601016,0.721,7.901576426783862,-151.62044251279403,-0.0076477718785960885,STOP_LOSS,11,-2.1310022815224445,-2.7510486208034095
242,NVDA,1,2025-10-13 14:05:00-04:00,188.26764599999998,2025-10-13 14:58:00-04:00,187.467499,106,19952.379999999997,-76.8499999999994,0.742,7.965581999998619,-85.55758199999802,-0.004288089040004151,TAKE_PROFIT,53,-2.607593391196123,0.3248061232867382
243,NVDA,-1,2025-10-16 11:34:00-04:00,182.37551760000002,2025-10-16 12:59:00-04:00,181.40557386,109,19882.908,113.65429999999961,0.763,7.930432339997509,104.9608676600021,0.005278949520864961,TAKE_PROFIT,85,2.630261618537587,-0.5226340355638637
244,NVDA,-1,2025-10-16 13:28:00-04:00,182.16356,2025-10-16 14:44:00-04:00,181.01619599999998,109,19859.8,132.97999999999988,0.763,7.917323999998757,124.29967600000111,0.006258858397365588,TAKE_PROFIT,76,2.6249289747241074,0.12961616669873663
245,NVDA,1,2025-10-17 15:37:00-04:00,183.291651,2025-10-17 15:56:00-04:00,183.08337600000002,109,19974.795,-14.714999999999009,0.763,7.9869749999994895,-23.464974999998496,-0.001174729202477347,FORCED_EOD,19,-2.787088771066916,-0.7805621092121191
246,NVDA,-1,2025-10-20 10:25:00-04:00,184.308131,2025-10-20 10:41:00-04:00,184.001793,108,19909.26,41.03999999999951,0.756,7.955495999998334,32.328504000001175,0.001623792345873286,TAKE_PROFIT,16,2.8629580641334553,-0.2919860352202481
247,NVDA,1,2025-10-21 14:11:00-04:00,181.401273,2025-10-21 15:03:00-04:00,181.23374600000002,110,19950.15,-10.449999999999875,0.77,7.977969999997754,-19.19796999999763,-0.0009622970253355302,TAKE_PROFIT,52,-2.400287211044388,0.0008506826380056298
248,NVDA,-1,2025-10-23 13:40:00-04:00,182.58347600000002,2025-10-23 15:09:00-04:00,182.781549,109,19905.58,-13.625,0.763,7.964956999999316,-22.352956999999314,-0.0011229492936151227,TAKE_PROFIT,89,3.113324644141904,0.10984351843849138
249,NVDA,1,2025-10-23 15:53:00-04:00,182.11641600000002,2025-10-23 15:56:00-04:00,182.1115704,109,19846.72,7.411999999998216,0.763,7.940170399999317,-1.2911704000011017,-6.505711775049487e-05,FORCED_EOD,3,-2.536040232655017,-1.7472035754948456
250,NVDA,-1,2025-10-28 13:15:00-04:00,195.990794,2025-10-28 13:30:00-04:00,194.628918,102,19995.06,146.87999999999977,0.714,7.9686480000002575,138.1973519999995,0.006911574758965439,TAKE_PROFIT,15,2.99999344453009,0.5110961865521815
251,NVDA,-1,2025-11-03 12:00:00-05:00,209.128166,2025-11-03 13:00:00-05:00,210.72084695617852,95,19871.149999999998,-143.32756532389666,0.665,7.977125513063328,-151.96969083695998,-0.007647755204754632,STOP_LOSS,60,2.301017400233833,2.0659941111001094
252,NVDA,-1,2025-11-04 15:26:00-05:00,199.51009000000002,2025-11-04 15:41:00-05:00,199.529898,100,19955.0,6.000000000000227,0.7000000000000001,7.980799999998567,-2.6807999999983396,-0.00013434227010765922,TAKE_PROFIT,15,2.539045103089928,0.3717112253329473
253,NVDA,-1,2025-11-04 15:52:00-05:00,199.370118,2025-11-04 15:55:00-05:00,198.56510508,100,19941.0,88.4600000000006,0.7000000000000001,7.958708000001025,79.80129199999958,0.0040018701168446705,TAKE_PROFIT,3,2.593648162083681,-0.2901434088580755
254,NVDA,-1,2025-11-05 10:51:00-05:00,201.499692,2025-11-05 11:29:00-05:00,202.270446,99,19952.46,-68.30999999999977,0.6930000000000001,7.9946459999984825,-76.99764599999826,-0.003859055274387131,TAKE_PROFIT,38,2.936489747877172,-0.10754564222635812
255,NVDA,1,2025-11-07 11:08:00-05:00,179.9639856,2025-11-07 11:23:00-05:00,180.498893,111,19972.007999999998,67.37699999999992,0.777,8.00227859999896,58.597721400000964,0.002933992485883291,TAKE_PROFIT,15,-2.6355996426196624,0.3520218968355333
256,NVDA,1,2025-11-11 11:50:00-05:00,192.16842599999998,2025-11-11 12:10:00-05:00,192.801432,104,19981.52,73.84000000000083,0.728,8.00737599999843,65.1046240000024,0.0032582418154375845,TAKE_PROFIT,20,-2.3770532836438667,0.5782136842123002
257,NVDA,1,2025-11-12 14:00:00-05:00,192.38846999999998,2025-11-12 14:13:00-05:00,192.521488,103,19812.05,21.63000000000082,0.721,7.929145999998639,12.979854000002181,0.0006551494671173443,TAKE_PROFIT,13,-2.4182560026217526,0.06934544624262141
258,NVDA,-1,2025-11-13 11:47:00-05:00,185.922808,2025-11-13 12:00:00-05:00,185.68713,107,19897.72,33.17000000000024,0.749,7.952453999999477,24.468546000000764,0.001229716067971645,TAKE_PROFIT,13,2.7224853302394076,-0.1596909377809774
259,NVDA,-1,2025-11-13 14:41:00-05:00,185.95280200000002,2025-11-13 15:36:00-05:00,186.757344,107,19900.93,-78.1099999999989,0.749,7.975993999997826,-86.83499399999673,-0.004363363621699927,TAKE_PROFIT,55,2.930552517119676,-0.3610891398274862
260,NVDA,-1,2025-11-14 13:02:00-05:00,189.16715900000003,2025-11-14 13:56:00-05:00,189.64792200000002,105,19866.525,-42.52500000000012,0.735,7.955114999999466,-51.215114999999585,-0.0025779604133082954,TAKE_PROFIT,54,3.15049541234833,-0.04903984294195707
261,NVDA,-1,2025-11-17 12:43:00-05:00,187.352522,2025-11-17 13:47:00-05:00,187.297452,106,19863.34,13.779999999999518,0.742,7.942579999999452,5.095420000000065,0.0002565238273120263,TAKE_PROFIT,64,2.570152337254385,-0.5773896686768428
262,NVDA,-1,2025-11-18 12:34:00-05:00,181.61357002,2025-11-18 12:39:00-05:00,182.726538,110,19981.489,-114.41099999999949,0.77,8.01547780000135,-123.19647780000084,-0.006165530396658668,TAKE_PROFIT,5,2.8730215435278015,-0.7275031426427593
263,NVDA,-1,2025-11-20 15:42:00-05:00,180.66386,2025-11-20 15:56:00-05:00,181.216236,110,19877.0,-52.800000000002,0.77,7.961359999999047,-61.53136000000105,-0.0030956059767571088,FORCED_EOD,14,2.921760426923184,1.730834161753822
264,NVDA,1,2025-11-21 12:03:00-05:00,180.28605,2025-11-21 12:39:00-05:00,181.203752,110,19827.5,108.900000000001,0.77,7.952779999998825,100.17722000000218,0.005052438280166546,TAKE_PROFIT,36,-2.1531722169519614,-0.08536661956422745
265,NVDA,1,2025-11-21 13:39:00-05:00,180.23603999999997,2025-11-21 13:49:00-05:00,183.408311,110,19822.0,356.9500000000005,0.77,8.000189999997929,348.1798100000026,0.017565321864595026,TAKE_PROFIT,10,-2.922649719081648,0.5620718161557201
266,NVDA,-1,2025-12-01 15:42:00-05:00,179.634066,2025-12-01 15:47:00-05:00,179.345862,111,19943.37,39.95999999999836,0.777,7.969356000000687,31.21364399999767,0.0015651138197805925,TAKE_PROFIT,5,2.741901173844492,1.3078839598114984
267,NVDA,1,2025-12-02 11:08:00-05:00,182.366466,2025-12-02 11:15:00-05:00,180.97867862411542,109,19873.97,-143.34790555253173,0.763,7.92091841888805,-152.03182397141978,-0.007649796390525887,STOP_LOSS,7,-3.035229907103521,-2.5986668007951175
268,NVDA,1,2025-12-02 15:40:00-05:00,181.14142103999998,2025-12-02 15:47:00-05:00,181.47869699999998,110,19921.572,45.077999999998895,0.77,7.977644399998951,36.33035559999994,0.001823669116071761,TAKE_PROFIT,7,-2.369577970719525,0.8363480985604729
269,NVDA,-1,2025-12-03 10:39:00-05:00,181.52538766,2025-12-03 10:55:00-05:00,180.816156,110,19971.787,85.98700000000008,0.77,7.971517400000039,77.24548260000005,0.0038677301435269687,TAKE_PROFIT,16,1.980543566002105,0.27276174903924505
270,NVDA,1,2025-12-04 14:18:00-05:00,182.82655799999998,2025-12-04 14:37:00-05:00,183.10337199999998,109,19924.11,38.14999999999938,0.763,7.977273999999198,29.409726000000184,0.0014760873133103653,TAKE_PROFIT,19,-2.5366952110162164,0.3451819091178475
271,NVDA,-1,2025-12-04 15:53:00-05:00,183.283336,2025-12-04 15:56:00-05:00,183.191631,109,19981.88,17.984999999999133,0.763,7.989155000000181,9.23284499999895,0.00046206087715464956,FORCED_EOD,3,3.1296403000926603,2.106218771977566
272,NVDA,1,2025-12-09 13:38:00-05:00,184.79525166,2025-12-09 13:54:00-05:00,184.84302399999999,108,19953.896399999998,13.143600000000447,0.756,7.984187280001038,4.403412719999409,0.00022067934160465067,TAKE_PROFIT,16,-1.3252997079384599,0.24706401182980783
273,NVDA,1,2025-12-09 14:59:00-05:00,184.29185099999998,2025-12-09 15:33:00-05:00,184.338125,108,19899.54,12.960000000000491,0.756,7.9624079999993,4.241592000001191,0.0002131502537245178,TAKE_PROFIT,34,-2.2471221545216684,0.03149436103016187
274,NVDA,-1,2025-12-10 12:57:00-05:00,183.18365594000002,2025-12-10 13:13:00-05:00,182.86156499999998,109,19971.0127,43.0877000000022,0.763,7.979787539998057,34.344912460004146,0.0017197381512858458,TAKE_PROFIT,16,2.3918397732689884,-0.6396689685268362
275,NVDA,1,2025-12-15 13:51:00-05:00,176.96118516,2025-12-15 13:58:00-05:00,177.444504,113,19992.615400000002,62.62459999999777,0.791,8.009571079999887,53.824028919997886,0.0026921954853389458,TAKE_PROFIT,7,-2.688922320437975,-0.17291695718357472
276,NVDA,1,2025-12-15 14:38:00-05:00,176.725338,2025-12-15 15:36:00-05:00,176.299733,113,19965.97,-40.114999999998844,0.791,7.978365000000053,-48.884364999998894,-0.0024483841756748554,TAKE_PROFIT,58,-2.64000932847534,1.1028030419464325
277,NVDA,1,2025-12-16 14:15:00-05:00,176.17522799999998,2025-12-16 15:33:00-05:00,177.329527,113,19903.82,138.42500000000257,0.791,7.989212999998358,129.64478700000421,0.006513563074827054,TAKE_PROFIT,78,-2.880453879363713,1.545721182904473
278,NVDA,1,2025-12-17 11:03:00-05:00,171.59851283999998,2025-12-17 11:39:00-05:00,170.29266832229177,116,19901.4472,-143.54609439303363,0.812,7.93186966111864,-152.28996405415228,-0.0076522055166999255,STOP_LOSS,36,-2.2882570538000175,-1.5659866698180056
279,NVDA,1,2025-12-18 11:11:00-05:00,175.17502799999997,2025-12-18 11:40:00-05:00,175.474898,114,19965.96,42.18000000000052,0.798,7.994819999997446,33.38718000000307,0.0016722050930685563,TAKE_PROFIT,29,-2.750927975899702,0.16064400356350103
280,NVDA,1,2025-12-18 15:29:00-05:00,174.73494,2025-12-18 15:56:00-05:00,174.41511,114,19915.8,-28.5,0.798,7.960619999999551,-37.25861999999955,-0.0018708070978820611,FORCED_EOD,27,-2.661259716153697,-0.08910275256173437
281,NVDA,-1,2025-12-19 11:41:00-05:00,179.95390202000002,2025-12-19 12:28:00-05:00,180.41597597999998,111,19978.8789,-43.289999999998486,0.777,8.000209559998126,-52.06720955999661,-0.002606112676322224,TAKE_PROFIT,47,2.3873033441953004,-0.40621786233098084
282,NVDA,-1,2025-12-19 14:13:00-05:00,180.16895900000003,2025-12-19 14:56:00-05:00,180.546102,111,20002.755,-33.8549999999976,0.777,8.007872999998085,-42.63987299999569,-0.0021317000083236376,TAKE_PROFIT,43,2.67477608874081,-0.13371609889553002
283,NVDA,-1,2025-12-22 14:27:00-05:00,183.42830700000002,2025-12-22 14:35:00-05:00,183.466686,109,19997.685,3.8149999999996282,0.763,7.9983109999987505,-4.946310999999122,-0.0002473441800888014,TAKE_PROFIT,8,2.292821571760287,-0.9109688868682233
284,NVDA,1,2025-12-29 14:24:00-05:00,187.33746000000002,2025-12-29 15:24:00-05:00,187.952402,106,19853.800000000003,73.13999999999976,0.742,7.956148000001349,64.4418519999984,0.0032458195408434855,TAKE_PROFIT,60,-2.802005765756975,0.48656172952669363
285,NVDA,-1,2025-12-30 14:06:00-05:00,187.952402,2025-12-30 14:09:00-05:00,188.072607,106,19926.940000000002,-4.769999999998674,0.742,7.971730000001173,-13.483729999999849,-0.0006766583328900397,TAKE_PROFIT,3,2.276599170251371,0.0421629420067226
286,NVDA,1,2026-01-05 12:03:00-05:00,188.88777,2026-01-05 12:09:00-05:00,187.45035626701141,105,19829.25,-143.02534703320745,0.735,7.903094930592829,-151.6634419638003,-0.007648470918658058,STOP_LOSS,6,-3.325745658110679,-2.934351917499685
287,NVDA,1,2026-01-09 12:18:00-05:00,184.95698399999998,2026-01-09 12:58:00-05:00,185.07307798,108,19971.359999999997,20.530800000000113,0.756,7.992650159998334,11.782149840001779,0.000589952303698986,TAKE_PROFIT,40,-2.5752171705995908,0.08003459760406362
288,NVDA,-1,2026-01-12 12:25:00-05:00,186.52268800000002,2026-01-12 12:49:00-05:00,185.902173,107,19961.920000000002,74.36499999999927,0.749,7.969894999998019,65.64610500000126,0.0032885666809606114,TAKE_PROFIT,24,2.616505461696558,-0.17255624873697895
289,NVDA,1,2026-01-12 15:04:00-05:00,186.357264,2026-01-12 15:56:00-05:00,185.16296,107,19936.239999999998,-119.84000000000049,0.749,7.950527999998258,-128.53952799999874,-0.006447531129239955,FORCED_EOD,52,-2.8722752407878427,-2.17790118624574
290,NVDA,-1,2026-01-15 11:48:00-05:00,188.257341,2026-01-15 12:36:00-05:00,188.342661,106,19959.27,-1.0600000000020486,0.742,7.983919999997511,-9.78591999999956,-0.0004902944847181064,TAKE_PROFIT,48,2.9325357086576176,0.28023876433410605
291,NVDA,-1,2026-01-20 12:27:00-05:00,180.028987,2026-01-20 15:13:00-05:00,179.15062296,111,19987.215,105.47219999999948,0.777,7.973791559998574,96.7214084400009,0.004839163857495949,TAKE_PROFIT,166,2.6169071868926657,-0.03681185588662185
292,NVDA,1,2026-01-21 14:32:00-05:00,183.126618,2026-01-21 15:17:00-05:00,184.923008,109,19956.81,203.8300000000005,0.763,8.023490000000237,195.04351000000025,0.009773280900103785,TAKE_PROFIT,45,-2.5700082821297845,0.13163102660059314
293,NVDA,-1,2026-01-29 12:25:00-05:00,189.56208,2026-01-29 13:34:00-05:00,189.8789682,105,19908.0,-25.305000000001456,0.735,7.968260999997909,-34.008260999999365,-0.0017082710970463817,TAKE_PROFIT,69,2.5221155087756197,-0.187857747821471
294,NVDA,-1,2026-01-29 15:17:00-05:00,191.21175,2026-01-29 15:47:00-05:00,191.008194,104,19890.0,29.12000000000012,0.728,7.950176000000965,20.44182399999915,0.0010277437908496306,TAKE_PROFIT,30,2.8450675740195197,0.11337211722941634
295,NVDA,-1,2026-01-30 10:22:00-05:00,193.071378,2026-01-30 10:28:00-05:00,192.198432,103,19890.33,97.85000000000176,0.721,7.936562000000407,89.19243800000135,0.004484211071410144,TAKE_PROFIT,6,2.284081635027258,-0.7773023313382682
296,NVDA,-1,2026-01-30 10:50:00-05:00,194.34102402,2026-01-30 11:12:00-05:00,192.95858399999997,102,19826.749799999998,148.90980000000047,0.714,7.900917959998594,140.29488204000188,0.007076040372487168,TAKE_PROFIT,22,2.871268288154489,0.2055217479183688
297,NVDA,-1,2026-02-05 11:36:00-05:00,174.800033,2026-02-05 12:21:00-05:00,174.574908,114,19931.190000000002,33.630000000001814,0.798,7.965749999999559,24.866250000002253,0.001247604884605598,TAKE_PROFIT,45,2.45640200943543,0.007890599693535859
298,NVDA,-1,2026-02-06 15:44:00-05:00,186.16775900000002,2026-02-06 15:56:00-05:00,186.07720799999998,107,19923.935,17.65500000000219,0.749,7.966042999998621,8.93995700000357,0.0004487043849522481,FORCED_EOD,12,3.048149122623208,0.2703358158422251
299,NVDA,1,2026-02-09 13:37:00-05:00,191.003193,2026-02-09 14:53:00-05:00,191.191754,104,19860.36,27.55999999999858,0.728,7.949655999999322,18.882343999999257,0.0009507553740213801,TAKE_PROFIT,76,-2.765802850385721,0.2349752307661929
300,NVDA,-1,2026-02-10 15:17:00-05:00,188.922208,2026-02-10 15:56:00-05:00,188.697732,105,19840.8,31.500000000001194,0.735,7.930020000000155,22.83498000000104,0.001150910245554667,FORCED_EOD,39,2.763573362008141,1.3672782092820692
301,NVDA,-1,2026-02-12 13:00:00-05:00,189.61706900000001,2026-02-12 13:08:00-05:00,189.58791,105,19913.775,11.024999999998926,0.735,7.963304999996694,2.326695000002232,0.00011683846985326648,TAKE_PROFIT,8,2.8691350456692253,0.3500235102297119
302,NVDA,-1,2026-02-13 15:27:00-05:00,182.35852100000002,2026-02-13 15:56:00-05:00,182.70653399999998,109,19881.055,-29.97499999999752,0.763,7.95841699999724,-38.69641699999477,-0.001946396556922898,FORCED_EOD,29,2.69049442956008,1.152101377773118
303,NVDA,-1,2026-02-17 10:54:00-05:00,181.42020870000002,2026-02-17 11:04:00-05:00,182.8018710412765,110,19960.215,-143.96997754490712,0.77,8.012879995507376,-152.7528575404145,-0.0076528663413903365,STOP_LOSS,10,2.6634406251902543,2.740604034402157
304,NVDA,1,2026-02-18 13:45:00-05:00,188.477688,2026-02-18 13:56:00-05:00,188.807231,106,19974.64,42.93000000000012,0.742,7.998442000000011,34.18955800000011,0.0017116482700063737,TAKE_PROFIT,11,-3.004546219858703,0.23151068453058132
305,NVDA,-1,2026-02-19 15:36:00-05:00,187.042584,2026-02-19 15:56:00-05:00,187.567506,106,19830.48,-47.699999999998795,0.742,7.941732000001593,-56.383732000000386,-0.0028432862946333316,FORCED_EOD,20,2.2109893117617956,1.6282086660945168
306,NVDA,1,2026-02-24 13:32:00-05:00,192.928578,2026-02-24 14:32:00-05:00,192.626467,103,19867.67,-23.174999999999415,0.721,7.9424330000002215,-31.838432999999636,-0.0016025247550417155,TAKE_PROFIT,60,-2.555221545365386,0.05833552272349969
307,NVDA,-1,2026-02-25 14:07:00-05:00,197.020588,2026-02-25 14:59:00-05:00,197.144421,101,19903.06,-4.544999999998737,0.707,7.962133000000307,-13.214132999999045,-0.0006639246929868595,TAKE_PROFIT,52,2.885598257665577,0.15969664382133208
308,NVDA,1,2026-02-25 15:16:00-05:00,196.83936,2026-02-25 15:43:00-05:00,197.035585,101,19876.800000000003,27.774999999997704,0.707,7.9562749999978735,19.11172499999983,0.0009615091463414547,TAKE_PROFIT,27,-2.861612344761135,0.5000385164359643
309,NVDA,-1,2026-02-27 14:54:00-05:00,179.12406802,2026-02-27 15:10:00-05:00,178.875768,111,19886.7489,35.508899999998874,0.777,7.947597779997068,26.784302220001805,0.0013468416760671125,TAKE_PROFIT,16,2.573510865226833,-0.6621439214999305
310,NVDA,1,2026-03-03 13:25:00-05:00,180.36606600000002,2026-03-03 14:11:00-05:00,179.804032,110,19836.300000000003,-53.900000000001,0.77,7.923740000000237,-62.59374000000124,-0.0031555148893695514,TAKE_PROFIT,46,-2.697434830835343,-0.04930801438942301
311,NVDA,1,2026-03-06 15:14:00-05:00,178.67932872,2026-03-06 15:26:00-05:00,177.31960002553075,111,19829.439599999998,-143.02671458900303,0.777,7.903170497084176,-151.7068850860872,-0.007650588627128283,STOP_LOSS,12,-3.0793454194281957,-3.2147549424498014
312,NVDA,1,2026-03-09 14:58:00-04:00,179.490891,2026-03-09 15:13:00-04:00,180.018989,111,19919.505,66.59999999999937,0.777,7.981121999999374,57.841877999999994,0.002903780892145663,TAKE_PROFIT,15,-2.647795665334443,-0.32798284197033023
313,NVDA,-1,2026-03-10 11:17:00-04:00,186.007791,2026-03-10 11:44:00-04:00,185.85716399999998,107,19906.815,24.07499999999939,0.749,7.957910999997864,15.368089000001529,0.0007720013975114317,TAKE_PROFIT,27,2.526512413214306,-0.4799720907665645
314,NVDA,-1,2026-03-12 15:04:00-04:00,182.988395,2026-03-12 15:19:00-04:00,183.10661399999998,109,19949.725000000002,-4.904999999998637,0.763,7.980870999999411,-13.648870999998048,-0.000684163365660331,TAKE_PROFIT,15,2.5639760389387543,-1.516464858777871
315,NVDA,-1,2026-03-19 12:07:00-04:00,178.71425,2026-03-19 12:44:00-04:00,178.44068099999998,111,19841.25,38.294999999999874,0.777,7.928840999998869,29.589159000001004,0.0014912951048951554,TAKE_PROFIT,37,2.6666956876725436,-0.6608591097217632
316,NVDA,-1,2026-03-19 14:23:00-04:00,179.049183,2026-03-19 14:44:00-04:00,178.295652,111,19878.435,91.57500000000189,0.777,7.9330590000008385,82.86494100000105,0.00416858475025831,TAKE_PROFIT,21,2.509123729648794,-0.3099629788341591
317,NVDA,1,2026-03-20 13:33:00-04:00,174.859965,2026-03-20 14:48:00-04:00,173.5293012146162,114,19930.05,-143.75240201415517,0.798,7.943269519597038,-152.4936715337522,-0.0076514445038397905,STOP_LOSS,75,-2.808869407799379,-2.313310150003325
318,NVDA,1,2026-03-23 13:37:00-04:00,175.95518399999997,2026-03-23 13:42:00-04:00,175.874818,113,19878.96,-1.1299999999989723,0.791,7.951357999997583,-9.872357999996556,-0.0004966234652112866,TAKE_PROFIT,5,-2.7960261111269653,-0.43432378985949577
319,NVDA,-1,2026-03-23 15:38:00-04:00,176.429707,2026-03-23 15:46:00-04:00,176.57530799999998,113,19940.545000000002,-8.474999999998715,0.791,7.977912999997983,-17.2439129999967,-0.0008647663842686695,TAKE_PROFIT,8,2.3438951397878354,-0.0977113198415868
320,NVDA,1,2026-03-25 13:35:00-04:00,178.820757,2026-03-25 13:45:00-04:00,179.32412800000003,111,19845.135,63.82500000000189,0.777,7.950818999997011,55.09718100000488,0.0027763570769362305,TAKE_PROFIT,10,-2.7917192373190085,-0.03673504205850104
321,NVDA,-1,2026-03-25 14:40:00-04:00,179.009191,2026-03-25 14:47:00-04:00,178.85586401999998,111,19873.995,24.963899999999,0.777,7.944605219998692,16.242294780000307,0.0008172637046552697,TAKE_PROFIT,7,1.735382563386911,-0.07017276949103857
322,NVDA,1,2026-03-25 15:03:00-04:00,178.0356,2026-03-25 15:15:00-04:00,178.42430800000002,112,19936.0,51.52000000000089,0.784,7.984703999996782,42.75129600000411,0.002144426966292341,TAKE_PROFIT,12,-2.1326729473908133,0.3375826691191172
323,NVDA,-1,2026-03-27 13:43:00-04:00,167.96630002,2026-03-27 14:31:00-04:00,168.0336,119,19991.9881,-0.011900000000395039,0.833,7.996797619999768,-8.841697620000163,-0.0004422620489655135,TAKE_PROFIT,48,2.411266953151339,-0.23433882530148087
324,NVDA,1,2026-03-27 15:36:00-04:00,167.413476,2026-03-27 15:41:00-04:00,167.306532,119,19918.22,-4.759999999999053,0.833,7.96633600000078,-13.559335999999833,-0.0006807503883379053,TAKE_PROFIT,5,-2.5255345593158887,1.851649340691615
325,NVDA,-1,2026-03-30 13:23:00-04:00,166.001793,2026-03-30 14:38:00-04:00,165.963186,120,19924.2,12.599999999998772,0.84,7.967160000000604,3.7928399999981686,0.00019036347757993638,TAKE_PROFIT,75,2.773249687916626,0.70703415343939
326,NVDA,1,2026-04-01 12:47:00-04:00,176.83536,2026-04-01 13:49:00-04:00,176.499693,113,19978.4,-29.94500000000167,0.791,7.985370999998423,-38.72137100000009,-0.0019381617647058868,TAKE_PROFIT,62,-2.5413358383656184,-0.44949504499967424
327,NVDA,-1,2026-04-01 14:24:00-04:00,175.11487002,2026-04-01 15:21:00-04:00,175.98519,114,19967.0886,-91.21139999999843,0.798,8.005077719998894,-100.01447771999733,-0.005008966490988443,TAKE_PROFIT,57,3.0145104389838844,0.26803073116121456
328,NVDA,1,2026-04-06 12:35:00-04:00,177.18543,2026-04-06 13:06:00-04:00,176.71465,112,19840.8,-44.80000000000064,0.784,7.927359999998316,-53.51135999999895,-0.002697036409822132,TAKE_PROFIT,31,-2.7105708913301636,0.8829164763670763
329,NVDA,1,2026-04-06 14:23:00-04:00,176.995392,2026-04-06 14:54:00-04:00,177.2135502,112,19819.52,32.367999999998574,0.784,7.9342816000012135,23.64971839999736,0.0011932538426761778,TAKE_PROFIT,31,-2.8100567920241057,-0.02366747898254869
330,NVDA,-1,2026-04-16 15:37:00-04:00,198.430306,2026-04-16 15:45:00-04:00,198.319656,100,19847.0,18.999999999999773,0.7000000000000001,7.935000000000514,10.36499999999926,0.0005222451755932514,TAKE_PROFIT,8,1.9628994235457238,-0.26860099372254975
331,NVDA,-1,2026-04-17 15:17:00-04:00,201.164759,2026-04-17 15:56:00-04:00,201.52529700000002,99,19919.295000000002,-27.720000000000113,0.6930000000000001,7.973262000001824,-36.386262000001935,-0.0018266842275292338,FORCED_EOD,39,2.923836960102788,0.8308273590618753
332,NVDA,-1,2026-04-20 10:53:00-04:00,198.750242,2026-04-20 11:28:00-04:00,199.18983,100,19879.0,-36.000000000001364,0.7000000000000001,7.95880000000011,-44.65880000000148,-0.0022465315156698766,TAKE_PROFIT,35,2.8462918200030307,0.17403203771789216
333,NVDA,-1,2026-04-28 14:07:00-04:00,211.68765399999998,2026-04-28 14:38:00-04:00,213.2998275375612,94,19902.62,-143.55455362003016,0.658,7.9897589107257545,-152.2023125307559,-0.0076473505764947484,STOP_LOSS,31,2.311345870483555,2.2378442085339136
334,NVDA,1,2026-05-01 14:07:00-04:00,199.314855,2026-05-01 15:15:00-04:00,198.980196,100,19927.5,-25.499999999999545,0.7000000000000001,7.9658999999992375,-34.165899999998786,-0.0017145100991092102,TAKE_PROFIT,68,-2.4146487002418495,0.6513880032781524
335,NVDA,1,2026-05-04 11:17:00-04:00,196.934379,2026-05-04 11:21:00-04:00,195.43573151810017,101,19886.395,-143.43752517692027,0.707,7.925870494963306,-152.07039567188357,-0.007646956407729182,STOP_LOSS,4,-2.9170446532469323,-4.346422327686984
336,NVDA,-1,2026-05-11 10:54:00-04:00,221.760639,2026-05-11 11:39:00-04:00,221.234238,90,19962.45,55.35000000000082,0.63,7.973910000001467,46.74608999999935,0.002341701043709532,TAKE_PROFIT,45,3.116472334353594,-0.04406227327970106
337,NVDA,-1,2026-05-11 14:31:00-04:00,221.245742,2026-05-11 14:58:00-04:00,220.569105,90,19916.1,68.84999999999877,0.63,7.952669999998818,60.26732999999996,0.0030260608251615508,TAKE_PROFIT,27,2.621035481585016,-0.9592391680724549
338,NVDA,1,2026-05-12 11:27:00-04:00,215.44308,2026-05-12 11:39:00-04:00,217.391513,92,19816.8,187.2199999999997,0.644,7.96416400000021,178.61183599999947,0.009013152274837486,TAKE_PROFIT,12,-2.943078941109839,0.24365354283236584
339,NVDA,1,2026-05-12 12:58:00-04:00,216.14321999999999,2026-05-12 13:19:00-04:00,217.15655999999998,92,19881.2,101.19999999999948,0.644,7.972719999999526,92.58327999999995,0.004656825543729752,TAKE_PROFIT,21,-3.0063162838823123,0.22141466497149026
340,NVDA,1,2026-05-14 13:14:00-04:00,234.23443752,2026-05-14 13:54:00-04:00,234.613068,85,19905.946,40.15399999999943,0.595,7.97040919999958,31.58859079999985,0.0015868922180337398,TAKE_PROFIT,40,-2.2378458401868118,0.29844810761593005
341,NVDA,-1,2026-05-15 13:38:00-04:00,229.988993,2026-05-15 14:20:00-04:00,230.01099299999998,86,19783.01,6.019999999999413,0.602,7.91199999999867,-2.4939999999992573,-0.00012606777229548272,TAKE_PROFIT,42,2.7786890014287136,0.20920083344269397
342,NVDA,-1,2026-05-18 12:30:00-04:00,220.375916,2026-05-18 12:33:00-04:00,220.299051,90,19837.8,14.849999999999284,0.63,7.932149999999467,6.287849999999816,0.0003169630705017601,TAKE_PROFIT,3,2.4884418471781524,-1.8204659085323422
343,NVDA,-1,2026-05-22 13:26:00-04:00,218.016388,2026-05-22 13:31:00-04:00,217.903572,91,19843.46,18.199999999998965,0.637,7.933743999998114,9.62925600000085,0.00048526093735673374,TAKE_PROFIT,5,2.2915690792099097,0.1770076460288715
344,NVDA,-1,2026-05-26 15:45:00-04:00,214.217148,2026-05-26 15:56:00-04:00,214.672926,93,19926.18,-34.41000000000042,0.651,7.977353999997803,-43.03835399999823,-0.0021598898534489915,FORCED_EOD,11,1.890194944226184,2.1851797024069524
345,NVDA,-1,2026-05-27 12:08:00-04:00,210.522887,2026-05-27 12:35:00-04:00,210.46208399999998,95,20003.675,13.775000000000972,0.665,7.998714999998953,5.11128500000202,0.00025551729869646554,TAKE_PROFIT,27,2.8163924450730846,-0.2533673547815129
346,NVDA,1,2026-05-27 15:02:00-04:00,212.752542,2026-05-27 15:07:00-04:00,213.127366,94,19994.74,43.239999999998076,0.658,8.006543999999053,34.57545599999902,0.0017292275868552938,TAKE_PROFIT,5,-2.841539741248428,0.3642483296378342
347,NVDA,-1,2026-05-29 12:15:00-04:00,216.586674,2026-05-29 13:21:00-04:00,216.40327200000002,92,19929.96,24.839999999998327,0.644,7.967016000000854,16.228983999997475,0.0008143008816875435,TAKE_PROFIT,66,2.6309840257016277,-0.28148920910274877
348,NVDA,-1,2026-05-29 14:33:00-04:00,216.97659600000003,2026-05-29 15:26:00-04:00,217.033398,92,19965.84,2.7600000000001046,0.644,7.9857839999979205,-5.869783999997816,-0.00029399133720383496,TAKE_PROFIT,53,2.0015741465793857,-0.45169663553225087
349,NVDA,-1,2026-06-01 12:18:00-04:00,220.765838,2026-06-01 13:15:00-04:00,221.74634039999998,90,19872.9,-80.27999999999963,0.63,7.96521599999835,-88.87521599999798,-0.004472181513518307,TAKE_PROFIT,57,2.9299925027086307,-0.28620278346675887
350,NVDA,1,2026-06-03 15:39:00-04:00,215.58310799999998,2026-06-03 15:56:00-04:00,215.20695,92,19829.68,-26.679999999999268,0.644,7.926535999998464,-35.25053599999773,-0.0017776653985338002,FORCED_EOD,17,-2.992497195036519,-0.4656188550722824
351,NVDA,-1,2026-06-09 11:42:00-04:00,204.519088,2026-06-09 12:11:00-04:00,201.720336,97,19842.32,279.35999999999956,0.679,7.881055999998836,270.7999440000008,0.013647594837700469,TAKE_PROFIT,29,2.4713350986050995,0.06430980474256656
352,NVDA,1,2026-06-10 14:06:00-04:00,203.24063999999998,2026-06-10 14:39:00-04:00,201.85962,98,19913.6,-127.39999999999833,0.686,7.93995999999953,-136.02595999999787,-0.006830807086614067,TAKE_PROFIT,33,-2.8972412360123725,0.10209951156973955
353,NVDA,1,2026-06-12 15:35:00-04:00,204.11071397999999,2026-06-12 15:54:00-04:00,204.624067,97,19794.7803,57.72470000000021,0.679,7.929457059999152,49.11624294000106,0.0024812724463529946,TAKE_PROFIT,19,-2.621163244294881,0.913183622870266
354,NVDA,-1,2026-06-15 13:23:00-04:00,212.467498,2026-06-15 13:37:00-04:00,212.37256602,94,19975.94,16.91060000000033,0.658,7.986993879999147,8.26560612000118,0.00041377808103154,TAKE_PROFIT,14,1.6587146719613084,-0.3448185004455974
355,NVDA,1,2026-06-17 11:06:00-04:00,206.321256,2026-06-17 12:05:00-04:00,206.6361645,96,19802.88,38.160000000000764,0.672,7.928784000000633,29.559216000000134,0.001492672580957928,TAKE_PROFIT,59,-2.2427124410050325,0.5943208410354787
356,NVDA,1,2026-06-18 11:47:00-04:00,207.921576,2026-06-18 12:05:00-04:00,209.21814799999999,96,19956.48,132.47999999999956,0.672,8.009087999999792,123.79891199999977,0.006203444294785442,TAKE_PROFIT,18,-2.870989676734415,1.0730835046387026
357,NVDA,-1,2026-06-18 12:34:00-04:00,210.45989960000003,2026-06-18 13:11:00-04:00,210.347061,95,19997.690000000002,18.71500000000026,0.665,7.995332999997231,10.054667000003029,0.0005027914224094397,TAKE_PROFIT,37,2.8593435742388658,-0.4725303569256579
358,NVDA,-1,2026-06-18 15:52:00-04:00,211.05778,2026-06-18 15:56:00-04:00,211.057203,94,19843.399999999998,7.990000000000748,0.658,7.9357619999987605,-0.6037619999980128,-3.042633822822767e-05,FORCED_EOD,4,2.905086676876784,1.5784447056640152
359,NVDA,-1,2026-06-24 11:14:00-04:00,200.84972202000003,2026-06-24 11:38:00-04:00,200.880168,99,19888.1001,4.940100000000797,0.6930000000000001,7.954252019997597,-3.7071520199967996,-0.00018640051092647103,TAKE_PROFIT,24,2.2614277798458913,0.7327172516787466
360,NVDA,1,2026-06-25 14:00:00-04:00,194.828958,2026-06-25 14:29:00-04:00,195.665859,102,19868.579999999998,93.33000000000209,0.714,7.966098000000898,84.64990200000119,0.004260490784947953,TAKE_PROFIT,29,-2.7446130680895413,0.17723422547802506
361,NVDA,-1,2026-06-29 15:11:00-04:00,194.301132,2026-06-29 15:56:00-04:00,194.953983,102,19822.68,-58.64999999999884,0.714,7.940802000000986,-67.30480199999982,-0.003395343212925791,FORCED_EOD,45,2.9007723106291423,1.283283000235439
362,NVDA,-1,2026-06-30 13:44:00-04:00,198.65016202,2026-06-30 13:51:00-04:00,198.169626,100,19868.989999999998,55.989999999999895,0.7000000000000001,7.936397999998235,47.35360200000166,0.002383291853285027,TAKE_PROFIT,7,2.691759539809804,-0.012580944988365508
363,NVDA,1,2026-07-02 09:55:00-04:00,198.43697946,2026-07-02 09:56:00-04:00,198.650262,100,19839.73,29.26999999999964,0.7000000000000001,7.941746000000194,20.628253999999448,0.0010397446941061924,TAKE_PROFIT,1,-0.8836455335921002,-0.18847177367933374
364,NVDA,-1,2026-07-02 12:50:00-04:00,193.85262172,2026-07-02 12:58:00-04:00,193.258644,103,19970.8142,69.15420000000057,0.721,7.974494840000773,60.458705159999795,0.003027353044023603,TAKE_PROFIT,8,2.0153373473420633,-0.2390173438010831
365,NVDA,1,2026-07-07 15:42:00-04:00,195.659124,2026-07-07 15:56:00-04:00,196.54068400000003,102,19953.24,97.92000000000081,0.714,8.000879999997153,89.20512000000366,0.004470708516511787,FORCED_EOD,14,-2.920794655616295,0.5605047801622319
366,NVDA,-1,2026-07-09 13:09:00-04:00,202.92040780000002,2026-07-09 14:12:00-04:00,203.130618,98,19890.178,-12.641999999999086,0.686,7.958599599998706,-21.286599599997793,-0.001070206591414003,TAKE_PROFIT,63,2.7139844747741595,-0.15822882647289124
367,NVDA,1,2026-07-13 12:07:00-04:00,205.921176,2026-07-13 12:50:00-04:00,204.35414004899292,97,19970.36,-144.0431518780637,0.679,7.959335369623574,-152.68148724768727,-0.007645404852375584,STOP_LOSS,43,-2.8880603797848163,-1.931786718608143
368,NVDA,1,2026-07-14 15:31:00-04:00,211.257243,2026-07-14 15:43:00-04:00,211.79763200000002,94,19854.21,58.75,0.658,7.953433999996889,50.13856600000311,0.0025253367421822935,TAKE_PROFIT,12,-2.7714792005264037,-0.0724709495016869
369,NVDA,1,2026-07-17 11:58:00-04:00,205.23103799999998,2026-07-17 13:15:00-04:00,206.123767,97,19903.43,94.57499999999945,0.679,7.98028699999918,85.91571300000027,0.0043166284906672,TAKE_PROFIT,77,-2.9873211083026017,-0.7099195610233333
370,NVDA,-1,2026-07-20 13:45:00-04:00,203.939204,2026-07-20 14:13:00-04:00,204.800952,98,19990.039999999997,-76.44000000000011,0.686,8.01130400000045,-85.13730400000057,-0.004258986175115237,TAKE_PROFIT,28,2.772681124885677,-0.053513902157622494
371,NVDA,-1,2026-07-20 14:46:00-04:00,203.45430100000002,2026-07-20 15:01:00-04:00,203.480688,98,19942.510000000002,5.3900000000006685,0.686,7.975925999997855,-3.271925999997187,-0.00016406791321639985,TAKE_PROFIT,15,2.212773585875538,0.06011555863833115
372,NVDA,-1,2026-07-22 11:00:00-04:00,209.178156,2026-07-22 11:06:00-04:00,210.77121767065867,95,19875.9,-143.3618263473049,0.665,7.979032365268779,-152.00585871257368,-0.007647747207048419,STOP_LOSS,6,2.476503350251449,2.484713380461397
373,NVDA,-1,2026-07-23 12:06:00-04:00,208.87821599999998,2026-07-23 13:13:00-04:00,210.46899338377787,95,19847.399999999998,-143.15626020685812,0.665,7.967591252041473,-151.7888514588996,-0.007647795250707881,STOP_LOSS,67,2.58569917881035,1.7502919257892668
374,NVDA,1,2026-07-23 14:10:00-04:00,208.396671,2026-07-23 15:17:00-04:00,207.66845800000002,95,19793.725,-61.27499999999827,0.665,7.9052350000000615,-69.84523499999833,-0.0035286554198362525,TAKE_PROFIT,67,-2.5126984320325727,-0.23919492891734948
375,NVDA,-1,2026-07-24 12:07:00-04:00,210.97269702000003,2026-07-24 12:52:00-04:00,209.94198,94,19835.4006,104.80060000000054,0.658,7.913200119998123,96.22939988000242,0.004851396844488354,TAKE_PROFIT,45,2.814189570954431,-0.42137662586395197
376,NVDA,-1,2026-07-24 13:41:00-04:00,210.097972,2026-07-24 13:43:00-04:00,209.94198,95,19963.3,22.799999999998164,0.665,7.980759999998384,14.154239999999781,0.000709013038926419,TAKE_PROFIT,2,1.2711313877522676,-0.6439807762091647
377,NVDA,1,2026-07-24 14:14:00-04:00,209.201832,2026-07-24 14:31:00-04:00,207.60983064235165,95,19870.2,-143.3207131192161,0.665,7.919415857376464,-151.90512897659255,-0.0076448716659415885,STOP_LOSS,17,-2.436967600296567,-2.7903426779090523
378,NVDA,-1,2026-07-29 14:09:00-04:00,193.746243,2026-07-29 14:20:00-04:00,192.648522,103,19959.855,121.02499999999824,0.721,7.959737000000445,112.3442629999978,0.0056285109786618085,TAKE_PROFIT,11,2.4178614041624034,0.09635645320210343
379,NVDA,-1,2026-08-03 13:21:00-04:00,207.698452,2026-08-03 13:42:00-04:00,207.851562,96,19943.04,-6.719999999999345,0.672,7.978560000000471,-15.370559999999816,-0.0007707230191585544,TAKE_PROFIT,21,2.654956502257762,-0.17572672542479092
380,NVDA,1,2026-08-04 12:36:00-04:00,210.052002,2026-08-04 13:05:00-04:00,211.047782,95,19950.95,102.60000000000119,0.665,8.000899999998836,93.93410000000235,0.004708251988000689,TAKE_PROFIT,29,-2.8621547946587698,0.4490748716071219
381,NVDA,-1,2026-08-07 15:03:00-04:00,222.50549,2026-08-07 15:33:00-04:00,222.49408992,89,19806.95,8.935600000000676,0.623,7.9209928799992895,0.3916071200013871,1.9771197483781556e-05,TAKE_PROFIT,30,2.5811782986823406,0.12657790494127028
382,NVDA,1,2026-08-10 12:31:00-04:00,218.52369599999997,2026-08-10 12:37:00-04:00,216.86075635274904,91,19881.68,-143.4035166031573,0.637,7.923991296677968,-151.96450789983527,-0.007643444009753465,STOP_LOSS,6,-2.7583918421448956,-3.389898346591237
383,NVDA,1,2026-08-12 14:05:00-04:00,223.45498206,2026-08-12 14:14:00-04:00,223.850221,89,19883.5167,43.13830000000033,0.623,7.962034339999178,34.55326566000115,0.001737784426232868,TAKE_PROFIT,9,-2.307372475972242,0.5466850353067749
384,NVDA,-1,2026-08-13 11:47:00-04:00,224.685054,2026-08-13 12:30:00-04:00,225.34506000000002,89,20000.969999999998,-50.73000000000192,0.623,8.010533999998955,-59.363534000000875,-0.0029680327504116493,TAKE_PROFIT,43,2.9711993358005424,-0.2294367012214857
385,NVDA,1,2026-08-18 12:24:00-04:00,219.833958,2026-08-18 12:41:00-04:00,219.921007,90,19781.1,15.750000000001023,0.63,7.91559000000035,7.2044100000006726,0.0003642067427999794,TAKE_PROFIT,17,-2.2445900215145085,-0.1129471994507645
