date,equity,drawdown_pct,period
2026-01-02,100000.0,0.0,2026_ytd
2026-01-05,99872.70703000002,0.1272929699999804,2026_ytd
2026-01-06,99872.70703000002,0.1272929699999804,2026_ytd
2026-01-07,99872.70703000002,0.1272929699999804,2026_ytd
2026-01-08,99872.70703000002,0.1272929699999804,2026_ytd
2026-01-09,99884.48917983999,0.11551082016000873,2026_ytd
2026-01-12,99821.59575683999,0.1784042431600101,2026_ytd
2026-01-13,99821.59575683999,0.1784042431600101,2026_ytd
2026-01-14,99821.59575683999,0.1784042431600101,2026_ytd
2026-01-15,99811.80983684,0.1881901631600049,2026_ytd
2026-01-16,99811.80983684,0.1881901631600049,2026_ytd
2026-01-20,99908.53124528,0.09146875472000102,2026_ytd
2026-01-21,100103.57475528002,0.0,2026_ytd
2026-01-22,100103.57475528002,0.0,2026_ytd
2026-01-23,100103.57475528002,0.0,2026_ytd
2026-01-26,100103.57475528002,0.0,2026_ytd
2026-01-27,100103.57475528002,0.0,2026_ytd
2026-01-28,100103.57475528002,0.0,2026_ytd
2026-01-29,100090.00831828002,0.013552400134727203,2026_ytd
2026-01-30,100319.49563832002,0.0,2026_ytd
2026-02-02,100319.49563832002,0.0,2026_ytd
2026-02-03,100319.49563832002,0.0,2026_ytd
2026-02-04,100319.49563832002,0.0,2026_ytd
2026-02-05,100344.36188832001,0.0,2026_ytd
2026-02-06,100353.30184532,0.0,2026_ytd
2026-02-09,100372.18418931999,0.0,2026_ytd
2026-02-10,100395.01916932003,0.0,2026_ytd
2026-02-11,100395.01916932003,0.0,2026_ytd
2026-02-12,100397.34586432003,0.0,2026_ytd
2026-02-13,100358.64944732003,0.0385432669229072,2026_ytd
2026-02-17,99938.02800432002,0.45750000266017593,2026_ytd
2026-02-18,99972.21756232003,0.4234457577937652,2026_ytd
2026-02-19,99915.83383032001,0.47960633805075253,2026_ytd
2026-02-20,99915.83383032001,0.47960633805075253,2026_ytd
2026-02-23,99915.83383032001,0.47960633805075253,2026_ytd
2026-02-24,99883.99539732005,0.5113187630415441,2026_ytd
2026-02-25,99889.89298932001,0.5054445121346178,2026_ytd
2026-02-26,99889.89298932001,0.5054445121346178,2026_ytd
2026-02-27,99916.67729154002,0.478766215024844,2026_ytd
2026-03-02,99916.67729154002,0.478766215024844,2026_ytd
2026-03-03,99854.08355154001,0.5411122257297507,2026_ytd
2026-03-04,99854.08355154001,0.5411122257297507,2026_ytd
2026-03-05,99854.08355154001,0.5411122257297507,2026_ytd
2026-03-06,99788.37657762002,0.606559149006779,2026_ytd
2026-03-09,99846.21845562002,0.5489461937019885,2026_ytd
2026-03-10,99861.58654462002,0.5336389274912214,2026_ytd
2026-03-11,99861.58654462002,0.5336389274912214,2026_ytd
2026-03-12,99847.93767362,0.5472337799073976,2026_ytd
2026-03-13,99847.93767362,0.5472337799073976,2026_ytd
2026-03-16,99847.93767362,0.5472337799073976,2026_ytd
2026-03-17,99847.93767362,0.5472337799073976,2026_ytd
2026-03-18,99847.93767362,0.5472337799073976,2026_ytd
2026-03-19,99960.39177362001,0.43522474318248605,2026_ytd
2026-03-20,99731.07587162,0.6636330741257228,2026_ytd
2026-03-23,99703.95960062,0.6906420261717778,2026_ytd
2026-03-24,99703.95960062,0.6906420261717778,2026_ytd
2026-03-25,99818.0503724,0.5770027951763831,2026_ytd
2026-03-26,99818.0503724,0.5770027951763831,2026_ytd
2026-03-27,99795.64933878,0.5993151714918629,2026_ytd
2026-03-30,99799.44217878001,0.5955373425389592,2026_ytd
2026-03-31,99799.44217878001,0.5955373425389592,2026_ytd
2026-04-01,99660.70633006,0.7337241118460907,2026_ytd
2026-04-02,99660.70633006,0.7337241118460907,2026_ytd
2026-04-06,99630.84468845997,0.7634675690490186,2026_ytd
2026-04-07,99630.84468845997,0.7634675690490186,2026_ytd
2026-04-08,99630.84468845997,0.7634675690490186,2026_ytd
2026-04-09,99630.84468845997,0.7634675690490186,2026_ytd
2026-04-10,99630.84468845997,0.7634675690490186,2026_ytd
2026-04-13,99630.84468845997,0.7634675690490186,2026_ytd
2026-04-14,99630.84468845997,0.7634675690490186,2026_ytd
2026-04-15,99630.84468845997,0.7634675690490186,2026_ytd
2026-04-16,99641.20968845996,0.7531435909490414,2026_ytd
2026-04-17,99604.82342645997,0.7893858458480494,2026_ytd
2026-04-20,99560.16462645997,0.8338678982524603,2026_ytd
2026-04-21,99560.16462645997,0.8338678982524603,2026_ytd
2026-04-22,99560.16462645997,0.8338678982524603,2026_ytd
2026-04-23,99560.16462645997,0.8338678982524603,2026_ytd
2026-04-24,99560.16462645997,0.8338678982524603,2026_ytd
2026-04-27,99560.16462645997,0.8338678982524603,2026_ytd
2026-04-28,99348.93506445998,1.0442614700959383,2026_ytd
2026-04-29,99348.93506445998,1.0442614700959383,2026_ytd
2026-04-30,99348.93506445998,1.0442614700959383,2026_ytd
2026-05-01,99314.76916445998,1.0782921505943706,2026_ytd
2026-05-04,99205.63270545998,1.1869966766557383,2026_ytd
2026-05-05,99205.63270545998,1.1869966766557383,2026_ytd
2026-05-06,99205.63270545998,1.1869966766557383,2026_ytd
2026-05-07,99205.63270545998,1.1869966766557383,2026_ytd
2026-05-08,99205.63270545998,1.1869966766557383,2026_ytd
2026-05-11,99312.64612545996,1.0804067871734058,2026_ytd
2026-05-12,99583.84124145997,0.8102849889671878,2026_ytd
2026-05-13,99583.84124145997,0.8102849889671878,2026_ytd
2026-05-14,99615.42983225998,0.7788214173677003,2026_ytd
2026-05-15,99612.93583225997,0.7813055467822134,2026_ytd
2026-05-18,99619.22368225997,0.7750425824121284,2026_ytd
2026-05-19,99619.22368225997,0.7750425824121284,2026_ytd
2026-05-20,99619.22368225997,0.7750425824121284,2026_ytd
2026-05-21,99619.22368225997,0.7750425824121284,2026_ytd
2026-05-22,99628.85293825998,0.7654514364339987,2026_ytd
2026-05-26,99585.81458425996,0.8083194561306366,2026_ytd
2026-05-27,99625.50132525995,0.7687897846454791,2026_ytd
2026-05-28,99625.50132525995,0.7687897846454791,2026_ytd
2026-05-29,99635.86052525995,0.7584715835906365,2026_ytd
2026-06-01,99546.98530925997,0.8469950552370826,2026_ytd
2026-06-02,99546.98530925997,0.8469950552370826,2026_ytd
2026-06-03,99511.73477325999,0.8821060790360746,2026_ytd
2026-06-04,99511.73477325999,0.8821060790360746,2026_ytd
2026-06-05,99511.73477325999,0.8821060790360746,2026_ytd
2026-06-08,99511.73477325999,0.8821060790360746,2026_ytd
2026-06-09,99782.53471725996,0.6123778888447358,2026_ytd
2026-06-10,99646.50875725999,0.7478654944471782,2026_ytd
2026-06-11,99646.50875725999,0.7478654944471782,2026_ytd
2026-06-12,99695.62500019997,0.6989436404707177,2026_ytd
2026-06-15,99703.89060632,0.6907107474107802,2026_ytd
2026-06-16,99703.89060632,0.6907107474107802,2026_ytd
2026-06-17,99733.44982231999,0.6612685188881842,2026_ytd
2026-06-18,99866.69963932,0.5285460690536226,2026_ytd
2026-06-22,99866.69963932,0.5285460690536226,2026_ytd
2026-06-23,99866.69963932,0.5285460690536226,2026_ytd
2026-06-24,99862.99248730001,0.5322385491566248,2026_ytd
2026-06-25,99947.64238930002,0.4479236688465387,2026_ytd
2026-06-26,99947.64238930002,0.4479236688465387,2026_ytd
2026-06-29,99880.33758730002,0.5149620964270412,2026_ytd
2026-06-30,99927.6911893,0.46779590732879206,2026_ytd
2026-07-01,99927.6911893,0.46779590732879206,2026_ytd
2026-07-02,100008.77814846003,0.3870298686831055,2026_ytd
2026-07-06,100008.77814846003,0.3870298686831055,2026_ytd
2026-07-07,100097.98326846003,0.2981777987085136,2026_ytd
2026-07-08,100097.98326846003,0.2981777987085136,2026_ytd
2026-07-09,100076.69666886004,0.31938015163600675,2026_ytd
2026-07-10,100076.69666886004,0.31938015163600675,2026_ytd
2026-07-13,99922.55862486004,0.47290815845034906,2026_ytd
2026-07-14,99972.69719086002,0.42296802749535517,2026_ytd
2026-07-15,99972.69719086002,0.42296802749535517,2026_ytd
2026-07-16,99972.69719086002,0.42296802749535517,2026_ytd
2026-07-17,100058.61290386002,0.33739234592693607,2026_ytd
2026-07-20,99970.20367386006,0.4254516758214135,2026_ytd
2026-07-21,99970.20367386006,0.4254516758214135,2026_ytd
2026-07-22,99520.70015386006,0.8731761810164721,2026_ytd
2026-07-23,99397.59202886006,0.9957970769576564,2026_ytd
2026-07-24,99188.77471874005,1.20378794396943,2026_ytd
2026-07-27,99188.77471874005,1.20378794396943,2026_ytd
2026-07-28,99188.77471874005,1.20378794396943,2026_ytd
2026-07-29,99301.11898174006,1.0918883095390222,2026_ytd
2026-07-30,99301.11898174006,1.0918883095390222,2026_ytd
2026-07-31,99301.11898174006,1.0918883095390222,2026_ytd
2026-08-03,99285.74842174005,1.1071980369702457,2026_ytd
2026-08-04,99379.68252174006,1.0136357030346868,2026_ytd
2026-08-05,99379.68252174006,1.0136357030346868,2026_ytd
2026-08-06,99379.68252174006,1.0136357030346868,2026_ytd
2026-08-07,99380.07412886005,1.0132456457910202,2026_ytd
2026-08-10,99345.96406196008,1.04722071416192,2026_ytd
2026-08-11,99345.96406196008,1.04722071416192,2026_ytd
2026-08-12,99380.5173276201,1.01280420109323,2026_ytd
2026-08-13,99321.15379362009,1.0719327900902234,2026_ytd
2026-08-14,99321.15379362009,1.0719327900902234,2026_ytd
2026-08-17,99321.15379362009,1.0719327900902234,2026_ytd
2026-08-18,99328.3582036201,1.0647568932196607,2026_ytd
2026-08-19,99328.3582036201,1.0647568932196607,2026_ytd
2026-08-20,99328.3582036201,1.0647568932196607,2026_ytd
2026-08-21,99328.3582036201,1.0647568932196607,2026_ytd
