date,open,close,expected_bars,actual_bars,ok
2024-08-22,09:30,16:00,390,390,True
2024-08-23,09:30,16:00,390,390,True
2024-08-26,09:30,16:00,390,390,True
2024-08-27,09:30,16:00,390,390,True
2024-08-28,09:30,16:00,390,390,True
2024-08-29,09:30,16:00,390,390,True
2024-08-30,09:30,16:00,390,390,True
2024-09-03,09:30,16:00,390,390,True
2024-09-04,09:30,16:00,390,390,True
2024-09-05,09:30,16:00,390,390,True
2024-09-06,09:30,16:00,390,390,True
2024-09-09,09:30,16:00,390,390,True
2024-09-10,09:30,16:00,390,390,True
2024-09-11,09:30,16:00,390,390,True
2024-09-12,09:30,16:00,390,390,True
2024-09-13,09:30,16:00,390,390,True
2024-09-16,09:30,16:00,390,390,True
2024-09-17,09:30,16:00,390,390,True
2024-09-18,09:30,16:00,390,390,True
2024-09-19,09:30,16:00,390,390,True
2024-09-20,09:30,16:00,390,390,True
2024-09-23,09:30,16:00,390,390,True
2024-09-24,09:30,16:00,390,390,True
2024-09-25,09:30,16:00,390,390,True
2024-09-26,09:30,16:00,390,390,True
2024-09-27,09:30,16:00,390,390,True
2024-09-30,09:30,16:00,390,390,True
2024-10-01,09:30,16:00,390,390,True
2024-10-02,09:30,16:00,390,390,True
2024-10-03,09:30,16:00,390,390,True
2024-10-04,09:30,16:00,390,390,True
2024-10-07,09:30,16:00,390,390,True
2024-10-08,09:30,16:00,390,390,True
2024-10-09,09:30,16:00,390,390,True
2024-10-10,09:30,16:00,390,390,True
2024-10-11,09:30,16:00,390,390,True
2024-10-14,09:30,16:00,390,390,True
2024-10-15,09:30,16:00,390,390,True
2024-10-16,09:30,16:00,390,390,True
2024-10-17,09:30,16:00,390,390,True
2024-10-18,09:30,16:00,390,390,True
2024-10-21,09:30,16:00,390,390,True
2024-10-22,09:30,16:00,390,390,True
2024-10-23,09:30,16:00,390,390,True
2024-10-24,09:30,16:00,390,390,True
2024-10-25,09:30,16:00,390,390,True
2024-10-28,09:30,16:00,390,390,True
2024-10-29,09:30,16:00,390,390,True
2024-10-30,09:30,16:00,390,390,True
2024-10-31,09:30,16:00,390,390,True
2024-11-01,09:30,16:00,390,390,True
2024-11-04,09:30,16:00,390,390,True
2024-11-05,09:30,16:00,390,390,True
2024-11-06,09:30,16:00,390,390,True
2024-11-07,09:30,16:00,390,390,True
2024-11-08,09:30,16:00,390,390,True
2024-11-11,09:30,16:00,390,390,True
2024-11-12,09:30,16:00,390,390,True
2024-11-13,09:30,16:00,390,390,True
2024-11-14,09:30,16:00,390,390,True
2024-11-15,09:30,16:00,390,390,True
2024-11-18,09:30,16:00,390,390,True
2024-11-19,09:30,16:00,390,390,True
2024-11-20,09:30,16:00,390,390,True
2024-11-21,09:30,16:00,390,390,True
2024-11-22,09:30,16:00,390,390,True
2024-11-25,09:30,16:00,390,390,True
2024-11-26,09:30,16:00,390,390,True
2024-11-27,09:30,16:00,390,390,True
2024-11-29,09:30,13:00,210,210,True
2024-12-02,09:30,16:00,390,390,True
2024-12-03,09:30,16:00,390,390,True
2024-12-04,09:30,16:00,390,390,True
2024-12-05,09:30,16:00,390,390,True
2024-12-06,09:30,16:00,390,390,True
2024-12-09,09:30,16:00,390,390,True
2024-12-10,09:30,16:00,390,390,True
2024-12-11,09:30,16:00,390,390,True
2024-12-12,09:30,16:00,390,390,True
2024-12-13,09:30,16:00,390,390,True
2024-12-16,09:30,16:00,390,390,True
2024-12-17,09:30,16:00,390,390,True
2024-12-18,09:30,16:00,390,390,True
2024-12-19,09:30,16:00,390,390,True
2024-12-20,09:30,16:00,390,390,True
2024-12-23,09:30,16:00,390,390,True
2024-12-24,09:30,13:00,210,210,True
2024-12-26,09:30,16:00,390,390,True
2024-12-27,09:30,16:00,390,390,True
2024-12-30,09:30,16:00,390,390,True
2024-12-31,09:30,16:00,390,390,True
2025-01-02,09:30,16:00,390,390,True
2025-01-03,09:30,16:00,390,390,True
2025-01-06,09:30,16:00,390,390,True
2025-01-07,09:30,16:00,390,390,True
2025-01-08,09:30,16:00,390,390,True
2025-01-10,09:30,16:00,390,390,True
2025-01-13,09:30,16:00,390,390,True
2025-01-14,09:30,16:00,390,390,True
2025-01-15,09:30,16:00,390,390,True
2025-01-16,09:30,16:00,390,390,True
2025-01-17,09:30,16:00,390,390,True
2025-01-21,09:30,16:00,390,390,True
2025-01-22,09:30,16:00,390,390,True
2025-01-23,09:30,16:00,390,390,True
2025-01-24,09:30,16:00,390,390,True
2025-01-27,09:30,16:00,390,390,True
2025-01-28,09:30,16:00,390,390,True
2025-01-29,09:30,16:00,390,390,True
2025-01-30,09:30,16:00,390,390,True
2025-01-31,09:30,16:00,390,390,True
2025-02-03,09:30,16:00,390,390,True
2025-02-04,09:30,16:00,390,390,True
2025-02-05,09:30,16:00,390,390,True
2025-02-06,09:30,16:00,390,390,True
2025-02-07,09:30,16:00,390,390,True
2025-02-10,09:30,16:00,390,390,True
2025-02-11,09:30,16:00,390,390,True
2025-02-12,09:30,16:00,390,390,True
2025-02-13,09:30,16:00,390,390,True
2025-02-14,09:30,16:00,390,390,True
2025-02-18,09:30,16:00,390,390,True
2025-02-19,09:30,16:00,390,390,True
2025-02-20,09:30,16:00,390,390,True
2025-02-21,09:30,16:00,390,390,True
2025-02-24,09:30,16:00,390,390,True
2025-02-25,09:30,16:00,390,390,True
2025-02-26,09:30,16:00,390,390,True
2025-02-27,09:30,16:00,390,390,True
2025-02-28,09:30,16:00,390,390,True
2025-03-03,09:30,16:00,390,390,True
2025-03-04,09:30,16:00,390,390,True
2025-03-05,09:30,16:00,390,390,True
2025-03-06,09:30,16:00,390,390,True
2025-03-07,09:30,16:00,390,390,True
2025-03-10,09:30,16:00,390,390,True
2025-03-11,09:30,16:00,390,390,True
2025-03-12,09:30,16:00,390,390,True
2025-03-13,09:30,16:00,390,390,True
2025-03-14,09:30,16:00,390,390,True
2025-03-17,09:30,16:00,390,390,True
2025-03-18,09:30,16:00,390,390,True
2025-03-19,09:30,16:00,390,390,True
2025-03-20,09:30,16:00,390,390,True
2025-03-21,09:30,16:00,390,390,True
2025-03-24,09:30,16:00,390,390,True
2025-03-25,09:30,16:00,390,390,True
2025-03-26,09:30,16:00,390,390,True
2025-03-27,09:30,16:00,390,390,True
2025-03-28,09:30,16:00,390,390,True
2025-03-31,09:30,16:00,390,390,True
2025-04-01,09:30,16:00,390,390,True
2025-04-02,09:30,16:00,390,390,True
2025-04-03,09:30,16:00,390,390,True
2025-04-04,09:30,16:00,390,390,True
2025-04-07,09:30,16:00,390,390,True
2025-04-08,09:30,16:00,390,390,True
2025-04-09,09:30,16:00,390,390,True
2025-04-10,09:30,16:00,390,390,True
2025-04-11,09:30,16:00,390,390,True
2025-04-14,09:30,16:00,390,390,True
2025-04-15,09:30,16:00,390,390,True
2025-04-16,09:30,16:00,390,390,True
2025-04-17,09:30,16:00,390,390,True
2025-04-21,09:30,16:00,390,390,True
2025-04-22,09:30,16:00,390,390,True
2025-04-23,09:30,16:00,390,390,True
2025-04-24,09:30,16:00,390,390,True
2025-04-25,09:30,16:00,390,390,True
2025-04-28,09:30,16:00,390,390,True
2025-04-29,09:30,16:00,390,390,True
2025-04-30,09:30,16:00,390,390,True
2025-05-01,09:30,16:00,390,390,True
2025-05-02,09:30,16:00,390,390,True
2025-05-05,09:30,16:00,390,390,True
2025-05-06,09:30,16:00,390,390,True
2025-05-07,09:30,16:00,390,390,True
2025-05-08,09:30,16:00,390,390,True
2025-05-09,09:30,16:00,390,390,True
2025-05-12,09:30,16:00,390,390,True
2025-05-13,09:30,16:00,390,390,True
2025-05-14,09:30,16:00,390,390,True
2025-05-15,09:30,16:00,390,390,True
2025-05-16,09:30,16:00,390,390,True
2025-05-19,09:30,16:00,390,390,True
2025-05-20,09:30,16:00,390,390,True
2025-05-21,09:30,16:00,390,390,True
2025-05-22,09:30,16:00,390,390,True
2025-05-23,09:30,16:00,390,390,True
2025-05-27,09:30,16:00,390,390,True
2025-05-28,09:30,16:00,390,390,True
2025-05-29,09:30,16:00,390,390,True
2025-05-30,09:30,16:00,390,390,True
2025-06-02,09:30,16:00,390,390,True
2025-06-03,09:30,16:00,390,390,True
2025-06-04,09:30,16:00,390,390,True
2025-06-05,09:30,16:00,390,390,True
2025-06-06,09:30,16:00,390,390,True
2025-06-09,09:30,16:00,390,390,True
2025-06-10,09:30,16:00,390,390,True
2025-06-11,09:30,16:00,390,390,True
2025-06-12,09:30,16:00,390,390,True
2025-06-13,09:30,16:00,390,390,True
2025-06-16,09:30,16:00,390,390,True
2025-06-17,09:30,16:00,390,390,True
2025-06-18,09:30,16:00,390,390,True
2025-06-20,09:30,16:00,390,390,True
2025-06-23,09:30,16:00,390,390,True
2025-06-24,09:30,16:00,390,390,True
2025-06-25,09:30,16:00,390,390,True
2025-06-26,09:30,16:00,390,390,True
2025-06-27,09:30,16:00,390,390,True
2025-06-30,09:30,16:00,390,390,True
2025-07-01,09:30,16:00,390,390,True
2025-07-02,09:30,16:00,390,390,True
2025-07-03,09:30,13:00,210,210,True
2025-07-07,09:30,16:00,390,390,True
2025-07-08,09:30,16:00,390,390,True
2025-07-09,09:30,16:00,390,390,True
2025-07-10,09:30,16:00,390,390,True
2025-07-11,09:30,16:00,390,390,True
2025-07-14,09:30,16:00,390,390,True
2025-07-15,09:30,16:00,390,390,True
2025-07-16,09:30,16:00,390,390,True
2025-07-17,09:30,16:00,390,390,True
2025-07-18,09:30,16:00,390,390,True
2025-07-21,09:30,16:00,390,390,True
2025-07-22,09:30,16:00,390,390,True
2025-07-23,09:30,16:00,390,390,True
2025-07-24,09:30,16:00,390,390,True
2025-07-25,09:30,16:00,390,390,True
2025-07-28,09:30,16:00,390,390,True
2025-07-29,09:30,16:00,390,390,True
2025-07-30,09:30,16:00,390,390,True
2025-07-31,09:30,16:00,390,390,True
2025-08-01,09:30,16:00,390,390,True
2025-08-04,09:30,16:00,390,390,True
2025-08-05,09:30,16:00,390,390,True
2025-08-06,09:30,16:00,390,390,True
2025-08-07,09:30,16:00,390,390,True
2025-08-08,09:30,16:00,390,390,True
2025-08-11,09:30,16:00,390,390,True
2025-08-12,09:30,16:00,390,390,True
2025-08-13,09:30,16:00,390,390,True
2025-08-14,09:30,16:00,390,390,True
2025-08-15,09:30,16:00,390,390,True
2025-08-18,09:30,16:00,390,390,True
2025-08-19,09:30,16:00,390,390,True
2025-08-20,09:30,16:00,390,390,True
2025-08-21,09:30,16:00,390,390,True
2025-08-22,09:30,16:00,390,390,True
2025-08-25,09:30,16:00,390,390,True
2025-08-26,09:30,16:00,390,390,True
2025-08-27,09:30,16:00,390,390,True
2025-08-28,09:30,16:00,390,390,True
2025-08-29,09:30,16:00,390,390,True
2025-09-02,09:30,16:00,390,390,True
2025-09-03,09:30,16:00,390,390,True
2025-09-04,09:30,16:00,390,390,True
2025-09-05,09:30,16:00,390,390,True
2025-09-08,09:30,16:00,390,390,True
2025-09-09,09:30,16:00,390,390,True
2025-09-10,09:30,16:00,390,390,True
2025-09-11,09:30,16:00,390,390,True
2025-09-12,09:30,16:00,390,390,True
2025-09-15,09:30,16:00,390,390,True
2025-09-16,09:30,16:00,390,390,True
2025-09-17,09:30,16:00,390,390,True
2025-09-18,09:30,16:00,390,390,True
2025-09-19,09:30,16:00,390,390,True
2025-09-22,09:30,16:00,390,390,True
2025-09-23,09:30,16:00,390,390,True
2025-09-24,09:30,16:00,390,390,True
2025-09-25,09:30,16:00,390,390,True
2025-09-26,09:30,16:00,390,390,True
2025-09-29,09:30,16:00,390,390,True
2025-09-30,09:30,16:00,390,390,True
2025-10-01,09:30,16:00,390,390,True
2025-10-02,09:30,16:00,390,390,True
2025-10-03,09:30,16:00,390,390,True
2025-10-06,09:30,16:00,390,390,True
2025-10-07,09:30,16:00,390,390,True
2025-10-08,09:30,16:00,390,390,True
2025-10-09,09:30,16:00,390,390,True
2025-10-10,09:30,16:00,390,390,True
2025-10-13,09:30,16:00,390,390,True
2025-10-14,09:30,16:00,390,390,True
2025-10-15,09:30,16:00,390,390,True
2025-10-16,09:30,16:00,390,390,True
2025-10-17,09:30,16:00,390,390,True
2025-10-20,09:30,16:00,390,390,True
2025-10-21,09:30,16:00,390,390,True
2025-10-22,09:30,16:00,390,390,True
2025-10-23,09:30,16:00,390,390,True
2025-10-24,09:30,16:00,390,390,True
2025-10-27,09:30,16:00,390,390,True
2025-10-28,09:30,16:00,390,390,True
2025-10-29,09:30,16:00,390,390,True
2025-10-30,09:30,16:00,390,390,True
2025-10-31,09:30,16:00,390,390,True
2025-11-03,09:30,16:00,390,390,True
2025-11-04,09:30,16:00,390,390,True
2025-11-05,09:30,16:00,390,390,True
2025-11-06,09:30,16:00,390,390,True
2025-11-07,09:30,16:00,390,390,True
2025-11-10,09:30,16:00,390,390,True
2025-11-11,09:30,16:00,390,390,True
2025-11-12,09:30,16:00,390,390,True
2025-11-13,09:30,16:00,390,390,True
2025-11-14,09:30,16:00,390,390,True
2025-11-17,09:30,16:00,390,390,True
2025-11-18,09:30,16:00,390,390,True
2025-11-19,09:30,16:00,390,390,True
2025-11-20,09:30,16:00,390,390,True
2025-11-21,09:30,16:00,390,390,True
2025-11-24,09:30,16:00,390,390,True
2025-11-25,09:30,16:00,390,390,True
2025-11-26,09:30,16:00,390,390,True
2025-11-28,09:30,13:00,210,210,True
2025-12-01,09:30,16:00,390,390,True
2025-12-02,09:30,16:00,390,390,True
2025-12-03,09:30,16:00,390,390,True
2025-12-04,09:30,16:00,390,390,True
2025-12-05,09:30,16:00,390,390,True
2025-12-08,09:30,16:00,390,390,True
2025-12-09,09:30,16:00,390,390,True
2025-12-10,09:30,16:00,390,390,True
2025-12-11,09:30,16:00,390,390,True
2025-12-12,09:30,16:00,390,390,True
2025-12-15,09:30,16:00,390,390,True
2025-12-16,09:30,16:00,390,390,True
2025-12-17,09:30,16:00,390,390,True
2025-12-18,09:30,16:00,390,390,True
2025-12-19,09:30,16:00,390,390,True
2025-12-22,09:30,16:00,390,390,True
2025-12-23,09:30,16:00,390,390,True
2025-12-24,09:30,13:00,210,210,True
2025-12-26,09:30,16:00,390,390,True
2025-12-29,09:30,16:00,390,390,True
2025-12-30,09:30,16:00,390,390,True
2025-12-31,09:30,16:00,390,390,True
2026-01-02,09:30,16:00,390,390,True
2026-01-05,09:30,16:00,390,390,True
2026-01-06,09:30,16:00,390,390,True
2026-01-07,09:30,16:00,390,390,True
2026-01-08,09:30,16:00,390,390,True
2026-01-09,09:30,16:00,390,390,True
2026-01-12,09:30,16:00,390,390,True
2026-01-13,09:30,16:00,390,390,True
2026-01-14,09:30,16:00,390,390,True
2026-01-15,09:30,16:00,390,390,True
2026-01-16,09:30,16:00,390,390,True
2026-01-20,09:30,16:00,390,390,True
2026-01-21,09:30,16:00,390,390,True
2026-01-22,09:30,16:00,390,390,True
2026-01-23,09:30,16:00,390,390,True
2026-01-26,09:30,16:00,390,390,True
2026-01-27,09:30,16:00,390,390,True
2026-01-28,09:30,16:00,390,390,True
2026-01-29,09:30,16:00,390,390,True
2026-01-30,09:30,16:00,390,390,True
2026-02-02,09:30,16:00,390,390,True
2026-02-03,09:30,16:00,390,390,True
2026-02-04,09:30,16:00,390,390,True
2026-02-05,09:30,16:00,390,390,True
2026-02-06,09:30,16:00,390,390,True
2026-02-09,09:30,16:00,390,390,True
2026-02-10,09:30,16:00,390,390,True
2026-02-11,09:30,16:00,390,390,True
2026-02-12,09:30,16:00,390,390,True
2026-02-13,09:30,16:00,390,390,True
2026-02-17,09:30,16:00,390,390,True
2026-02-18,09:30,16:00,390,390,True
2026-02-19,09:30,16:00,390,390,True
2026-02-20,09:30,16:00,390,390,True
2026-02-23,09:30,16:00,390,390,True
2026-02-24,09:30,16:00,390,390,True
2026-02-25,09:30,16:00,390,390,True
2026-02-26,09:30,16:00,390,390,True
2026-02-27,09:30,16:00,390,390,True
2026-03-02,09:30,16:00,390,390,True
2026-03-03,09:30,16:00,390,390,True
2026-03-04,09:30,16:00,390,390,True
2026-03-05,09:30,16:00,390,390,True
2026-03-06,09:30,16:00,390,390,True
2026-03-09,09:30,16:00,390,390,True
2026-03-10,09:30,16:00,390,390,True
2026-03-11,09:30,16:00,390,390,True
2026-03-12,09:30,16:00,390,390,True
2026-03-13,09:30,16:00,390,390,True
2026-03-16,09:30,16:00,390,390,True
2026-03-17,09:30,16:00,390,390,True
2026-03-18,09:30,16:00,390,390,True
2026-03-19,09:30,16:00,390,390,True
2026-03-20,09:30,16:00,390,390,True
2026-03-23,09:30,16:00,390,390,True
2026-03-24,09:30,16:00,390,390,True
2026-03-25,09:30,16:00,390,390,True
2026-03-26,09:30,16:00,390,390,True
2026-03-27,09:30,16:00,390,390,True
2026-03-30,09:30,16:00,390,390,True
2026-03-31,09:30,16:00,390,390,True
2026-04-01,09:30,16:00,390,390,True
2026-04-02,09:30,16:00,390,390,True
2026-04-06,09:30,16:00,390,390,True
2026-04-07,09:30,16:00,390,390,True
2026-04-08,09:30,16:00,390,390,True
2026-04-09,09:30,16:00,390,390,True
2026-04-10,09:30,16:00,390,390,True
2026-04-13,09:30,16:00,390,390,True
2026-04-14,09:30,16:00,390,390,True
2026-04-15,09:30,16:00,390,390,True
2026-04-16,09:30,16:00,390,390,True
2026-04-17,09:30,16:00,390,390,True
2026-04-20,09:30,16:00,390,390,True
2026-04-21,09:30,16:00,390,390,True
2026-04-22,09:30,16:00,390,390,True
2026-04-23,09:30,16:00,390,390,True
2026-04-24,09:30,16:00,390,390,True
2026-04-27,09:30,16:00,390,390,True
2026-04-28,09:30,16:00,390,390,True
2026-04-29,09:30,16:00,390,390,True
2026-04-30,09:30,16:00,390,390,True
2026-05-01,09:30,16:00,390,390,True
2026-05-04,09:30,16:00,390,390,True
2026-05-05,09:30,16:00,390,390,True
2026-05-06,09:30,16:00,390,390,True
2026-05-07,09:30,16:00,390,390,True
2026-05-08,09:30,16:00,390,390,True
2026-05-11,09:30,16:00,390,390,True
2026-05-12,09:30,16:00,390,390,True
2026-05-13,09:30,16:00,390,390,True
2026-05-14,09:30,16:00,390,390,True
2026-05-15,09:30,16:00,390,390,True
2026-05-18,09:30,16:00,390,390,True
2026-05-19,09:30,16:00,390,390,True
2026-05-20,09:30,16:00,390,390,True
2026-05-21,09:30,16:00,390,390,True
2026-05-22,09:30,16:00,390,390,True
2026-05-26,09:30,16:00,390,390,True
2026-05-27,09:30,16:00,390,390,True
2026-05-28,09:30,16:00,390,390,True
2026-05-29,09:30,16:00,390,390,True
2026-06-01,09:30,16:00,390,390,True
2026-06-02,09:30,16:00,390,390,True
2026-06-03,09:30,16:00,390,390,True
2026-06-04,09:30,16:00,390,390,True
2026-06-05,09:30,16:00,390,390,True
2026-06-08,09:30,16:00,390,390,True
2026-06-09,09:30,16:00,390,390,True
2026-06-10,09:30,16:00,390,390,True
2026-06-11,09:30,16:00,390,390,True
2026-06-12,09:30,16:00,390,390,True
2026-06-15,09:30,16:00,390,390,True
2026-06-16,09:30,16:00,390,390,True
2026-06-17,09:30,16:00,390,390,True
2026-06-18,09:30,16:00,390,390,True
2026-06-22,09:30,16:00,390,390,True
2026-06-23,09:30,16:00,390,390,True
2026-06-24,09:30,16:00,390,390,True
2026-06-25,09:30,16:00,390,390,True
2026-06-26,09:30,16:00,390,390,True
2026-06-29,09:30,16:00,390,390,True
2026-06-30,09:30,16:00,390,390,True
2026-07-01,09:30,16:00,390,390,True
2026-07-02,09:30,16:00,390,390,True
2026-07-06,09:30,16:00,390,390,True
2026-07-07,09:30,16:00,390,390,True
2026-07-08,09:30,16:00,390,390,True
2026-07-09,09:30,16:00,390,390,True
2026-07-10,09:30,16:00,390,390,True
2026-07-13,09:30,16:00,390,390,True
2026-07-14,09:30,16:00,390,390,True
2026-07-15,09:30,16:00,390,390,True
2026-07-16,09:30,16:00,390,390,True
2026-07-17,09:30,16:00,390,390,True
2026-07-20,09:30,16:00,390,390,True
2026-07-21,09:30,16:00,390,390,True
2026-07-22,09:30,16:00,390,390,True
2026-07-23,09:30,16:00,390,390,True
2026-07-24,09:30,16:00,390,390,True
2026-07-27,09:30,16:00,390,390,True
2026-07-28,09:30,16:00,390,390,True
2026-07-29,09:30,16:00,390,390,True
2026-07-30,09:30,16:00,390,390,True
2026-07-31,09:30,16:00,390,390,True
2026-08-03,09:30,16:00,390,390,True
2026-08-04,09:30,16:00,390,390,True
2026-08-05,09:30,16:00,390,390,True
2026-08-06,09:30,16:00,390,390,True
2026-08-07,09:30,16:00,390,390,True
2026-08-10,09:30,16:00,390,390,True
2026-08-11,09:30,16:00,390,390,True
2026-08-12,09:30,16:00,390,390,True
2026-08-13,09:30,16:00,390,390,True
2026-08-14,09:30,16:00,390,390,True
2026-08-17,09:30,16:00,390,390,True
2026-08-18,09:30,16:00,390,390,True
2026-08-19,09:30,16:00,390,390,True
2026-08-20,09:30,16:00,390,390,True
2026-08-21,09:30,16:00,390,390,True
