trade_id,ticker,direction,entry_time,entry_price,exit_time,exit_price,shares,position_value,gross_pnl,commission,slippage,net_pnl,return_pct,exit_reason,duration_bars,entry_z_score,exit_z_score,mae_pct
3,NVDA,-1,2024-08-22 15:51:00-04:00,123.645266,2024-08-22 15:56:00-04:00,123.464688,161,19910.87,37.03000000000064,1.127,7.956941999998833,27.946058000001806,0.0014035578555834983,FORCED_EOD,5,0.4956850271047233,-0.4732052591872715,0.0007661757143212286
4,NVDA,1,2024-08-23 12:48:00-04:00,126.92538,2024-08-23 13:17:00-04:00,127.62447,157,19923.3,117.75,1.099,7.992870000000281,108.65812999999972,0.005453821907013382,TAKE_PROFIT,29,-2.574025292056956,1.2746772051110222,0.0007514651522020717
6,NVDA,1,2024-08-23 15:00:00-04:00,128.305656,2024-08-23 15:26:00-04:00,128.764242,155,19883.4,79.04999999999859,1.085,7.969169999999082,69.99582999999951,0.003520314936077306,TAKE_PROFIT,26,-2.5441828994693507,-0.31808555708014163,0.0033564849237823083
7,NVDA,1,2024-08-23 15:32:00-04:00,128.570709,2024-08-23 15:39:00-04:00,128.594276,155,19924.475,11.625000000002643,1.085,7.972115000000457,2.5678850000021853,0.00012888093663708506,TAKE_PROFIT,7,-3.0861708902921983,0.7357739728261703,0.0011721876714548274
9,NVDA,1,2024-08-26 15:46:00-04:00,126.29025299999999,2024-08-26 15:49:00-04:00,126.364722,158,19949.87,19.75,1.106,7.9838979999987885,10.66010200000121,0.0005343444343246954,TAKE_PROFIT,3,-1.4567442039450191,1.6718497162557302,0.001348108788728044
10,NVDA,1,2024-08-27 11:42:00-04:00,127.69613412,2024-08-27 11:46:00-04:00,127.864422,156,19916.6136,34.22640000000115,1.092,7.973490719999859,25.16090928000129,0.001263312618566908,TAKE_PROFIT,4,-1.4427487630341491,1.0970811261075526,0.0018491876956752674
15,NVDA,1,2024-08-28 14:43:00-04:00,124.76494799999999,2024-08-28 14:51:00-04:00,124.97000100000001,160,19958.399999999998,40.800000000001546,1.12,7.991519999998218,31.68848000000333,0.0015877264710599714,TAKE_PROFIT,8,-1.1109127059639952,0.6762240883493907,0.002724707583735719
16,NVDA,1,2024-08-29 11:23:00-04:00,121.184232,2024-08-29 11:41:00-04:00,121.65566400000002,165,19991.399999999998,85.80000000000169,1.155,8.013719999998159,76.63128000000353,0.0038332122812811276,TAKE_PROFIT,18,-2.356421673804085,0.12659971688844776,0.0037482764259296575
21,NVDA,-1,2024-09-03 12:44:00-04:00,110.35032552,2024-09-03 13:00:00-04:00,110.197035,181,19977.4044,35.729400000000325,1.2670000000000001,7.983815880000549,26.478584119999773,0.0013254266465166904,TAKE_PROFIT,16,2.688049907692965,0.3506568822115217,0.004165592424253357
24,NVDA,1,2024-09-04 12:48:00-04:00,108.41197806,2024-09-04 12:58:00-04:00,108.803235,184,19943.8152,79.9848000000012,1.288,7.993523040000241,70.70327696000096,0.003545122949193841,TAKE_PROFIT,10,-2.6079134274588247,0.8902081419814953,0.0010790141651622024
26,NVDA,-1,2024-09-04 15:54:00-04:00,106.74364700000001,2024-09-04 15:56:00-04:00,106.406277,187,19965.055,71.05999999999915,1.309,7.971809999997831,61.77919000000132,0.003094366131222845,FORCED_EOD,2,3.010809466195032,1.0217008584059823,0.00043424598374455304
29,NVDA,1,2024-09-06 12:04:00-04:00,101.205237,2024-09-06 12:09:00-04:00,101.719652,197,19933.445,109.33499999999854,1.379,7.995244999998619,99.96075499999992,0.005014725502791912,TAKE_PROFIT,5,-2.848437994159508,0.6002910166532833,0.0025219742334084347
30,NVDA,1,2024-09-09 12:32:00-04:00,105.56370851999999,2024-09-09 12:54:00-04:00,105.848826,189,19947.5514,61.878600000002166,1.323,7.991396280000103,52.56420372000206,0.0026351206053291366,TAKE_PROFIT,22,-2.6028860277542165,0.6827361602303207,0.003540123071075998
31,NVDA,-1,2024-09-09 14:01:00-04:00,105.298936,2024-09-09 14:29:00-04:00,105.00089598,189,19905.48,64.27889999999859,1.323,7.949336219998216,55.00656378000037,0.002763387960501348,TAKE_PROFIT,28,2.557696816877562,-1.0025251418278456,0.0016720396870866451
33,NVDA,1,2024-09-10 14:03:00-04:00,106.97139,2024-09-10 14:06:00-04:00,106.98859800000001,186,19892.7,11.160000000000423,1.302,7.95931199999842,1.8986880000020037,9.54464703133312e-05,TAKE_PROFIT,3,-2.0064582996873206,1.0060517076944098,0.0005738917667612147
34,NVDA,1,2024-09-10 15:16:00-04:00,107.2119381,2024-09-10 15:28:00-04:00,107.363523,186,19937.433,36.17700000000093,1.302,7.982208600000348,26.892791400000583,0.001348859273909564,TAKE_PROFIT,12,-2.2759826317906184,-0.201926499097048,0.0016969947864415712
35,NVDA,-1,2024-09-11 10:27:00-04:00,109.538088,2024-09-11 10:40:00-04:00,108.131622,182,19939.920000000002,263.90000000000055,1.274,7.923187999998902,254.70281200000164,0.012773512230741227,TAKE_PROFIT,13,2.7128756051067793,-0.24169525951972276,0.002208473823278705
36,NVDA,1,2024-09-11 11:49:00-04:00,110.53210200000001,2024-09-11 11:53:00-04:00,110.587878,180,19891.8,17.999999999998977,1.26,7.960319999999967,8.779679999999008,0.0004413718215545606,TAKE_PROFIT,4,-2.5101038737446455,1.5375340805203777,0.0013760889121606815
38,NVDA,-1,2024-09-11 15:36:00-04:00,116.25174500000001,2024-09-11 15:42:00-04:00,115.833162,172,19999.3,79.98000000000059,1.204,7.98372399999846,70.79227600000213,0.0035397376908192853,TAKE_PROFIT,6,2.606127492149888,-0.12938107682655314,0.0005871309716682472
41,NVDA,1,2024-09-13 15:44:00-04:00,118.783752,2024-09-13 15:56:00-04:00,119.06608202,168,19951.68,55.423199999999156,1.176,7.991756640000972,46.25544335999818,0.0023183733580329166,FORCED_EOD,12,-2.969964765573037,-0.056034471328730566,0.0006208929989011724
42,NVDA,1,2024-09-16 14:59:00-04:00,116.24324399999999,2024-09-16 15:05:00-04:00,116.39171700000001,172,19989.84,33.54000000000127,1.204,8.002643999997133,24.333356000004137,0.0012172861813803482,TAKE_PROFIT,6,-2.4425642785192725,1.1147254084378173,0.00019996000799832428
56,NVDA,1,2024-09-24 10:44:00-04:00,115.493094,2024-09-24 11:18:00-04:00,116.62667,173,19976.31,204.14000000000118,1.211,8.031352000000311,194.89764800000086,0.009756438901879319,TAKE_PROFIT,34,-3.501065202972293,0.31336192295433074,0.0009792273813359247
59,NVDA,1,2024-09-25 13:56:00-04:00,123.03540216,2024-09-25 14:07:00-04:00,123.385318,162,19927.7496,64.67039999999892,1.1340000000000001,7.98403391999986,55.55236607999906,0.002787688885853878,TAKE_PROFIT,11,-2.6379581808054016,0.5239053350624087,0.0006128492992769204
60,NVDA,1,2024-09-25 14:39:00-04:00,123.35846676,2024-09-25 14:50:00-04:00,123.515292,162,19980.0756,33.40440000000157,1.1340000000000001,7.998711120001019,24.271688880000553,0.001214794646722986,TAKE_PROFIT,11,-2.0911416047712246,0.7638714575805132,0.00047395822545161573
61,NVDA,1,2024-09-26 10:57:00-04:00,123.304656,2024-09-26 11:07:00-04:00,124.10887326000001,162,19971.36,138.29940000000056,1.1340000000000001,8.016203879998017,129.14919612000256,0.006466720149253859,TAKE_PROFIT,10,-1.9335843215376356,-0.21891010686279294,0.009323703072493817
64,NVDA,1,2024-09-27 11:24:00-04:00,120.139023,2024-09-27 11:36:00-04:00,120.29893539999999,166,19939.09,34.527999999999736,1.162,7.982541600000388,25.38345839999935,0.001273049993755951,TAKE_PROFIT,12,-2.711098750049427,0.6784355690777653,0.00265544859641485
65,NVDA,-1,2024-09-27 14:09:00-04:00,120.685858,2024-09-27 14:21:00-04:00,120.554106,165,19917.149999999998,29.69999999999878,1.155,7.960920000000158,20.58407999999862,0.001033485212492682,TAKE_PROFIT,12,1.8475788507380266,-0.3284616624481761,0.000372388287615323
66,NVDA,1,2024-09-27 14:29:00-04:00,119.86816884,2024-09-27 14:34:00-04:00,119.87602000000001,166,19894.1372,9.262800000000823,1.162,7.959507439998248,0.14129256000257584,7.102221050459822e-06,TAKE_PROFIT,5,-2.553730390815768,0.14562536366714013,0.0050736475403388714
68,NVDA,1,2024-09-30 15:38:00-04:00,119.92458011999999,2024-09-30 15:56:00-04:00,121.340727,166,19903.4996,243.09039999999962,1.162,8.010017919997352,233.91838208000226,0.011752625758336603,FORCED_EOD,18,-2.781219074303882,0.3099691020595039,0.00020496315246954543
70,NVDA,-1,2024-10-01 10:59:00-04:00,118.286338,2024-10-01 11:07:00-04:00,117.533502,169,19994.39,135.19999999999953,1.183,7.970715999999172,126.04628400000037,0.0063040824951399056,TAKE_PROFIT,8,1.7572089438640641,-0.4773776592468779,0.00028458062502528846
71,NVDA,1,2024-10-01 11:19:00-04:00,116.67333,2024-10-01 11:21:00-04:00,116.97640004,171,19947.15,59.81579999999789,1.197,7.990823159998854,50.627976839999036,0.002538105786540886,TAKE_PROFIT,2,-1.4329208138205922,-0.6589468788494867,0.00028566939848212545
72,NVDA,1,2024-10-01 13:12:00-04:00,116.11241784,2024-10-01 13:23:00-04:00,116.17176099999999,172,19967.3424,18.19759999999792,1.204,7.990576480000811,9.003023519997107,0.00045088742105194263,TAKE_PROFIT,11,-2.5215094966082385,0.8168769921491396,0.002776773113486308
74,NVDA,1,2024-10-01 14:52:00-04:00,117.493494,2024-10-01 14:59:00-04:00,117.82643,170,19969.9,64.59999999999923,1.19,8.000879999998602,55.40912000000063,0.002774631820890471,TAKE_PROFIT,7,-2.4109593660401556,0.21674526658836804,0.002157515206756924
76,NVDA,1,2024-10-02 13:52:00-04:00,118.44818489999999,2024-10-02 14:17:00-04:00,118.606274,168,19895.316,34.524000000000115,1.176,7.965031199998066,25.382968800002047,0.0012758263703879873,TAKE_PROFIT,25,-2.2747729929461062,1.2667938110946435,0.0010822023157907735
77,NVDA,-1,2024-10-02 14:22:00-04:00,118.75684388,2024-10-02 15:01:00-04:00,118.72374,168,19955.1408,13.540800000000672,1.176,7.979348160000882,4.38545183999979,0.0002197655172645933,TAKE_PROFIT,39,2.652353508799472,-0.7697950640538764,0.0011212500740971638
79,NVDA,1,2024-10-03 11:42:00-04:00,123.0165984,2024-10-03 11:57:00-04:00,123.17536000000001,162,19924.704,33.69599999999974,1.1340000000000001,7.976620799998869,24.585379200000872,0.00123391440093669,TAKE_PROFIT,15,-1.9131353135111564,-0.6934205421304395,0.0011916960955408926
81,NVDA,1,2024-10-03 15:31:00-04:00,122.309457,2024-10-03 15:44:00-04:00,122.460503,163,19932.454999999998,32.60000000000046,1.141,7.979501999999158,23.479498000001307,0.0011779531422497283,TAKE_PROFIT,13,-0.42023436844698214,0.09675542318413909,0.001057620589387449
87,NVDA,-1,2024-10-08 13:23:00-04:00,132.15356400000002,2024-10-08 13:29:00-04:00,132.091413,151,19959.18,17.365000000001373,1.057,7.9801989999970715,8.327801000004303,0.00041724164018783856,TAKE_PROFIT,6,3.0778873873770523,0.07739095491530565,0.000881065909051027
88,NVDA,1,2024-10-09 10:38:00-04:00,133.306656,2024-10-09 11:03:00-04:00,133.52319002000002,150,19992.0,40.48500000000104,1.05,8.00489699999929,31.43010300000175,0.0015721340036015281,TAKE_PROFIT,25,-2.654287340025573,0.2066460996806845,0.005976115701229598
90,NVDA,-1,2024-10-09 14:27:00-04:00,132.383518,2024-10-09 14:44:00-04:00,132.33636198,151,19993.91,15.115099999999643,1.057,7.994540979997083,6.063559020002559,0.00030327029680550526,TAKE_PROFIT,17,3.1645081142796054,0.37819540425824144,0.0023151069304563152
93,NVDA,1,2024-10-10 14:39:00-04:00,134.04140292,2024-10-10 14:56:00-04:00,134.18305802,149,19968.1754,29.099700000000468,1.043,7.993090099999222,20.063609900001246,0.0010047793300133594,TAKE_PROFIT,17,-2.88045334824752,0.09159251252371925,0.003889864688384192
94,NVDA,1,2024-10-14 11:15:00-04:00,138.4016748,2024-10-14 11:22:00-04:00,138.57497946,144,19925.856,32.9328000000005,1.008,7.976928959998531,23.947871040001967,0.0012018490467863446,TAKE_PROFIT,7,-2.2411242315744615,0.09203297147326897,0.002078549991650756
98,NVDA,-1,2024-10-15 12:39:00-04:00,131.4517044,2024-10-15 12:57:00-04:00,131.116218,152,19984.656000000003,58.976000000000795,1.064,7.982067199999619,49.929932800001176,0.0024984134227780137,TAKE_PROFIT,18,2.38607469518884,-0.0132816598890237,0.0018888731883188682
105,NVDA,1,2024-10-17 14:25:00-04:00,138.47769,2024-10-17 14:44:00-04:00,138.58227800000003,144,19936.8,23.0400000000036,1.008,7.979327999998532,14.05267200000507,0.0007048609606358629,TAKE_PROFIT,19,-2.228590283817552,0.14120491167704546,0.002655229156407663
107,NVDA,1,2024-10-18 12:19:00-04:00,137.47749,2024-10-18 12:43:00-04:00,137.80173413999998,145,19930.25,54.99850000000009,1.0150000000000001,7.983099700001475,46.00040029999862,0.0023080694070570424,TAKE_PROFIT,24,-2.9397915946019166,0.4894527556885443,0.001218308539092375
109,NVDA,1,2024-10-18 14:55:00-04:00,138.012597,2024-10-18 15:06:00-04:00,138.02239,144,19869.840000000004,9.359999999999673,1.008,7.949807999999393,0.4021920000002801,2.02413305794249e-05,TAKE_PROFIT,11,-2.1626990425274455,0.6432703579846858,0.001033217279434246
112,NVDA,-1,2024-10-21 14:51:00-04:00,142.11817068000002,2024-10-21 15:01:00-04:00,141.968388,140,19900.524,28.92400000000123,0.98,7.95442479999906,19.989575200002168,0.0010044748168441277,TAKE_PROFIT,10,1.6988189093371069,0.4166986865468342,0.00043505569839626405
114,NVDA,1,2024-10-22 12:35:00-04:00,142.748544,2024-10-22 13:16:00-04:00,142.86542120000001,140,19980.8,24.360000000000923,0.98,7.997192000000268,15.382808000000654,0.0007698794843049655,TAKE_PROFIT,41,-2.4058464811631377,0.08959229340644999,0.0055240073061620975
120,NVDA,-1,2024-10-23 15:53:00-04:00,139.762042,2024-10-23 15:56:00-04:00,139.5279,143,19989.969999999998,41.46999999999886,1.0010000000000001,7.987693999996026,32.48130600000284,0.0016248801774091128,FORCED_EOD,3,2.7686587266513003,0.22418206460779558,0.00048624074911558893
130,NVDA,-1,2024-10-30 11:31:00-04:00,139.962002,2024-10-30 11:52:00-04:00,139.907976,142,19878.58,15.620000000001937,0.994,7.94830799999886,6.677692000003077,0.00033592399457119554,TAKE_PROFIT,21,2.020161765385117,0.3369320505992861,0.0010574155691199757
132,NVDA,1,2024-10-30 15:03:00-04:00,139.557906,2024-10-30 15:16:00-04:00,139.792036,143,19952.79,41.46999999999886,1.0010000000000001,7.989409999999822,32.47958999999904,0.001627821973769034,TAKE_PROFIT,13,-2.311998282391762,0.693732893996501,0.0016330568903777489
134,NVDA,1,2024-10-31 09:52:00-04:00,134.13682200000002,2024-10-31 10:09:00-04:00,134.168161,149,19982.390000000003,12.664999999996951,1.043,7.995489000000788,3.6265109999961638,0.00018148534784858886,TAKE_PROFIT,17,-2.04261714796919,0.14720666572093347,0.0131710441149412
135,NVDA,-1,2024-10-31 13:12:00-04:00,133.63316802,2024-10-31 13:31:00-04:00,133.26774822,149,19915.3251,62.40120000000067,1.043,7.953649799998857,53.404550200001815,0.0026815806386209493,TAKE_PROFIT,19,2.5123963466772694,0.33800421314478607,0.0007994420964712957
136,NVDA,1,2024-10-31 14:05:00-04:00,132.786552,2024-10-31 14:07:00-04:00,132.86122244,150,19914.0,19.170000000001153,1.05,7.969434000000319,10.150566000000833,0.0005097200964146245,TAKE_PROFIT,2,-1.3834211265201624,-0.1078268630995444,0.0002376144234847284
137,NVDA,1,2024-10-31 14:22:00-04:00,132.636522,2024-10-31 15:00:00-04:00,132.703454,150,19891.500000000004,17.99999999999642,1.05,7.960199999999418,8.989799999997,0.0004519417841790211,TAKE_PROFIT,38,-1.882428974375118,0.8434680405890734,0.003965137143749958
140,NVDA,-1,2024-11-01 15:45:00-04:00,135.77284,2024-11-01 15:50:00-04:00,135.53210099999998,147,19962.600000000002,43.36500000000234,1.029,7.976366999999527,34.359633000002816,0.0017212002945509509,TAKE_PROFIT,5,1.9782986181378186,-0.8741063474284265,0.0008555466616151493
141,NVDA,1,2024-11-04 12:20:00-05:00,137.187432,2024-11-04 12:44:00-05:00,137.79743499999998,145,19888.2,96.42499999999885,1.0150000000000001,7.974565000002087,87.43543499999676,0.004396347331583389,TAKE_PROFIT,24,-2.8388065762703096,-0.11297460914809337,0.0004915319065087289
142,NVDA,1,2024-11-04 13:14:00-05:00,137.86636776,2024-11-04 13:28:00-05:00,137.95740300000003,145,19986.626,21.19900000000314,1.0150000000000001,7.998890199999522,12.185109800003616,0.0006096631717631388,TAKE_PROFIT,14,-2.71003143958842,-0.49181340032791815,0.001641936055021636
146,NVDA,1,2024-11-06 14:07:00-05:00,145.489092,2024-11-06 14:25:00-05:00,145.915811,137,19928.02,66.44499999999798,0.9590000000000001,7.984496999999152,57.50150299999882,0.002885459920252931,TAKE_PROFIT,18,-2.990234071641259,0.22740991619010198,0.0003374273584716694
154,NVDA,1,2024-11-11 11:29:00-05:00,145.52899997999998,2024-11-11 11:48:00-05:00,145.54078601999998,137,19933.4863,9.589999999999065,0.9590000000000001,7.975312519998511,0.6556874800005552,3.289376831189611e-05,TAKE_PROFIT,19,-2.0668955083123,0.3697910062847895,0.0029478659240353713
155,NVDA,1,2024-11-11 13:25:00-05:00,144.51519726,2024-11-11 14:12:00-05:00,144.71105200000002,138,19939.1094,35.01060000000126,0.966,7.982645879999097,26.061954120002163,0.001307077141569932,TAKE_PROFIT,47,-2.5977409574168933,-0.3593231212143922,0.00024355403907240324
157,NVDA,1,2024-11-13 10:42:00-05:00,146.95858584,2024-11-13 11:00:00-05:00,147.160562,136,19982.3712,35.46879999999851,0.9520000000000001,8.000042240000312,26.5167577599982,0.001327007565548487,TAKE_PROFIT,18,-2.1446971801341213,0.152819024452393,0.0014193511648724504
164,NVDA,1,2024-11-14 15:14:00-05:00,145.969188,2024-11-14 15:32:00-05:00,146.095775,137,19993.78,25.34500000000031,0.9590000000000001,8.00258100000022,16.383419000000092,0.0008194257914211367,TAKE_PROFIT,18,-2.8331448664058856,1.2716851469277082,0.0008165284854500135
165,NVDA,1,2024-11-15 10:24:00-05:00,142.44848399999998,2024-11-15 10:27:00-05:00,142.881418,140,19938.8,68.60000000000127,0.98,7.989239999998858,59.63076000000241,0.002990689509900416,TAKE_PROFIT,3,-1.3331683776874828,-0.3541813290699494,0.001252972267503872
166,NVDA,1,2024-11-15 14:14:00-05:00,140.223039,2024-11-15 14:35:00-05:00,140.36692100000002,142,19907.69,28.40000000000242,0.994,7.968755999999701,19.43724400000272,0.0009763686294091741,TAKE_PROFIT,21,-3.2029963948376774,0.3743181291084291,0.0008774520997223978
167,NVDA,1,2024-11-18 10:48:00-05:00,139.837962,2024-11-18 10:55:00-05:00,140.166961,143,19992.83,55.0549999999987,1.0010000000000001,8.008143000001297,46.045856999997405,0.002303118517988569,TAKE_PROFIT,7,-2.538242801236287,0.24062896614465795,0.0006290280460466417
168,NVDA,1,2024-11-18 12:48:00-05:00,139.00769598,2024-11-18 13:02:00-05:00,139.4641016,143,19874.125699999997,73.23030000000054,1.0010000000000001,7.9642963400008,64.26500365999973,0.0032336015495765804,TAKE_PROFIT,14,-2.3360188088166445,-0.4120429158206393,0.0009186252538015673
171,NVDA,1,2024-11-19 12:00:00-05:00,143.438682,2024-11-19 12:16:00-05:00,143.69355554,139,19933.989999999998,43.40969999999908,0.973,7.982277939998312,34.454422060000766,0.0017284257722613872,TAKE_PROFIT,16,-2.702221087360642,0.03906262525095793,0.0017337164322243444
173,NVDA,1,2024-11-20 13:20:00-05:00,144.54410303999998,2024-11-20 13:26:00-05:00,144.911012,138,19943.097599999997,58.62240000000065,0.966,7.988963519998208,49.66743648000244,0.002490457474369601,TAKE_PROFIT,6,-2.377003356842167,0.9136404385140742,0.0011353146655493358
177,NVDA,1,2024-11-22 14:16:00-05:00,141.39217278,2024-11-22 14:34:00-05:00,141.64986436,141,19932.3099,44.31630000000041,0.987,7.981787220000484,35.347512779999924,0.0017733776445047107,TAKE_PROFIT,18,-2.1490541229681046,0.4994150969768521,0.002066399958748944
178,NVDA,1,2024-11-22 15:27:00-05:00,141.82836,2024-11-22 15:28:00-05:00,141.936607,141,19993.800000000003,23.264999999998878,0.987,8.002172999998066,14.275827000000813,0.0007140126939351605,TAKE_PROFIT,1,-2.2039037056713253,-0.1852615118773688,0.0005172449290114339
179,NVDA,-1,2024-11-25 12:29:00-05:00,137.042586,2024-11-25 12:39:00-05:00,136.88237099999998,145,19875.149999999998,31.175000000000495,1.0150000000000001,7.943824999997275,22.21617500000322,0.0011177865324288481,TAKE_PROFIT,10,2.6464175823512086,0.40712307677332765,0.0012216202633538158
184,NVDA,1,2024-11-26 14:28:00-05:00,135.82716000000002,2024-11-26 14:39:00-05:00,136.17285998,147,19962.600000000002,58.814699999997146,1.029,7.996802940000407,49.78889705999674,0.002494108836524137,TAKE_PROFIT,11,-2.4337419321596054,0.6337196041532397,0.000420828941722777
185,NVDA,1,2024-11-27 11:24:00-05:00,132.116418,2024-11-27 11:33:00-05:00,132.6514644,151,19945.59,88.78799999999907,1.057,7.995993599999252,79.73500639999982,0.003997625861155264,TAKE_PROFIT,9,-2.8486109673372066,-0.04736189673693314,0.0008811773870527591
186,NVDA,-1,2024-11-27 15:05:00-05:00,134.888017,2024-11-27 15:24:00-05:00,134.57190899999998,148,19967.42,54.76000000000067,1.036,7.9760159999985945,45.74798400000208,0.0022911314531372648,TAKE_PROFIT,19,2.887791494571266,-0.878875464487579,0.0020904970379985407
188,NVDA,1,2024-11-29 10:50:00-05:00,138.34766399999998,2024-11-29 11:41:00-05:00,138.42230999999998,144,19918.079999999998,18.719999999999345,1.008,7.970975999999155,9.741024000000191,0.0004890543666859553,TAKE_PROFIT,51,-2.2577607846989687,0.7287614727558833,0.0015733117112840085
190,NVDA,1,2024-12-02 13:32:00-05:00,138.107616,2024-12-02 13:41:00-05:00,138.557283,144,19883.52,72.71999999999935,1.008,7.967951999998604,63.744048000000745,0.003205873406720779,TAKE_PROFIT,9,-2.9222880753185283,0.48811922954947873,0.0010681235711142531
191,NVDA,1,2024-12-02 15:52:00-05:00,137.922579,2024-12-02 15:56:00-05:00,138.37581930000002,145,19994.775,73.7324999999997,1.0150000000000001,8.012656499999053,64.70484350000065,0.0032360876028862864,FORCED_EOD,4,-3.5779690292126203,0.030800379279704318,0.0002362122303413916
193,NVDA,1,2024-12-03 12:16:00-05:00,138.70743593999998,2024-12-03 12:17:00-05:00,138.717251,144,19969.8768,9.403200000001107,1.008,7.989831359997879,0.40536864000322836,2.0299005550361152e-05,TAKE_PROFIT,1,-1.0912277674782682,0.48114921381003706,0.00026051912613834946
195,NVDA,-1,2024-12-03 15:29:00-05:00,140.21205198,2024-12-03 15:36:00-05:00,139.98519144,142,19914.094200000003,40.171800000001724,0.994,7.957603319999123,31.2201966800026,0.0015677437480436643,TAKE_PROFIT,7,2.5715609698363684,0.029456765825933102,0.0004132884383452539
198,NVDA,1,2024-12-05 10:22:00-05:00,144.51679758,2024-12-05 10:33:00-05:00,144.691056,138,19939.3302,32.029800000000364,0.966,7.982138040000223,23.08166196000014,0.0011575946497942111,TAKE_PROFIT,11,-2.670263987653036,0.2109810530768089,0.003922018682196802
199,NVDA,1,2024-12-05 15:45:00-05:00,145.003995,2024-12-05 15:53:00-05:00,145.130968,137,19861.575,25.34500000000031,0.9590000000000001,7.949699000001345,16.436300999998966,0.0008275426797723224,TAKE_PROFIT,8,-2.704648439538953,0.751942623196021,0.0002344418165858426
204,NVDA,-1,2024-12-09 15:24:00-05:00,138.4723,2024-12-09 15:35:00-05:00,138.367668,144,19944.0,23.03999999999951,1.008,7.97299200000225,14.05900799999726,0.0007049241877254943,TAKE_PROFIT,11,2.476488140060406,-0.08604589691413078,0.0012110725394176049
205,NVDA,-1,2024-12-09 15:54:00-05:00,139.08217800000003,2024-12-09 15:56:00-05:00,138.717738,143,19892.730000000003,60.060000000002276,1.0010000000000001,7.945079999997944,51.113920000004335,0.0025694773919921663,FORCED_EOD,2,2.7542924502093094,-0.2687947553046834,0.0007033395752544183
206,NVDA,1,2024-12-10 11:36:00-05:00,136.647324,2024-12-10 11:53:00-05:00,136.782638,146,19946.52,27.739999999999668,1.022,7.984156000000553,18.733843999999117,0.0009392036305079341,TAKE_PROFIT,17,-2.277488893167614,-0.03336307332066273,0.003419927930677887
207,NVDA,1,2024-12-10 14:37:00-05:00,135.42708,2024-12-10 14:45:00-05:00,135.60377382,147,19903.8,33.94229999999871,1.029,7.96830845999915,24.944991539999563,0.0012532778434268615,TAKE_PROFIT,8,-2.4594255039040047,0.3795170279781724,0.0020459718986777517
208,NVDA,1,2024-12-11 11:00:00-05:00,135.937182,2024-12-11 11:06:00-05:00,136.59257602,147,19978.77,104.35530000000068,1.029,8.01237906000236,95.31392093999833,0.004770760208961729,TAKE_PROFIT,6,-1.9748608704116943,1.1116832252389837,0.0004934779360072301
210,NVDA,-1,2024-12-11 13:03:00-05:00,139.002194,2024-12-11 13:10:00-05:00,138.74774399999998,143,19881.29,44.330000000000325,1.0010000000000001,7.94364999999749,35.38535000000284,0.0017798316910020847,TAKE_PROFIT,7,2.0786770490740984,-0.27311969400565833,0.0009194531130925353
211,NVDA,-1,2024-12-11 13:38:00-05:00,139.57287983999998,2024-12-11 14:07:00-05:00,139.467888,143,19962.914399999998,22.994399999999246,1.0010000000000001,7.980566879999714,14.01283311999953,0.0007019432553394875,TAKE_PROFIT,29,2.431274765778602,0.49191603917227644,0.002558664408224639
212,NVDA,-1,2024-12-11 14:41:00-05:00,139.81703100000001,2024-12-11 15:00:00-05:00,139.807956,143,19997.835,9.294999999999675,1.0010000000000001,7.997274999996222,0.2967250000034536,1.4837856198106124e-05,TAKE_PROFIT,19,1.8738637706362558,-0.6195223255629582,0.002238418293977228
213,NVDA,1,2024-12-11 15:53:00-05:00,139.07781,2024-12-11 15:56:00-05:00,139.31213200000002,143,19884.15,41.46999999999886,1.0010000000000001,7.961953999995984,32.50704600000288,0.0016348220064726366,FORCED_EOD,3,-2.7980034807974987,-0.6872208546980811,0.000990884167646886
219,NVDA,-1,2024-12-16 14:34:00-05:00,132.20635344,2024-12-16 14:51:00-05:00,132.11141700000002,151,19967.1528,22.317799999998414,1.057,7.982397560003022,13.278402439995393,0.0006650123116198817,TAKE_PROFIT,17,2.616918130972793,-0.4367326527267081,0.004339024147280153
222,NVDA,1,2024-12-17 15:24:00-05:00,129.27585,2024-12-17 15:40:00-05:00,129.584078,154,19904.5,55.4400000000021,1.078,7.972887999999955,46.38911200000214,0.002330584139265098,TAKE_PROFIT,16,-2.870758802633975,-0.1619722996678947,0.0035261806439485653
223,NVDA,-1,2024-12-18 11:05:00-05:00,136.612672,2024-12-18 11:17:00-05:00,135.67713,146,19949.44,144.53999999999718,1.022,7.950867999997456,135.56713199999973,0.006795535714285701,TAKE_PROFIT,12,2.3759376741354874,-1.2888522711333321,0.00030983948546147827
224,NVDA,-1,2024-12-18 12:20:00-05:00,135.58287800000002,2024-12-18 12:36:00-05:00,135.41207699999998,147,19934.670000000002,33.07500000000334,1.029,7.96725299999747,24.078747000005876,0.0012078828994914826,TAKE_PROFIT,16,2.375379513113349,-0.9107087095213526,0.0020439306502993055
225,NVDA,-1,2024-12-18 14:53:00-05:00,133.803234,2024-12-18 14:55:00-05:00,133.146624,149,19940.670000000002,105.79000000000119,1.043,7.955110000001099,96.79189000000008,0.004853993872823735,TAKE_PROFIT,2,2.239038375363481,-0.018011335472700563,0.0002747766171331859
226,NVDA,-1,2024-12-19 10:15:00-05:00,131.96710130000002,2024-12-19 10:23:00-05:00,130.981191,151,19931.018500000002,156.81349999999986,1.057,7.941044699995501,147.81545530000437,0.007416352320379631,TAKE_PROFIT,8,2.4171811612950487,-0.19416400631508168,0.0004766240932805634
228,NVDA,-1,2024-12-19 14:01:00-05:00,132.70525364,2024-12-19 14:11:00-05:00,132.296454,150,19909.77,69.26999999999737,1.05,7.9500539999997955,60.269945999997574,0.0030271543066543497,TAKE_PROFIT,10,2.0164297737483685,0.36941601316185135,0.000261831080887522
229,NVDA,1,2024-12-19 15:05:00-05:00,131.406276,2024-12-19 15:18:00-05:00,131.59477578000002,152,19969.76,36.64720000000261,1.064,7.995233439998174,27.58796656000444,0.0013814871365506866,TAKE_PROFIT,13,-1.3694523633566922,0.3964891617895632,0.0034722542475825323
230,NVDA,1,2024-12-20 15:35:00-05:00,133.07661000000002,2024-12-20 15:47:00-05:00,133.56708124,150,19957.5,81.56999999999641,1.05,7.999313999999913,72.5206859999965,0.0036337560315669046,TAKE_PROFIT,12,-2.8166070975507127,-0.2522326709035906,0.001327130289838393
231,NVDA,1,2024-12-23 15:07:00-05:00,138.60681582,2024-12-23 15:13:00-05:00,138.89211602,144,19955.3904,49.07520000000022,1.008,7.9919712000009895,40.07522879999923,0.0020082407808969366,TAKE_PROFIT,6,-1.9042219886394045,0.11414344278900482,0.0016003240438628636
233,NVDA,1,2024-12-26 15:13:00-05:00,140.12802,2024-12-26 15:20:00-05:00,140.1934557,142,19894.2,17.252999999999645,0.994,7.961130600000388,8.297869399999257,0.0004170999286223752,TAKE_PROFIT,7,-2.250710863787864,0.9676083807151872,0.0014844996739410488
234,NVDA,-1,2024-12-27 11:29:00-05:00,136.487697,2024-12-27 11:44:00-05:00,136.337262,146,19931.19,29.929999999997676,1.022,7.96648999999951,20.941509999998168,0.001050690400322217,TAKE_PROFIT,15,2.5459767924003955,-0.5639172187794252,0.0032406071002869193
235,NVDA,-1,2024-12-27 13:04:00-05:00,136.262742,2024-12-27 13:23:00-05:00,136.207236,146,19898.34,16.059999999997842,1.022,7.956123999996635,7.081876000001207,0.00035590285420799964,TAKE_PROFIT,19,2.035843176108905,0.13550987323940222,0.0022548937111509927
236,NVDA,1,2024-12-27 14:25:00-05:00,136.32726,2024-12-27 14:34:00-05:00,136.46340186,146,19899.800000000003,27.84219999999891,1.022,7.965488439997557,18.854711560001356,0.0009474824651504715,TAKE_PROFIT,9,-2.2299975404779335,0.7880955138033247,0.0012269006213430744
238,NVDA,-1,2024-12-31 15:24:00-05:00,135.282938,2024-12-31 15:38:00-05:00,135.067008,147,19890.57,39.690000000001504,1.029,7.948289999999389,30.71271000000212,0.0015440839553618685,TAKE_PROFIT,14,2.123194895733311,-0.38778958966873617,0.002565452858511943
240,NVDA,-1,2025-01-02 14:50:00-05:00,137.4725,2025-01-02 15:00:00-05:00,136.94238299999998,145,19937.5,84.82500000000115,1.0150000000000001,7.958034999998489,75.85196500000266,0.0038044872727274063,TAKE_PROFIT,10,2.210200864822363,0.19832031091678246,0.0018003600720144194
242,NVDA,1,2025-01-03 13:20:00-05:00,144.28105043999997,2025-01-03 13:33:00-05:00,144.57108,138,19906.8036,47.996400000000904,0.966,7.972320719997867,39.058079280003035,0.0019620467486805887,TAKE_PROFIT,13,-2.191537704229607,0.0899083015355814,0.0011162272488925498
243,NVDA,-1,2025-01-03 15:40:00-05:00,144.42111,2025-01-03 15:56:00-05:00,144.358866,138,19934.1,16.559999999996705,0.966,7.970327999997721,7.623671999998985,0.00038244375216332744,FORCED_EOD,16,2.280490524620388,0.20583718495527906,0.0020695727930632865
244,NVDA,-1,2025-01-06 10:54:00-05:00,151.92170958,2025-01-06 11:21:00-05:00,151.840362,131,19905.7251,18.6150999999999,0.917,7.958567020000004,9.739532979999893,0.0004892830043151703,TAKE_PROFIT,27,2.429622613770316,-0.9736348815240936,0.0015421786698406885
245,NVDA,1,2025-01-06 11:26:00-05:00,151.39087212,2025-01-06 11:30:00-05:00,151.849624,132,19979.5992,68.56079999999872,0.924,8.005551839999498,59.63124815999922,0.002984606826347108,TAKE_PROFIT,4,-2.222963801051838,-0.4611697312651178,0.000996573425380717
246,NVDA,1,2025-01-06 14:12:00-05:00,149.85996600000001,2025-01-06 14:25:00-05:00,150.36992,133,19927.390000000003,75.80999999999909,0.931,7.986117999999976,66.89288199999912,0.0033568310752185365,TAKE_PROFIT,13,-2.9971486946454844,0.02239232813798475,0.0012676234025038196
247,NVDA,1,2025-01-06 15:03:00-05:00,149.689932,2025-01-06 15:07:00-05:00,150.129968,133,19904.78,66.5,0.931,7.975212000001051,57.59378799999895,0.002893465187758868,TAKE_PROFIT,4,-2.186595870640864,0.6757144382948201,0.0006007885687328963
250,NVDA,-1,2025-01-07 15:05:00-05:00,141.461702,2025-01-07 15:20:00-05:00,140.75814599999998,141,19950.09,107.16000000000273,0.987,7.958603999999866,98.21439600000286,0.004923005159375365,TAKE_PROFIT,15,2.746803146825286,-0.025374547877268862,0.0008362546069183446
251,NVDA,-1,2025-01-07 15:44:00-05:00,141.07178,2025-01-07 15:51:00-05:00,140.848164,141,19895.1,39.48000000000016,0.987,7.950144000001188,30.54285599999897,0.0015351948972359513,TAKE_PROFIT,7,1.7628121831972798,-3.2532675066817514,0.00027092590736449136
252,NVDA,1,2025-01-07 15:53:00-05:00,140.238042,2025-01-07 15:56:00-05:00,140.331928,142,19909.82,21.300000000000807,0.994,7.968188000001135,12.337811999999673,0.0006196847585764046,FORCED_EOD,3,-3.061247688798855,-1.8111436249800872,0.0012695699216907557
254,NVDA,-1,2025-01-08 12:12:00-05:00,139.80203400000002,2025-01-08 12:32:00-05:00,138.21773801999998,143,19995.690000000002,234.50570000000164,1.0010000000000001,7.95137485999652,225.55332514000511,0.011280097117929168,TAKE_PROFIT,20,2.3461149455109824,0.601421127894173,0.0011656911944498821
255,NVDA,1,2025-01-08 13:04:00-05:00,139.837962,2025-01-08 13:13:00-05:00,140.311932,143,19992.83,75.79000000000016,1.0010000000000001,8.012289999998956,66.7767100000012,0.0033400329017953534,TAKE_PROFIT,9,-1.9281866075746494,-0.27893833936475254,0.001286932371053988
258,NVDA,-1,2025-01-13 11:39:00-05:00,132.043586,2025-01-13 12:03:00-05:00,131.53630199999998,151,19942.57,84.56000000000034,1.057,7.960115999996276,75.54288400000407,0.0037880215037482162,TAKE_PROFIT,24,1.9277849485448146,-1.3218579814371976,0.004516796446288437
259,NVDA,1,2025-01-13 12:11:00-05:00,131.64612395999998,2025-01-13 12:31:00-05:00,132.45350399999998,151,19874.589799999998,129.89019999999877,1.057,7.975813959999044,120.85738603999974,0.0060810002750345945,TAKE_PROFIT,20,-2.5045654208930617,-1.3000724549483589,0.0006542080952276947
263,NVDA,-1,2025-01-14 14:53:00-05:00,131.188757,2025-01-14 15:29:00-05:00,130.716138,152,19944.68,79.80000000000086,1.064,7.961911999999529,70.77408800000134,0.003548519605228128,TAKE_PROFIT,36,2.1635003403316593,-0.7945158276555765,0.000543057207257336
264,NVDA,1,2025-01-14 15:53:00-05:00,131.08461168,2025-01-14 15:56:00-05:00,131.25854304,152,19920.876800000002,34.41279999999756,1.064,7.975233279995791,25.37356672000177,0.0012737173656935505,FORCED_EOD,3,-2.396465376646491,-1.8205504142599678,0.0008743335966832068
271,NVDA,1,2025-01-17 15:13:00-05:00,137.45748600000002,2025-01-17 15:26:00-05:00,137.67246,145,19927.350000000002,39.14999999999736,1.0150000000000001,7.978769999999713,30.15622999999765,0.0015133085934656463,TAKE_PROFIT,13,-3.481753157240851,0.47844865592899494,0.0010729572051100574
273,NVDA,1,2025-01-21 15:53:00-05:00,140.67813,2025-01-21 15:56:00-05:00,140.73184799999999,142,19972.3,15.619999999997901,0.994,7.992044000001442,6.633955999996459,0.00033215783860629267,FORCED_EOD,3,-2.2305287626539623,-2.119710616588922,0.00027033341998518486
275,NVDA,1,2025-01-24 11:57:00-05:00,144.338862,2025-01-24 12:03:00-05:00,144.636067,138,19914.78,48.98999999999859,0.966,7.975709999999822,40.048289999998765,0.002010983299840559,TAKE_PROFIT,6,-2.7204783292279138,-0.009246863216084474,0.0006156484731049493
278,NVDA,-1,2025-01-24 15:35:00-05:00,142.42150999999998,2025-01-24 15:45:00-05:00,142.208436,140,19943.0,37.79999999999745,0.98,7.969640000000595,28.85035999999686,0.0014466409266407692,TAKE_PROFIT,10,2.6837181108085284,0.17455801432619533,0.001955392833568504
280,NVDA,1,2025-01-27 11:30:00-05:00,119.16882899999999,2025-01-27 11:50:00-05:00,119.896016,167,19897.215,129.42500000000095,1.169,7.98477099999846,120.27122900000248,0.00604462629569025,TAKE_PROFIT,20,-2.738688825257452,0.7839627965278754,0.016017854803289065
281,NVDA,1,2025-01-27 13:26:00-05:00,118.17363,2025-01-27 13:36:00-05:00,119.311133,169,19967.350000000002,200.264999999998,1.183,8.026992999998782,191.05500699999922,0.009568370715192513,TAKE_PROFIT,10,-2.7013243731718477,1.232757161772696,0.003161703672807594
282,NVDA,-1,2025-01-28 12:23:00-05:00,126.139767,2025-01-28 12:32:00-05:00,125.350065,158,19934.07,132.72000000000054,1.106,7.947083999999677,123.66691600000087,0.006203796615543182,TAKE_PROFIT,9,2.6944372581265297,0.09162714444836914,0.003965704170041747
285,NVDA,1,2025-01-29 11:52:00-05:00,122.139423,2025-01-29 12:09:00-05:00,122.920411,163,19904.745,135.28999999999974,1.141,7.988955999998453,126.16004400000129,0.00633818941162026,TAKE_PROFIT,17,-2.6792609143661186,0.5662679362876379,0.0021239907118277297
286,NVDA,-1,2025-01-29 12:49:00-05:00,123.02449018,2025-01-29 13:10:00-05:00,121.92438,162,19933.9542,186.15419999999838,1.1340000000000001,7.936350839998141,177.08384916000026,0.008883528445149145,TAKE_PROFIT,21,2.6933351181502116,0.03045613928075984,0.000938917282493873
287,NVDA,1,2025-01-29 13:19:00-05:00,121.00419600000001,2025-01-29 13:44:00-05:00,121.335728,165,19961.7,62.69999999999925,1.155,7.997219999999956,53.54777999999929,0.0026825260373615116,TAKE_PROFIT,25,-2.4499123713027062,0.4306883021357434,0.005819599842636946
288,NVDA,-1,2025-01-29 14:02:00-05:00,121.785638,2025-01-29 14:32:00-05:00,121.58151143999999,164,19976.84,41.45920000000126,1.1480000000000001,7.982444159997954,32.3287558400033,0.001618311797061162,TAKE_PROFIT,30,2.4881201049361774,-1.4988322396706293,0.0024991616827593215
290,NVDA,-1,2025-01-30 12:16:00-05:00,119.95600400000001,2025-01-30 12:48:00-05:00,119.713938,166,19916.68,48.14000000000104,1.162,7.957043999999655,39.020956000001384,0.001959209868311455,TAKE_PROFIT,32,2.4056701016805917,-0.5750275643903998,0.0004984827603959825
293,NVDA,1,2025-01-31 12:20:00-05:00,124.10981699999999,2025-01-31 12:40:00-05:00,124.960003,161,19977.684999999998,144.90000000000092,1.127,8.020053999999647,135.75294600000126,0.00679522907684255,TAKE_PROFIT,20,-2.740692615427583,0.327938794587344,0.0003208207131592123
294,NVDA,-1,2025-01-31 13:00:00-05:00,125.854824,2025-01-31 13:07:00-05:00,125.3110572,158,19889.04,93.85199999999907,1.106,7.936845599999032,84.80915440000004,0.004264115030187482,TAKE_PROFIT,7,2.85745690896664,0.02172683042417171,0.00023976832226956616
296,NVDA,1,2025-01-31 15:52:00-05:00,120.129021,2025-01-31 15:56:00-05:00,120.165962,166,19937.43,14.109999999998962,1.162,7.9777939999991645,4.9702059999997985,0.0002492902044044693,FORCED_EOD,4,-1.9544761940933346,-0.33036578598117367,0.0036545790213340437
300,NVDA,1,2025-02-03 15:53:00-05:00,116.49329399999999,2025-02-03 15:56:00-05:00,116.72665,171,19916.37,47.880000000000194,1.197,7.976123999997668,38.706876000002524,0.0019434704215679124,FORCED_EOD,3,-2.335078501787224,0.47040585013722197,0.0020884807326333452
302,NVDA,1,2025-02-04 14:08:00-05:00,119.25774678,2025-02-04 14:36:00-05:00,119.441107,167,19912.0613,38.59369999999964,1.169,7.972543260000094,29.452156739999552,0.0014791113936556408,TAKE_PROFIT,28,-2.5217214129605847,0.48789679712923517,0.0018258501932095518
303,NVDA,-1,2025-02-05 10:06:00-05:00,123.25534400000001,2025-02-05 10:23:00-05:00,122.3049561,162,19971.36,161.9189999999996,1.1340000000000001,7.956160199998038,152.8288398000016,0.007652400227125323,TAKE_PROFIT,17,2.62872994181596,-0.26866376372958484,0.0010924962409742862
306,NVDA,-1,2025-02-06 10:41:00-05:00,126.544686,2025-02-06 11:06:00-05:00,126.415278,158,19998.059999999998,28.439999999998832,1.106,7.993535999999153,19.340463999999677,0.000967117010349988,TAKE_PROFIT,25,2.192151253277358,-0.1472231375448364,0.002807814466424983
310,NVDA,1,2025-02-06 15:27:00-05:00,128.085612,2025-02-06 15:56:00-05:00,128.57927899999999,156,19977.36,85.01999999999805,1.092,8.007947999999942,75.92005199999811,0.0038003045447445563,FORCED_EOD,29,-2.1855506809259486,-1.6259386397815143,0.0012539425583569872
311,NVDA,-1,2025-02-07 09:59:00-05:00,129.67406,2025-02-07 10:37:00-05:00,129.53030088,154,19973.8,30.12239999999764,1.078,7.9834955199978594,21.06090447999978,0.0010544265227447848,TAKE_PROFIT,38,2.5774771411493753,-0.7918859439450786,0.0011254371151793656
312,NVDA,-1,2025-02-10 13:35:00-05:00,134.48309799999998,2025-02-10 13:46:00-05:00,134.3528652,148,19907.48,27.23199999999963,1.036,7.957545600001481,18.238454399998147,0.00091616088023186,TAKE_PROFIT,11,2.243943248242733,-0.668803638064098,0.001538498168743954
314,NVDA,-1,2025-02-10 15:12:00-05:00,134.848025,2025-02-10 15:19:00-05:00,134.711937,148,19961.5,28.119999999999663,1.036,7.978975999999534,19.105024000000128,0.0009570936051899972,TAKE_PROFIT,7,2.7753275015935097,0.4728974404624298,0.0011270094612063697
315,NVDA,-1,2025-02-11 11:23:00-05:00,134.233148,2025-02-11 11:34:00-05:00,133.90667598,148,19870.48,56.25479999999982,1.036,7.936941039998146,47.28185896000167,0.002379502606882253,TAKE_PROFIT,11,1.7834698913471185,-0.24473172495115092,0.0010940069735978742
317,NVDA,1,2025-02-11 14:24:00-05:00,133.24144296,2025-02-11 14:49:00-05:00,133.55328400000002,150,19982.22,54.78000000000236,1.05,8.00384399999956,45.7261560000028,0.0022883421361591856,TAKE_PROFIT,25,-2.8234999329678727,-0.7859476115358853,0.0024867860377305586
319,NVDA,-1,2025-02-13 10:44:00-05:00,136.41281198000001,2025-02-13 11:05:00-05:00,135.85276512000002,146,19920.2546,89.7169999999989,1.022,7.950158439998916,80.74484155999998,0.0040534040945440514,TAKE_PROFIT,21,2.899920906740657,-0.5901327966892344,0.0006391483229065611
320,NVDA,1,2025-02-13 11:10:00-05:00,135.452085,2025-02-13 11:20:00-05:00,135.77284,147,19907.475000000002,55.125,1.029,7.9740150000012875,46.121984999998716,0.0023168174266198355,TAKE_PROFIT,10,-2.4726054246330005,0.13980997771366227,0.0017872371621300844
321,NVDA,-1,2025-02-13 13:04:00-05:00,135.30793300000002,2025-02-13 13:09:00-05:00,135.087012,147,19894.245000000003,40.425000000000836,1.029,7.949612999996049,31.44638700000479,0.0015806775778625822,TAKE_PROFIT,5,2.6634808128441225,-0.2494310633008779,0.0002369927563669429
322,NVDA,1,2025-02-13 13:20:00-05:00,133.646724,2025-02-13 13:46:00-05:00,134.513092,149,19909.38,137.07999999999814,1.043,7.991167999998993,128.04583199999914,0.006431432420296319,TAKE_PROFIT,26,-2.6020766694609363,-0.195983088289719,0.0006863168602621284
326,NVDA,-1,2025-02-14 15:37:00-05:00,138.812232,2025-02-14 15:48:00-05:00,138.647724,144,19992.96,31.679999999999836,1.008,7.990848000002188,22.68115199999765,0.0011344569288388338,TAKE_PROFIT,11,2.229069362109222,-0.23593477675406235,0.0013526761820241136
327,NVDA,1,2025-02-18 10:37:00-05:00,139.9989942,2025-02-18 11:03:00-05:00,140.381918,142,19875.882,62.337999999999,0.994,7.962820399996929,53.38117960000207,0.0026857263290254022,TAKE_PROFIT,26,-2.4878596131509103,1.0506733489015907,0.007278582291414839
328,NVDA,-1,2025-02-18 12:39:00-05:00,140.3364271,2025-02-18 12:44:00-05:00,140.25694578,142,19931.759,19.2551999999975,0.994,7.968852559995582,10.292347440001919,0.0005163792839358493,TAKE_PROFIT,5,2.147501896956419,-0.35071133101076435,0.0008805475709592097
329,NVDA,-1,2025-02-18 14:59:00-05:00,140.0634817,2025-02-18 15:09:00-05:00,139.867968,142,19892.993,35.712999999999,0.994,7.950054599996065,26.768945400002934,0.0013456469521706932,TAKE_PROFIT,10,2.6138733337088755,0.22686237538453932,0.0004035191708360435
331,NVDA,1,2025-02-19 10:10:00-05:00,137.48629176,2025-02-19 10:14:00-05:00,138.20695308,145,19931.525999999998,112.49100000000055,1.0150000000000001,7.995108599999838,103.48089140000071,0.005191819803461146,TAKE_PROFIT,4,-2.1839720830053073,0.3526300279862751,0.0003367009132867645
332,NVDA,-1,2025-02-19 11:05:00-05:00,140.316931,2025-02-19 11:09:00-05:00,139.907976,142,19928.99,66.03000000000048,0.994,7.958389999997621,57.07761000000286,0.0028640493070648766,TAKE_PROFIT,4,2.5334247753017176,-0.13125511888846195,0.0005563761938322273
333,NVDA,1,2025-02-19 11:49:00-05:00,139.637922,2025-02-19 11:59:00-05:00,139.91221196,143,19964.230000000003,47.21859999999867,1.0010000000000001,7.995135719998046,38.22246428000063,0.0019145473819927252,TAKE_PROFIT,10,-3.1663697483346867,-0.06192526478452378,0.0011309392014585654
335,NVDA,1,2025-02-20 11:01:00-05:00,137.56250699999998,2025-02-20 11:22:00-05:00,137.932408,145,19942.575,61.62500000000165,1.0150000000000001,7.989354999997715,52.62064500000393,0.0026386083542373003,TAKE_PROFIT,21,-2.4916657671892204,0.18880232324952795,0.0017628858712206313
337,NVDA,1,2025-02-20 13:45:00-05:00,139.47788999999997,2025-02-20 13:49:00-05:00,139.53208800000002,143,19941.35,15.73000000000195,1.0010000000000001,7.979685999995922,6.749314000006029,0.0003384582287561288,TAKE_PROFIT,4,-3.0223475533154227,0.18143408116050405,0.000343351910471021
338,NVDA,-1,2025-02-20 15:01:00-05:00,140.08197800000002,2025-02-20 15:08:00-05:00,139.907976,142,19895.620000000003,32.66000000000258,0.994,7.951715999998328,23.714284000004255,0.00119193490828656,TAKE_PROFIT,7,2.4743547267532247,0.5720260122713469,0.0016991621863018838
339,NVDA,-1,2025-02-21 12:07:00-05:00,139.64706500000003,2025-02-21 12:17:00-05:00,139.00779599999998,143,19973.525,99.38500000000309,1.0010000000000001,7.9695329999971705,90.41446700000591,0.004526715589762243,TAKE_PROFIT,10,2.212994484768476,0.10484549134792914,0.0007371082235059776
340,NVDA,1,2025-02-21 13:05:00-05:00,137.047404,2025-02-21 13:22:00-05:00,137.112572,145,19867.9,17.39999999999654,1.0150000000000001,7.950639999996554,8.434359999999984,0.00042452196759597055,TAKE_PROFIT,17,-2.370896022970894,0.41738144415922007,0.007204835488894033
343,NVDA,1,2025-02-24 15:03:00-05:00,132.146424,2025-02-24 15:11:00-05:00,132.45350399999998,151,19950.12,54.35999999999777,1.057,7.990920000000045,45.31207999999772,0.0022712685437479936,TAKE_PROFIT,8,-2.6687170441111094,0.4811947628137831,0.001713432669203433
346,NVDA,-1,2025-02-25 13:16:00-05:00,129.55408400000002,2025-02-25 13:18:00-05:00,129.22583999999998,154,19955.320000000003,58.52000000000368,1.078,7.970423999997422,49.47157600000625,0.0024791171477082925,TAKE_PROFIT,2,2.6959641190909007,-1.5027513746485477,0.001002793551455932
350,NVDA,1,2025-02-26 14:09:00-05:00,128.765748,2025-02-26 14:11:00-05:00,129.204154,155,19954.7,75.949999999997,1.085,7.997069999999127,66.86792999999788,0.0033509864843870307,TAKE_PROFIT,2,-2.1278773801135165,2.1363489801608964,0.0005494318256125761
352,NVDA,1,2025-02-27 11:06:00-05:00,126.32526,2025-02-27 11:13:00-05:00,127.22455000000001,158,19955.399999999998,150.10000000000045,1.106,8.012179999999233,140.98182000000122,0.007064845605700774,TAKE_PROFIT,7,-0.37038882952703994,-0.41696325613697155,0.001664433542428531
353,NVDA,-1,2025-02-27 14:51:00-05:00,123.865222,2025-02-27 15:17:00-05:00,122.40447599999999,161,19946.29,243.1100000000008,1.127,7.929893999998484,234.05310600000232,0.01173416740657046,TAKE_PROFIT,26,2.5235930254859045,-1.1711066242315529,0.006658672924349943
354,NVDA,1,2025-02-27 15:22:00-05:00,122.15442599999999,2025-02-27 15:28:00-05:00,122.65546400000001,163,19907.19,89.65000000000185,1.141,7.980805999998182,80.52819400000367,0.004045181364120384,TAKE_PROFIT,6,-2.0444969939250313,0.22075367081732553,0.0006092779642711296
355,NVDA,1,2025-02-28 14:34:00-05:00,120.77414999999999,2025-02-28 14:59:00-05:00,121.335728,165,19923.75,100.6499999999999,1.155,7.989629999998016,91.50537000000189,0.004592778467908998,TAKE_PROFIT,25,-2.683880463626114,-0.5948363721967435,0.002559736499904891
356,NVDA,1,2025-02-28 15:31:00-05:00,121.694334,2025-02-28 15:34:00-05:00,122.000595,164,19953.88,58.22000000000065,1.1480000000000001,7.993195999999614,49.078804000001035,0.002459612065422917,TAKE_PROFIT,3,-1.387056015373386,2.5631990011747283,0.0011038640467845898
358,NVDA,-1,2025-03-03 13:00:00-05:00,116.77664,2025-03-03 13:50:00-05:00,115.913178,171,19972.8,155.60999999999942,1.197,7.957997999999691,146.45500199999972,0.007332722602739712,TAKE_PROFIT,50,1.6530943789408763,-0.875823243471651,0.001998344874454383
359,NVDA,-1,2025-03-03 14:53:00-05:00,115.45690400000001,2025-03-03 15:47:00-05:00,112.787553,173,19978.04,469.6950000000006,1.211,7.897276999999548,460.58672300000103,0.023054650155871197,TAKE_PROFIT,54,3.5735155444489073,-0.431342106998148,0.0037511485670877844
363,NVDA,1,2025-03-04 15:24:00-05:00,119.078811,2025-03-04 15:29:00-05:00,119.12617,167,19882.185,15.86499999999981,1.169,7.956046999999785,6.739953000000025,0.00033899458233589637,TAKE_PROFIT,5,-2.76779166899133,0.4911972127896664,0.0013336629637660728
365,NVDA,1,2025-03-05 12:00:00-05:00,115.90317599999999,2025-03-05 13:09:00-05:00,116.47670000000001,172,19931.36,106.64000000000078,1.204,7.993871999997282,97.4421280000035,0.0048888850535038,TAKE_PROFIT,69,-2.689043754137563,1.034440513477281,0.003909953252704525
367,NVDA,1,2025-03-06 10:09:00-05:00,114.78295200000001,2025-03-06 10:50:00-05:00,114.857024,174,19968.24,20.87999999999832,1.218,7.991472000000613,11.670527999997706,0.0005844545137677484,TAKE_PROFIT,41,-2.2106365169865105,0.3683906942148096,0.006121571084876913
368,NVDA,-1,2025-03-06 13:30:00-05:00,111.507694,2025-03-06 13:53:00-05:00,111.432282,179,19963.87,21.480000000000814,1.2530000000000001,7.981252000000808,12.245748000000006,0.0006133954989688877,TAKE_PROFIT,23,2.450771211851699,-0.6308217888346149,0.0035630366457044694
370,NVDA,-1,2025-03-07 11:26:00-05:00,109.82803,2025-03-07 11:50:00-05:00,108.59741514,182,19992.7,231.9225999999994,1.274,7.9506954799988705,222.69790452000052,0.011138960946745588,TAKE_PROFIT,24,2.7904892526281975,-1.4530260030552529,0.0020210687563092856
375,NVDA,1,2025-03-10 10:14:00-04:00,108.641724,2025-03-10 10:16:00-04:00,109.188158,184,19986.08,108.55999999999801,1.288,8.016143999997098,99.25585600000092,0.004966249309519471,TAKE_PROFIT,2,-2.1646057156231295,0.657449721741582,0.00019996000799832542
379,NVDA,-1,2025-03-11 12:55:00-04:00,108.39831600000001,2025-03-11 13:36:00-04:00,107.531502,184,19949.28,167.43999999999937,1.288,7.946223999998438,158.20577600000092,0.007930400295148543,TAKE_PROFIT,41,1.9922284445733842,-0.3366141344842401,0.003105989211123825
380,NVDA,1,2025-03-11 14:43:00-04:00,110.412078,2025-03-11 14:56:00-04:00,111.937608,181,19980.59,284.16999999999877,1.2670000000000001,8.049069999998153,274.8539300000006,0.013756046743364466,TAKE_PROFIT,13,-2.868069412742691,0.59726236397693,0.0005622392144453584
381,NVDA,1,2025-03-12 11:28:00-04:00,114.64292400000001,2025-03-12 11:56:00-04:00,115.436908,174,19943.88,146.15999999999812,1.218,8.006783999999044,136.9352159999991,0.006866026871401106,TAKE_PROFIT,28,-1.601899585611888,0.4267477931167397,0.004212418727212603
383,NVDA,-1,2025-03-12 13:58:00-04:00,114.622071,2025-03-12 14:10:00-04:00,114.41287799999999,174,19948.23,44.36999999999921,1.218,7.970417999996897,35.18158200000231,0.0017636442932532014,TAKE_PROFIT,12,2.855607080302515,-0.3594365301116328,0.004169607090766916
387,NVDA,-1,2025-03-13 15:55:00-04:00,116.036788,2025-03-13 15:56:00-04:00,115.82816100000001,172,19962.32,43.85999999999922,1.204,7.976156000000458,34.67984399999876,0.0017372652076511528,FORCED_EOD,1,2.56008071292007,-0.224341293641924,0.0006309378367143191
388,NVDA,1,2025-03-14 10:52:00-04:00,120.239043,2025-03-14 11:14:00-04:00,120.56538210000001,166,19955.690000000002,62.166999999999604,1.162,7.994709399997504,53.0102906000021,0.0026563997837209387,TAKE_PROFIT,22,-2.689180432941816,-0.3323092983010644,0.0032355796444587547
389,NVDA,1,2025-03-14 11:33:00-04:00,121.054206,2025-03-14 11:37:00-04:00,121.245746,165,19969.95,39.599999999999156,1.155,7.995899999998599,30.449100000000556,0.0015247459307609961,TAKE_PROFIT,4,-2.1332672813891995,0.3088566366947504,0.0009434285992507837
390,NVDA,1,2025-03-14 14:33:00-04:00,120.554106,2025-03-14 14:55:00-04:00,120.670861,165,19887.45,27.224999999998687,1.155,7.960424999999063,18.109574999999623,0.0009106031693354162,TAKE_PROFIT,22,-2.3012896592071717,0.5501369567663624,0.0008635624571758807
393,NVDA,1,2025-03-17 13:17:00-04:00,118.69373399999999,2025-03-17 14:17:00-04:00,119.88601799999999,168,19936.56,208.31999999999914,1.176,8.016287999999008,199.12771200000014,0.00998806775090588,TAKE_PROFIT,60,-2.0873696207633587,-0.5137977925190356,0.0013794662488248197
396,NVDA,1,2025-03-19 11:40:00-04:00,117.133422,2025-03-19 11:44:00-04:00,117.45650400000001,170,19908.7,62.90000000000077,1.19,7.976059999998455,53.73394000000232,0.002699018017248857,TAKE_PROFIT,4,-1.9730206016095395,1.1649891201937996,0.0003707054678210675
397,NVDA,-1,2025-03-19 12:13:00-04:00,117.80533422,2025-03-19 13:18:00-04:00,117.383472,169,19913.0841,79.24410000000084,1.183,7.949384819999423,70.11171518000141,0.003520886811300185,TAKE_PROFIT,65,2.3467441800730384,-0.9000359079636886,0.0037745810318706467
398,NVDA,1,2025-03-20 12:46:00-04:00,118.113618,2025-03-20 13:16:00-04:00,118.506294,169,19957.21,74.35999999999962,1.183,7.99775600000055,65.17924399999906,0.0032659496993817805,TAKE_PROFIT,30,-2.157322438861577,-0.7820926709431143,0.0014699236458915745
401,NVDA,1,2025-03-21 15:52:00-04:00,116.77835099999999,2025-03-21 15:56:00-04:00,117.42651000000001,171,19965.105,118.84500000000126,1.197,8.009810999997669,109.63818900000359,0.005491490728448641,FORCED_EOD,4,-2.6998934099859135,-0.03244275068003385,0.0007565700255519857
402,NVDA,1,2025-03-24 13:20:00-04:00,121.44928499999999,2025-03-24 13:35:00-04:00,121.800635,164,19913.7,65.60000000000093,1.1480000000000001,7.978599999999176,56.47340000000176,0.002835906938439454,TAKE_PROFIT,15,-2.521238539483331,0.4990520680617013,0.0005704850382609796
403,NVDA,1,2025-03-24 15:33:00-04:00,121.7763504,2025-03-24 15:46:00-04:00,121.830629,164,19967.327999999998,16.892000000001417,1.1480000000000001,7.990309600000842,7.7536904000005755,0.00038831887771867006,TAKE_PROFIT,13,-2.851016796307431,0.560576947154494,0.0027620338341162883
404,NVDA,1,2025-03-25 10:36:00-04:00,119.76404801999999,2025-03-25 10:39:00-04:00,120.02099100000001,166,19876.8566,50.61340000000058,1.162,7.960865319997367,41.490534680003215,0.0020873790818616267,TAKE_PROFIT,3,-1.074554182826163,-0.14848976719775822,0.0007852775649691024
406,NVDA,1,2025-03-25 13:30:00-04:00,120.26404799999999,2025-03-25 13:34:00-04:00,120.56088299999999,166,19959.84,57.26999999999981,1.162,7.99538999999956,48.11261000000025,0.002410470725216247,TAKE_PROFIT,4,-2.8797613704636307,1.270246793256286,0.00022739962985437903
407,NVDA,-1,2025-03-25 15:37:00-04:00,121.040787,2025-03-25 15:42:00-04:00,120.92407998,165,19975.725,27.241499999999235,1.155,7.984841700000445,18.10165829999879,0.000906182794366602,TAKE_PROFIT,5,1.4879577506665818,-1.8764572437024183,0.0006544322947934068
409,NVDA,-1,2025-03-26 12:41:00-04:00,114.102175,2025-03-26 12:47:00-04:00,113.79275399999999,175,19971.875,62.125000000000696,1.225,7.976324999998141,52.923675000002554,0.002649910186199471,TAKE_PROFIT,6,1.7567532005866107,-0.7424765692310681,0.001558471606698107
410,NVDA,-1,2025-03-26 13:16:00-04:00,113.76724200000001,2025-03-26 13:28:00-04:00,113.54170380000001,175,19913.25,47.42500000000014,1.225,7.9558149999996886,38.24418500000045,0.0019205395904737022,TAKE_PROFIT,12,2.66856023528895,0.24171722226645057,0.0007274325943489437
411,NVDA,1,2025-03-26 13:39:00-04:00,112.942584,2025-03-26 13:49:00-04:00,113.14296688,177,19986.84,43.4711999999993,1.239,8.003430239998153,34.22876976000115,0.0017125653560043084,TAKE_PROFIT,10,-2.034766570949856,0.2011071355708177,0.001616609019676683
413,NVDA,-1,2025-03-26 15:51:00-04:00,113.847226,2025-03-26 15:52:00-04:00,113.82275999999999,175,19927.25,12.250000000001293,1.225,7.968449999998128,3.056550000003165,0.00015338543953647218,TAKE_PROFIT,1,-0.326265997353549,-1.1506760600376085,0.0005513880505089368
414,NVDA,-1,2025-03-27 14:44:00-04:00,112.522491,2025-03-27 15:03:00-04:00,112.32245999999999,177,19920.465,43.365000000000805,1.239,7.959512999999063,34.166487000001744,0.0017151450530899627,TAKE_PROFIT,19,2.4274421849028616,-0.7080986065818917,0.0030883514656638938
416,NVDA,-1,2025-03-28 10:17:00-04:00,109.97300100000001,2025-03-28 11:26:00-04:00,109.62191999999999,181,19909.095,71.49500000000185,1.2670000000000001,7.949338999997877,62.27866100000398,0.003128151279603818,TAKE_PROFIT,69,1.4249134816027051,-0.7049641355326883,0.0035645021635808973
418,NVDA,1,2025-03-28 15:42:00-04:00,109.566909,2025-03-28 15:56:00-04:00,109.70305499999999,182,19937.19,32.759999999998655,1.274,7.981427999999283,23.50457199999937,0.0011789310329088187,FORCED_EOD,14,-1.6385691490226568,-1.3476109649976542,0.0015233522741796956
419,NVDA,-1,2025-03-31 12:30:00-04:00,105.953805,2025-03-31 12:57:00-04:00,105.706137,188,19923.3,54.519999999998504,1.316,7.958415999997669,45.24558400000083,0.002270988440670011,TAKE_PROFIT,27,2.1289529773386713,-0.5196691832369791,0.0027955107416859385
421,NVDA,-1,2025-04-02 11:26:00-04:00,110.247946,2025-04-02 11:41:00-04:00,110.177031,181,19958.87,20.814999999999074,1.2670000000000001,7.9793849999991835,11.568614999999891,0.0005796227441733872,TAKE_PROFIT,15,2.8596017411358146,-0.16484858669544356,0.002195542037581326
423,NVDA,1,2025-04-02 14:07:00-04:00,109.786953,2025-04-02 14:16:00-04:00,109.992997,182,19977.23,45.5,1.274,7.999991999998969,36.22600800000103,0.0018133649159568685,TAKE_PROFIT,9,-2.3727791703549044,0.5727908762867828,0.0017028708320195624
426,NVDA,1,2025-04-04 10:52:00-04:00,93.378672,2025-04-04 11:02:00-04:00,95.1764609,214,19979.04,392.7969999999992,1.498,8.070175399999073,383.2288246000001,0.019181543487574983,TAKE_PROFIT,10,-1.082716672180764,-0.09433275880788203,0.002384613051682601
427,NVDA,-1,2025-04-04 15:37:00-04:00,95.835829,2025-04-04 15:50:00-04:00,94.983993,208,19937.84,185.12000000000012,1.456,7.93811199999891,175.72588800000122,0.008813687340253569,TAKE_PROFIT,13,2.0349229018924104,-1.6957544210553919,0.0050520875652882305
429,NVDA,-1,2025-04-07 13:45:00-04:00,98.73025,2025-04-07 14:06:00-04:00,98.58971399999999,202,19947.5,36.36000000000138,1.414,7.971727999999047,26.97427200000233,0.0013522632911393572,TAKE_PROFIT,21,1.5370193554071467,-1.6359258216092725,0.009720931528077764
430,NVDA,1,2025-04-07 15:55:00-04:00,97.144425,2025-04-07 15:56:00-04:00,97.4805,205,19910.625,76.875,1.435,7.979624999998336,67.46037500000166,0.0033881595881596715,FORCED_EOD,1,-1.0310428596455081,-0.8333446873090514,0.00025142976552688126
432,NVDA,1,2025-04-08 12:40:00-04:00,99.76884978000001,2025-04-08 12:51:00-04:00,100.2594441,200,19949.780000000002,106.11999999999853,1.4000000000000001,8.001136000001452,96.71886399999707,0.004848116821338233,TAKE_PROFIT,11,-2.494548178806929,-0.4483715056078475,0.003897506895764226
434,NVDA,-1,2025-04-09 10:26:00-04:00,99.999996,2025-04-09 10:30:00-04:00,99.989994,200,20004.0,9.999999999999432,1.4000000000000001,7.999599999999418,0.6004000000000129,3.0013997200560535e-05,TAKE_PROFIT,4,1.720764937091943,-1.0520800144038864,0.0015990400639615764
436,NVDA,1,2025-04-09 13:23:00-04:00,105.87116999999999,2025-04-09 13:50:00-04:00,108.95820400000001,188,19899.8,588.4400000000019,1.316,8.077607999998634,579.0463920000032,0.02909810108644324,TAKE_PROFIT,27,-1.6919073511427412,0.13158527714127202,0.002372411677324315
439,NVDA,-1,2025-04-10 15:35:00-04:00,107.418512,2025-04-10 15:54:00-04:00,107.40147599999999,186,19983.84,11.160000000000423,1.302,7.991303999996944,1.8666960000034791,9.34102755027802e-05,TAKE_PROFIT,19,2.8537417461743497,-0.4260049345362714,0.0016895411844839875
442,NVDA,1,2025-04-11 13:45:00-04:00,110.5221,2025-04-11 13:53:00-04:00,111.01779200000001,180,19890.0,97.20000000000113,1.26,7.9754399999976044,87.96456000000352,0.004422552036199272,TAKE_PROFIT,8,-2.6153868415597703,0.10643515272257606,0.004362023522897126
444,NVDA,1,2025-04-14 13:20:00-04:00,110.657127,2025-04-14 14:03:00-04:00,110.90791398,180,19914.3,53.11799999999835,1.26,7.976343599998188,43.88165640000016,0.002203524924300636,TAKE_PROFIT,43,-2.715859456373307,0.46003673557601193,0.007926529666724507
446,NVDA,1,2025-04-15 13:23:00-04:00,111.952386,2025-04-15 13:45:00-04:00,112.27754,178,19923.54,65.85999999999828,1.246,7.982587999998685,56.6314119999996,0.0028424372375591687,TAKE_PROFIT,22,-2.7413447786160368,-0.10890560268969822,0.001985540531489977
447,NVDA,-1,2025-04-15 13:52:00-04:00,112.42391072,2025-04-15 14:13:00-04:00,112.13352221999999,177,19903.0128,59.348100000000656,1.239,7.949335499999606,50.15976450000105,0.0025202096287654024,TAKE_PROFIT,21,2.8534186111595186,0.06035959509900891,0.0017886700321325117
448,NVDA,1,2025-04-16 10:07:00-04:00,105.14252429999999,2025-04-16 10:29:00-04:00,105.65896398,190,19973.085,106.1339999999997,1.33,8.010460799998782,96.79353920000092,0.004846198731943559,TAKE_PROFIT,22,-2.515310063412679,-0.15439904856500336,0.0053491610910466735
450,NVDA,-1,2025-04-16 11:49:00-04:00,104.894017,2025-04-16 11:52:00-04:00,104.57091,190,19933.850000000002,69.35000000000173,1.33,7.9596700000003295,60.0603300000014,0.0030129819377592085,TAKE_PROFIT,3,2.755855622846821,-0.4340812015298219,0.0004383758131790544
451,NVDA,-1,2025-04-16 13:33:00-04:00,103.349326,2025-04-16 14:01:00-04:00,102.340464,193,19950.41,202.6500000000022,1.351,7.939634000000709,193.3593660000015,0.00969199961304061,TAKE_PROFIT,28,2.0491371870246087,-0.3445642474973123,0.0033930942133091214
453,NVDA,-1,2025-04-17 12:09:00-04:00,101.20115572,2025-04-17 12:17:00-04:00,101.030202,197,19940.6158,41.645799999999525,1.379,7.96791715999953,32.29888284,0.0016197535303799392,TAKE_PROFIT,8,1.9103589959524214,-0.1251632224849575,0.00048264547625461937
455,NVDA,-1,2025-04-17 15:08:00-04:00,101.704655,2025-04-17 15:28:00-04:00,101.445285,196,19938.1,58.79999999999944,1.372,7.96347999999864,49.4645200000008,0.0024809043991153024,TAKE_PROFIT,20,2.677049453914965,0.14276019274107954,0.0002000400080015201
456,NVDA,1,2025-04-21 13:41:00-04:00,95.189034,2025-04-21 13:46:00-04:00,95.21105397999999,210,19985.7,12.62099999999819,1.47,7.996804200002003,3.1541957999961863,0.0001578226331825348,TAKE_PROFIT,5,-2.2344244960801674,0.7183279708667394,0.001460609422719947
457,NVDA,-1,2025-04-22 11:44:00-04:00,98.705255,2025-04-22 11:47:00-04:00,98.549706,202,19942.449999999997,39.38999999999862,1.414,7.9691019999999355,30.006897999998685,0.0015046746011647863,TAKE_PROFIT,3,2.1234141915980005,1.0197163962748044,0.00025069587227154227
458,NVDA,1,2025-04-22 12:02:00-04:00,99.279852,2025-04-22 12:33:00-04:00,99.745047,201,19951.260000000002,101.50499999999909,1.407,8.000805000000241,92.09719499999885,0.00461610920814018,TAKE_PROFIT,31,-2.00207640536059,0.06570859862104712,0.002818819673502387
459,NVDA,-1,2025-04-22 13:17:00-04:00,98.45020602,2025-04-22 13:45:00-04:00,98.209638,203,19989.3897,56.81969999999956,1.421,7.984391940000009,47.41430805999955,0.002371973770664922,TAKE_PROFIT,28,2.6662275260445063,-0.03288736686872732,0.003349855661378789
461,NVDA,1,2025-04-24 11:40:00-04:00,105.37106999999999,2025-04-24 11:47:00-04:00,105.44890600000001,189,19911.149999999998,22.68000000000086,1.323,7.968995999997247,13.388004000003612,0.0006723872804937742,TAKE_PROFIT,7,-2.549826581006326,-0.44826925715842986,0.0014336952258337137
463,NVDA,1,2025-04-24 14:05:00-04:00,106.241244,2025-04-24 14:24:00-04:00,106.28373900000001,188,19969.36,15.980000000001496,1.316,7.990939999998375,6.673060000003121,0.000334164940689292,TAKE_PROFIT,19,-1.885763053255334,0.5799446151161671,0.0014235902584121783
464,NVDA,1,2025-04-24 15:47:00-04:00,106.07121,2025-04-24 15:52:00-04:00,106.1677622,188,19937.399999999998,26.13199999999921,1.316,7.980186399998274,16.835813600000936,0.0008444337576615275,TAKE_PROFIT,5,-2.812817411619371,0.17702054629042208,0.00029423629654066645
467,NVDA,1,2025-04-25 15:39:00-04:00,110.36216802,2025-04-25 15:56:00-04:00,110.70785400000001,181,19971.558100000002,70.5718999999995,1.2670000000000001,8.00273761999712,61.302162380002386,0.0030694732014925957,FORCED_EOD,17,-2.0479456218120715,-1.5566277419637098,0.0014694167658124242
471,NVDA,1,2025-04-29 13:20:00-04:00,108.81185801999999,2025-04-29 13:37:00-04:00,108.9697017,183,19908.5883,36.85620000000122,1.281,7.970806559998778,27.604393440002447,0.001386557048849237,TAKE_PROFIT,17,-2.5923894827106784,-0.05258283484973951,0.001763208748486949
472,NVDA,1,2025-04-30 15:43:00-04:00,107.496495,2025-04-30 15:56:00-04:00,108.618272,186,19990.35,216.69000000000116,1.302,8.039477999999548,207.34852200000162,0.010372430797860049,FORCED_EOD,13,-2.3505592636522836,-1.7518354661396665,0.00033949944135389874
473,NVDA,-1,2025-05-01 11:19:00-04:00,114.53708800000001,2025-05-01 11:46:00-04:00,113.93278199999999,174,19933.44,113.10000000000099,1.218,7.950755999997085,103.9312440000039,0.0052139141061454475,TAKE_PROFIT,27,2.3888061613831817,0.08136873275031502,0.0035177426546760676
480,NVDA,-1,2025-05-06 12:18:00-04:00,113.397316,2025-05-06 12:20:00-04:00,113.37266999999999,176,19961.920000000002,12.3200000000013,1.232,7.9823039999980665,3.1056960000032348,0.00015558102627418778,TAKE_PROFIT,2,1.0983030937275235,1.2626651987603599,0.0002882255167309539
486,NVDA,1,2025-05-08 09:50:00-04:00,116.85836699999999,2025-05-08 09:58:00-04:00,117.521491,171,19978.785,121.41000000000136,1.197,8.015795999999568,112.19720400000179,0.005615817178071729,TAKE_PROFIT,8,-2.045893845178155,0.5564704267372638,0.002210941386849884
493,NVDA,1,2025-05-09 13:45:00-04:00,116.54340402,2025-05-09 13:59:00-04:00,116.78663800000001,171,19924.9371,49.5729000000005,1.197,7.979889419998173,40.396010580002326,0.002027409691546897,TAKE_PROFIT,14,-2.664418265825304,0.2543873916229267,0.001830253902343459
494,NVDA,1,2025-05-09 14:48:00-04:00,116.65452624000001,2025-05-09 15:21:00-04:00,116.70075518000002,171,19943.9352,15.885900000000035,1.197,7.9807512599990105,6.708148740001025,0.00033635030763643,TAKE_PROFIT,33,-2.4379501983047094,0.28986299769420804,0.0015818180909703803
496,NVDA,-1,2025-05-12 14:47:00-04:00,122.83042900000001,2025-05-12 15:26:00-04:00,122.65452599999999,162,19902.510000000002,36.45000000000138,1.1340000000000001,7.953713999998229,27.362286000003152,0.0013748158398113176,TAKE_PROFIT,39,2.3270445855287125,-0.3974345231451072,0.0013805292498000686
497,NVDA,1,2025-05-12 15:37:00-04:00,122.22444,2025-05-12 15:49:00-04:00,122.40691372,163,19918.600000000002,37.71819999999896,1.141,7.974983639998243,28.602216360000718,0.001435955155482851,TAKE_PROFIT,12,-2.8295938255197552,0.4567096705418895,0.0012627589048475477
498,NVDA,-1,2025-05-13 10:59:00-04:00,130.49929491999998,2025-05-13 11:06:00-04:00,129.78785238,153,19970.386199999997,116.81549999999899,1.071,7.964791380002225,107.77970861999677,0.005396976680400741,TAKE_PROFIT,7,2.1221058741442262,-0.7673768166550937,0.001806178954028259
501,NVDA,1,2025-05-15 14:19:00-04:00,135.17703,2025-05-15 14:29:00-04:00,135.292936,147,19867.05,24.98999999999816,1.029,7.951817999998838,16.009181999999324,0.0008058157602663367,TAKE_PROFIT,10,-2.410220593794497,0.24213950970301665,0.0030850655618044807
502,NVDA,1,2025-05-15 15:24:00-04:00,134.046804,2025-05-15 15:42:00-04:00,134.3036339,149,19968.980000000003,46.26449999999858,1.043,7.996844900000752,37.224655099997825,0.0018641240113414816,TAKE_PROFIT,18,-3.0592957667742366,-0.5237364945949241,0.0034823955966902143
503,NVDA,1,2025-05-16 10:44:00-04:00,133.991793,2025-05-16 11:04:00-04:00,134.538087,149,19960.785,89.39999999999915,1.043,8.002194000000799,80.35480599999835,0.0040256335610046575,TAKE_PROFIT,20,-2.6125206501893534,0.19323303709747555,0.003968847554715484
504,NVDA,1,2025-05-16 11:57:00-04:00,134.756946,2025-05-16 12:16:00-04:00,135.0874771,148,19940.039999999997,56.906000000000404,1.036,7.987397200000146,47.88260280000026,0.0024013293253173145,TAKE_PROFIT,19,-2.3954834873201953,0.34632612434762394,0.0013872828492269783
506,NVDA,1,2025-05-16 14:06:00-04:00,135.21183696,2025-05-16 15:03:00-04:00,135.30293400000002,147,19872.1656,21.34440000000248,1.029,7.953135119999189,12.362264880003291,0.0006220894656797391,TAKE_PROFIT,57,-2.7603404610350784,0.5865983467828676,0.0019364943623794606
507,NVDA,1,2025-05-19 12:19:00-04:00,134.98689198,2025-05-19 13:04:00-04:00,135.352924,148,19974.0652,62.17479999999864,1.036,8.002061039997784,53.136738960000855,0.00266028664810811,TAKE_PROFIT,45,-2.580374504588638,0.13280993024488358,0.002199413407073528
508,NVDA,-1,2025-05-19 13:54:00-04:00,135.57288,2025-05-19 14:22:00-04:00,135.09241308,147,19933.2,78.58619999999755,1.029,7.95756275999787,69.59963723999968,0.0034916439528023435,TAKE_PROFIT,28,2.7021910718983535,-1.7722451252138522,0.0005688453324883845
511,NVDA,-1,2025-05-20 13:37:00-04:00,134.088177,2025-05-20 13:52:00-04:00,133.95788621999998,149,19983.135000000002,27.401100000003368,1.043,7.98777377999977,18.370326220003598,0.0009192915035605572,TAKE_PROFIT,15,2.017032661914484,-0.1451367206044471,0.0009831068103789429
513,NVDA,1,2025-05-21 15:10:00-04:00,131.566308,2025-05-21 15:37:00-04:00,131.67365999999998,152,19994.079999999998,24.31999999999948,1.064,8.002496000000747,15.253503999998735,0.0007629010187014724,TAKE_PROFIT,27,-2.828161271070689,0.5176973110698688,0.007420653622050327
514,NVDA,1,2025-05-22 11:36:00-04:00,133.096614,2025-05-22 11:57:00-04:00,133.153364,150,19960.5,16.500000000002046,1.05,7.987499999998704,7.462500000003342,0.0003738633801760147,TAKE_PROFIT,21,-1.777184360042967,0.20583729124453554,0.0038814961889261567
517,NVDA,-1,2025-05-22 15:52:00-04:00,133.463302,2025-05-22 15:56:00-04:00,133.146624,149,19890.010000000002,55.13000000000068,1.043,7.944978000001271,46.14202199999941,0.0023198591654805304,FORCED_EOD,4,2.896086486753761,2.42459789176991,0.0009118461642737506
519,NVDA,-1,2025-05-27 14:56:00-04:00,135.36792100000002,2025-05-27 15:16:00-04:00,135.19703399999997,147,19903.065000000002,33.07500000000334,1.029,7.954610999995964,24.091389000007382,0.0012104361313198435,TAKE_PROFIT,20,3.2313865733327236,-0.8346832644202572,0.00020004000800149914
520,NVDA,1,2025-05-27 15:33:00-04:00,134.881971,2025-05-27 15:54:00-04:00,135.077979,148,19958.539999999997,37.0,1.036,7.990815999999086,27.973184000000913,0.001401564643506034,TAKE_PROFIT,21,-2.316011903879594,0.7140484161025947,0.0012008350619371814
525,NVDA,-1,2025-05-29 10:36:00-04:00,140.631868,2025-05-29 10:42:00-04:00,140.34036246,142,19973.72,49.37340000000046,0.994,7.979613320000055,40.3997866800004,0.002022647092279275,TAKE_PROFIT,6,2.0747918427141117,-0.36267290003048314,0.0014799774969924044
526,NVDA,1,2025-05-29 12:15:00-04:00,140.298054,2025-05-29 12:36:00-04:00,140.70685300000002,142,19918.34,66.03000000000048,0.994,7.980541999998195,57.05545800000229,0.002864468524987639,TAKE_PROFIT,21,-3.1577541482283937,0.5441864579323208,0.0016254965304081438
529,NVDA,1,2025-05-30 11:38:00-04:00,135.222039,2025-05-30 11:51:00-04:00,135.507893,147,19873.664999999997,49.9800000000005,1.029,7.959462000000428,40.99153800000008,0.0020626058656015426,TAKE_PROFIT,13,-2.0240746162946945,0.08013203008366768,0.003564796120253638
530,NVDA,1,2025-05-30 13:49:00-04:00,134.29675398,2025-05-30 14:17:00-04:00,134.428109,148,19871.945200000002,27.394800000000828,1.036,7.954257040000698,18.40454296000013,0.0009261570910531761,TAKE_PROFIT,28,-2.861130706756015,0.23768791249591997,0.0037733896388551665
532,NVDA,1,2025-06-02 10:23:00-04:00,136.312257,2025-06-02 10:37:00-04:00,137.032588,146,19897.61,113.15000000000083,1.022,7.98167399999852,104.1463260000023,0.005234112338115095,TAKE_PROFIT,14,-2.030132976040375,0.5502178302481512,0.00019996000799833908
533,NVDA,-1,2025-06-02 12:24:00-04:00,137.542486,2025-06-02 12:42:00-04:00,137.367468,145,19947.649999999998,33.349999999998516,1.0150000000000001,7.972389999999336,24.36260999999918,0.0012213273242712391,TAKE_PROFIT,18,2.3928894684630992,-0.5617746396830183,0.00034544962347130123
534,NVDA,1,2025-06-02 14:09:00-04:00,137.32245899999998,2025-06-02 14:25:00-04:00,137.927409,145,19907.774999999998,95.70000000000363,1.0150000000000001,7.982249999999169,86.70275000000446,0.004355220510579634,TAKE_PROFIT,16,-2.947988499494981,0.1419829855079433,0.0014743327600911678
535,NVDA,1,2025-06-02 15:53:00-04:00,137.192433,2025-06-02 15:56:00-04:00,137.21755100000001,145,19888.925,11.600000000001813,1.0150000000000001,7.957889999998855,2.6271100000029577,0.0001320890897825276,FORCED_EOD,3,-2.6458089423302322,-1.6176592081709644,0.0016942115167531589
536,NVDA,1,2025-06-03 11:49:00-04:00,141.483291,2025-06-03 12:05:00-04:00,141.61627108,141,19945.155000000002,26.733599999997807,0.987,7.983408720000398,17.76319127999741,0.0008906018168320782,TAKE_PROFIT,16,-2.7462320501621718,-0.5173756841414308,0.002850449669000107
538,NVDA,1,2025-06-04 12:33:00-04:00,140.473089,2025-06-04 12:51:00-04:00,140.826829,142,19943.19,58.219999999999516,0.994,7.988919999997222,49.237080000002294,0.002468866816191507,TAKE_PROFIT,18,-2.5535409474044046,-0.31613602933979884,0.0008762461256902604
539,NVDA,1,2025-06-04 12:57:00-04:00,140.568108,2025-06-04 13:15:00-04:00,140.916811,142,19956.68,57.51000000000016,0.994,7.9941740000001005,48.52182600000006,0.002431357620606236,TAKE_PROFIT,18,-3.062477860572157,0.46869382965590134,0.0012670583856759943
541,NVDA,-1,2025-06-04 15:21:00-04:00,141.766641,2025-06-04 15:31:00-04:00,141.703335,141,19993.094999999998,16.919999999996634,0.987,7.993853999999033,7.939145999997601,0.00039709439684038923,TAKE_PROFIT,10,2.476048780011806,-0.7556290004925839,0.001363924535674194
542,NVDA,1,2025-06-05 10:40:00-04:00,141.63832200000002,2025-06-05 10:53:00-04:00,142.096575,141,19967.010000000002,72.61499999999808,0.987,8.001327000000202,63.62667299999788,0.003186589930089576,TAKE_PROFIT,13,-2.4547406761780315,0.8603103661926843,0.001470802513461079
543,NVDA,-1,2025-06-05 11:46:00-04:00,143.751244,2025-06-05 12:03:00-04:00,143.543703,139,19985.420000000002,36.835000000002054,0.973,7.986800999999218,27.875199000002837,0.0013947767422452385,TAKE_PROFIT,17,2.955989668974878,-0.39052556305466435,0.0017304615464752845
545,NVDA,-1,2025-06-05 14:58:00-04:00,140.641866,2025-06-05 15:09:00-04:00,140.353065,142,19975.14,48.98999999999984,0.994,7.980257999998912,40.01574200000093,0.00200327717352674,TAKE_PROFIT,11,1.2895001120328058,-1.7508951562696484,0.00041334775805659086
546,NVDA,-1,2025-06-06 11:06:00-04:00,142.656463,2025-06-06 11:07:00-04:00,142.588512,140,19975.9,17.5,0.98,7.986860000000888,8.533139999999111,0.0004271717419490041,TAKE_PROFIT,1,1.5596515316779633,-1.722893400112825,0.0012164678441523554
547,NVDA,1,2025-06-09 12:13:00-04:00,142.303455,2025-06-09 12:32:00-04:00,142.41651099999999,140,19918.5,23.79999999999825,0.98,7.972160000002191,14.847839999996058,0.0007454296257246308,TAKE_PROFIT,19,-2.2131920329982027,0.36892357037294193,0.0025540841576897487
548,NVDA,-1,2025-06-09 13:12:00-04:00,142.706453,2025-06-09 13:32:00-04:00,142.698534,140,19982.9,9.10000000000366,0.98,7.9913400000015145,0.12866000000214584,6.4385049218154435e-06,TAKE_PROFIT,20,2.561876702813288,-0.4556623355612915,0.00237303214312236
549,NVDA,1,2025-06-09 15:40:00-04:00,142.52349900000002,2025-06-09 15:51:00-04:00,142.66246180000002,140,19949.3,27.439999999999714,0.98,7.9852079999994885,18.474792000000225,0.0009260872311309281,TAKE_PROFIT,11,-1.9362687973673274,0.5577637124082478,0.002339957988261413
550,NVDA,1,2025-06-10 10:42:00-04:00,142.488492,2025-06-10 10:58:00-04:00,142.546485,140,19944.4,16.099999999997294,0.98,7.980979999999818,7.139019999997476,0.0003579460901304364,TAKE_PROFIT,16,-2.0489536077227406,-0.07102188937503268,0.0009719521770222229
553,NVDA,-1,2025-06-10 15:20:00-04:00,144.10617299999998,2025-06-10 15:22:00-04:00,144.013797,138,19890.629999999997,20.699999999996862,0.966,7.952112000000568,11.781887999996293,0.0005923335761610515,TAKE_PROFIT,2,1.6852354303208348,-0.8419078330082564,0.00020004000800164767
