entry_time,base_exit_time,exit_time,direction,entry_reference,entry_price,exit_price,shares,stop_pct,rr,stop_price,target_price,exit_reason,gross_pnl,slippage,commissions,costs,net_pnl,duration_bars
2024-08-23 12:48:00-04:00,2024-08-23 13:23:00-04:00,2024-08-23 12:51:00-04:00,LONG,126.9,126.92538,127.35039982500001,157,0.0075,0.5,125.94825,127.37587500000001,TAKE_PROFIT_BRACKET,74.71237500000032,7.984262474999255,1.099,9.083262474999255,65.62911252500106,3
2024-08-26 13:03:00-04:00,2024-08-26 13:51:00-04:00,2024-08-26 14:01:00-04:00,LONG,126.6722,126.69753444,125.6970140683,157,0.0075,0.5,125.7221585,127.14722075,STOP,-149.1565154999996,7.925182856899056,1.099,9.024182856899056,-158.18069835689866,58
2024-08-26 15:46:00-04:00,2024-08-26 15:49:00-04:00,2024-08-26 15:50:00-04:00,LONG,126.265,126.29025299999999,126.71314605125,158,0.0075,0.5,125.3180125,126.73849375,TAKE_PROFIT_BRACKET,74.81201250000046,7.9949104024982205,1.106,9.10091040249822,65.71110209750225,4
2024-08-30 15:52:00-04:00,2024-08-30 15:56:00-04:00,2024-08-30 15:59:00-04:00,LONG,119.23,119.253846,119.336128,167,0.0075,0.5,118.335775,119.6771125,FORCED_EOD,21.70999999999924,7.968905999998171,1.169,9.137905999998171,12.57209400000107,7
2024-09-03 10:46:00-04:00,2024-09-03 11:09:00-04:00,2024-09-03 10:49:00-04:00,LONG,110.505,110.52710099999999,109.6542772575,180,0.0075,0.5,109.67621249999999,110.91939375,STOP,-149.18175000000076,7.92652364999725,1.26,9.18652364999725,-158.368273649998,3
2024-09-03 12:10:00-04:00,2024-09-03 12:42:00-04:00,2024-09-03 12:49:00-04:00,LONG,110.26,110.28205200000001,110.65134030500002,181,0.0075,0.5,109.43305000000001,110.67347500000001,TAKE_PROFIT_BRACKET,74.83897500000097,7.997791794998804,1.2670000000000001,9.264791794998803,65.57418320500217,39
2024-09-05 12:55:00-04:00,2024-09-05 14:53:00-04:00,2024-09-05 12:57:00-04:00,LONG,106.79,106.811358,107.16902440750002,187,0.0075,0.5,105.989075,107.19046250000001,TAKE_PROFIT_BRACKET,74.88648750000061,8.002869297496957,1.309,9.311869297496957,65.57461820250366,2
2024-09-06 14:06:00-04:00,2024-09-06 14:21:00-04:00,2024-09-06 14:24:00-04:00,SHORT,102.26,102.23954800000001,101.896900305,195,0.0075,0.5,103.02695,101.876525,TAKE_PROFIT_BRACKET,74.77762500000082,7.961324474998719,1.365,9.326324474998719,65.45130052500211,18
2024-09-11 12:01:00-04:00,2024-09-11 12:44:00-04:00,2024-09-11 12:05:00-04:00,SHORT,111.185,111.162763,112.04129127750001,179,0.0075,0.5,112.0188875,110.76805625,STOP,-149.26586250000054,7.990699172501223,1.2530000000000001,9.243699172501223,-158.50956167250177,4
2024-09-20 14:28:00-04:00,2024-09-20 14:53:00-04:00,2024-09-20 15:21:00-04:00,SHORT,115.7809,115.75774382,116.67258660135,172,0.0075,0.5,116.64925675,115.346721625,STOP,-149.35736100000065,7.995597392199954,1.204,9.199597392199955,-158.5569583922006,53
2024-09-23 10:44:00-04:00,2024-09-23 11:33:00-04:00,2024-09-23 10:53:00-04:00,LONG,115.37,115.393074,115.7794769725,173,0.0075,0.5,114.50472500000001,115.8026375,TAKE_PROFIT_BRACKET,74.84628749999973,7.99857325749835,1.211,9.20957325749835,65.63671424250138,9
2024-09-23 11:49:00-04:00,2024-09-23 12:28:00-04:00,2024-09-23 12:12:00-04:00,SHORT,116.0908,116.06758184,115.6785905919,172,0.0075,0.5,116.961481,115.6554595,TAKE_PROFIT_BRACKET,74.87856599999918,7.972071326799494,1.204,9.176071326799494,65.7024946731997,23
2024-09-24 10:46:00-04:00,2024-09-24 11:22:00-04:00,2024-09-24 11:03:00-04:00,LONG,115.74,115.76314799999999,116.150790195,172,0.0075,0.5,114.87195,116.174025,TAKE_PROFIT_BRACKET,74.65230000000093,7.97784245999884,1.204,9.18184245999884,65.4704575400021,17
2024-09-24 11:43:00-04:00,2024-09-24 14:39:00-04:00,2024-09-24 11:49:00-04:00,SHORT,119.415,119.39111700000001,120.3346746225,167,0.0075,0.5,120.3106125,118.96719375,STOP,-149.56728749999976,8.006835457499378,1.169,9.175835457499378,-158.74312295749914,6
2024-09-24 15:14:00-04:00,2024-09-24 15:52:00-04:00,2024-09-24 15:59:00-04:00,LONG,120.894,120.9181788,120.92581,165,0.0075,0.5,119.987295,121.3473525,FORCED_EOD,9.239999999999569,7.980852000000951,1.155,9.13585200000095,0.10414799999861768,45
2024-09-26 10:55:00-04:00,2024-09-26 11:43:00-04:00,2024-09-26 10:55:00-04:00,LONG,123.6599,123.68463197999999,122.70790425985,161,0.0075,0.5,122.73245075,124.12362462499999,STOP,-149.3193292499992,7.933833694149996,1.127,9.060833694149997,-158.38016294414922,0
2024-09-26 15:28:00-04:00,2024-09-26 15:41:00-04:00,2024-09-26 15:40:00-04:00,SHORT,124.376,124.35112480000001,123.93437191800001,160,0.0075,0.5,125.30882000000001,123.90959000000001,TAKE_PROFIT_BRACKET,74.6255999999994,7.945138879999831,1.12,9.065138879999832,65.56046111999956,12
2024-09-27 13:02:00-04:00,2024-09-27 13:37:00-04:00,2024-09-27 14:26:00-04:00,LONG,120.9107,120.93488214,119.97986897605001,165,0.0075,0.5,120.00386975,121.36411512500001,STOP,-149.62699124999978,7.950180801747777,1.155,9.105180801747776,-158.73217205174754,84
2024-09-30 14:14:00-04:00,2024-09-30 14:38:00-04:00,2024-09-30 14:17:00-04:00,SHORT,120.35,120.32593,119.9226672375,166,0.0075,0.5,121.252625,119.8986875,TAKE_PROFIT_BRACKET,74.91787500000004,7.976256424999036,1.162,9.138256424999035,65.779618575001,3
2024-10-02 13:52:00-04:00,2024-10-02 14:20:00-04:00,2024-10-02 14:25:00-04:00,LONG,118.4245,118.44818489999999,118.844818156625,168,0.0075,0.5,117.53631625,118.86859187499999,TAKE_PROFIT_BRACKET,74.60743499999967,7.973047886998188,1.176,9.149047886998188,65.45838711300148,33
2024-10-04 09:59:00-04:00,2024-10-04 10:52:00-04:00,2024-10-04 10:01:00-04:00,SHORT,123.1837,123.15906326000001,122.746305477225,162,0.0075,0.5,124.10757775,122.721761125,TAKE_PROFIT_BRACKET,74.83409775000021,7.96733694044741,1.1340000000000001,9.10133694044741,65.7327608095528,2
2024-10-08 13:52:00-04:00,2024-10-08 14:05:00-04:00,2024-10-08 15:36:00-04:00,SHORT,132.375,132.348525,133.39448606250002,151,0.0075,0.5,133.3678125,131.87859375,STOP,-149.91468750000206,8.02543293750196,1.057,9.082432937501961,-158.997120437504,104
2024-10-09 14:30:00-04:00,2024-10-09 15:10:00-04:00,2024-10-09 14:49:00-04:00,SHORT,132.64,132.613472,132.16902851999998,150,0.0075,0.5,133.63479999999998,132.1426,TAKE_PROFIT_BRACKET,74.60999999999984,7.943477999997128,1.05,8.993477999997129,65.61652200000272,19
2024-10-14 14:37:00-04:00,2024-10-14 14:39:00-04:00,2024-10-14 15:59:00-04:00,LONG,138.66,138.68773199999998,138.11247197999998,144,0.0075,0.5,137.62005,139.17997499999998,FORCED_EOD,-74.865600000001,7.971842879999258,1.008,8.979842879999257,-83.84544288000025,82
2024-10-15 09:48:00-04:00,2024-10-15 10:49:00-04:00,2024-10-15 10:09:00-04:00,LONG,136.1214,136.14862427999998,135.0734694021,146,0.0075,0.5,135.10048949999998,136.63185525,STOP,-149.05293300000199,7.9196791733966165,1.022,8.941679173396617,-157.9946121733986,21
2024-10-16 13:14:00-04:00,2024-10-16 14:13:00-04:00,2024-10-16 13:49:00-04:00,SHORT,135.115,135.08797700000002,136.15558817250002,148,0.0075,0.5,136.1283625,134.60831875,STOP,-149.97764999999993,8.028803529999209,1.036,9.064803529999208,-159.04245352999914,35
2024-10-16 14:23:00-04:00,2024-10-16 14:41:00-04:00,2024-10-16 14:53:00-04:00,LONG,136.026,136.0532052,136.50879028050002,147,0.0075,0.5,135.005805,136.5360975,TAKE_PROFIT_BRACKET,74.98433250000008,8.013325666497906,1.029,9.042325666497906,65.94200683350218,30
2024-10-16 15:41:00-04:00,2024-10-16 15:56:00-04:00,2024-10-16 15:59:00-04:00,LONG,135.51,135.53710199999998,135.68275802,147,0.0075,0.5,134.493675,136.0181625,FORCED_EOD,29.38530000000202,7.973865059999326,1.029,9.002865059999326,20.382434940002693,18
2024-10-18 13:32:00-04:00,2024-10-18 14:12:00-04:00,2024-10-18 15:59:00-04:00,SHORT,138.32,138.292336,138.00759599999998,144,0.0075,0.5,139.35739999999998,137.8013,FORCED_EOD,48.96000000000049,7.957439999996495,1.008,8.965439999996494,39.99456000000399,147
2024-10-21 10:47:00-04:00,2024-10-21 11:48:00-04:00,2024-10-21 11:57:00-04:00,SHORT,140.27,140.241946,141.35028940499998,142,0.0075,0.5,141.322025,139.7439875,STOP,-149.38754999999804,7.9972135099978345,0.994,8.991213509997834,-158.37876350999588,70
2024-10-23 10:06:00-04:00,2024-10-23 10:33:00-04:00,2024-10-23 10:14:00-04:00,LONG,139.17,139.19783399999997,139.6639491225,143,0.0075,0.5,138.12622499999998,139.69188749999998,TAKE_PROFIT_BRACKET,74.62991249999874,7.975449982496741,1.0010000000000001,8.97644998249674,65.65346251750199,8
2024-10-24 14:25:00-04:00,2024-10-24 15:13:00-04:00,2024-10-24 15:59:00-04:00,SHORT,139.9991,139.97110018,140.42808,142,0.0075,0.5,141.04909325,139.474103375,FORCED_EOD,-56.927800000001014,7.963334439997084,0.994,8.957334439997084,-65.8851344399981,94
2024-10-25 12:19:00-04:00,2024-10-25 13:04:00-04:00,2024-10-25 13:30:00-04:00,LONG,143.49,143.518698,142.385342235,139,0.0075,0.5,142.413825,144.0280875,STOP,-149.58832500000088,7.948126334999756,0.973,8.921126334999757,-158.50945133500065,71
2024-10-28 13:07:00-04:00,2024-10-28 14:37:00-04:00,2024-10-28 15:55:00-04:00,SHORT,140.8501,140.82192998,140.349976507425,142,0.0075,0.5,141.90647575,140.321912125,TAKE_PROFIT_BRACKET,75.00267824999804,7.9852851443487225,0.994,8.979285144348722,66.02339310564932,168
2024-10-29 12:47:00-04:00,2024-10-29 14:17:00-04:00,2024-10-29 15:07:00-04:00,LONG,141.44,141.468288,141.94200591999999,141,0.0075,0.5,140.3792,141.97039999999998,TAKE_PROFIT_BRACKET,74.78639999999803,7.99217328000023,0.987,8.97917328000023,65.8072267199978,140
2024-10-29 15:37:00-04:00,2024-10-29 15:56:00-04:00,2024-10-29 15:59:00-04:00,LONG,141.895,141.923379,141.251744,140,0.0075,0.5,140.8307875,142.42710625,FORCED_EOD,-86.10000000000127,7.928899999999999,0.98,8.9089,-95.00890000000128,22
2024-10-30 12:52:00-04:00,2024-10-30 13:34:00-04:00,2024-10-30 13:33:00-04:00,SHORT,140.2,140.17195999999998,139.70218485,142,0.0075,0.5,141.2515,139.67425,TAKE_PROFIT_BRACKET,74.65649999999829,7.948428700001784,0.994,8.942428700001784,65.7140712999965,41
2024-10-30 14:12:00-04:00,2024-10-30 14:50:00-04:00,2024-10-30 15:02:00-04:00,SHORT,140.0899,140.06188202,139.592475787575,142,0.0075,0.5,141.14057425,139.564562875,TAKE_PROFIT_BRACKET,74.597871749999,7.942186745648826,0.994,8.936186745648826,65.66168500435018,50
2024-10-30 15:53:00-04:00,2024-10-30 15:56:00-04:00,2024-10-30 15:55:00-04:00,SHORT,139.91,139.882018,139.41321456749998,142,0.0075,0.5,140.959325,139.3853375,TAKE_PROFIT_BRACKET,74.50207500000073,7.931987584999263,0.994,8.925987584999262,65.57608741500147,2
2024-10-31 11:54:00-04:00,2024-10-31 12:14:00-04:00,2024-10-31 11:58:00-04:00,LONG,132.47,132.49649399999998,132.9401691475,150,0.0075,0.5,131.476475,132.9667625,TAKE_PROFIT_BRACKET,74.51437499999827,7.963102874995798,1.05,9.013102874995798,65.50127212500247,4
2024-10-31 14:54:00-04:00,2024-10-31 15:01:00-04:00,2024-10-31 14:57:00-04:00,LONG,132.16,132.186432,132.62906888,151,0.0075,0.5,131.1688,132.6556,TAKE_PROFIT_BRACKET,74.8355999999994,7.997431119998026,1.057,9.054431119998027,65.78116888000137,3
2024-11-01 11:10:00-04:00,2024-11-01 11:32:00-04:00,2024-11-01 11:16:00-04:00,LONG,136.0599,136.08711198,136.542810600075,146,0.0075,0.5,135.03945075,136.570124625,TAKE_PROFIT_BRACKET,74.49279525000094,7.960796719051302,1.022,8.982796719051303,65.50999853094963,6
2024-11-04 11:15:00-05:00,2024-11-04 12:17:00-05:00,2024-11-04 11:23:00-05:00,SHORT,138.7884,138.76064232,138.2955970887,144,0.0075,0.5,139.82931299999998,138.2679435,TAKE_PROFIT_BRACKET,74.94573599999921,7.9792226927997945,1.008,8.987222692799794,65.95851330719942,8
2024-11-05 15:42:00-05:00,2024-11-05 15:53:00-05:00,2024-11-05 15:59:00-05:00,LONG,139.425,139.452885,139.91985418125,143,0.0075,0.5,138.3793125,139.94784375,TAKE_PROFIT_BRACKET,74.76665624999896,7.9900633312499,1.0010000000000001,8.991063331249899,65.77559291874906,17
2024-11-07 13:17:00-05:00,2024-11-07 13:32:00-05:00,2024-11-07 14:05:00-05:00,LONG,147.7,147.72954,148.224224225,135,0.0075,0.5,146.59224999999998,148.253875,TAKE_PROFIT_BRACKET,74.77312500000068,7.990754624998715,0.9450000000000001,8.935754624998715,65.83737037500197,48
2024-11-07 15:18:00-05:00,2024-11-07 15:44:00-05:00,2024-11-07 15:59:00-05:00,LONG,148.3401,148.36976802,148.86659609992503,134,0.0075,0.5,147.22754925,148.89637537500002,TAKE_PROFIT_BRACKET,74.5409002500017,7.965937540048515,0.9380000000000001,8.903937540048515,65.63696270995318,41
2024-11-08 11:05:00-05:00,2024-11-08 11:13:00-05:00,2024-11-08 11:09:00-05:00,LONG,146.565,146.594313,147.08519582625001,136,0.0075,0.5,145.4657625,147.11461875,TAKE_PROFIT_BRACKET,74.74815000000103,7.988085629998977,0.9520000000000001,8.940085629998977,65.80806437000206,4
2024-11-08 15:18:00-05:00,2024-11-08 15:56:00-05:00,2024-11-08 15:59:00-05:00,SHORT,147.32,147.290536,147.52949999999998,135,0.0075,0.5,148.42489999999998,146.76755,FORCED_EOD,-24.30000000000092,7.960139999996585,0.9450000000000001,8.905139999996585,-33.205139999997506,41
2024-11-11 14:42:00-05:00,2024-11-11 15:29:00-05:00,2024-11-11 15:59:00-05:00,SHORT,145.2362,145.20715276,145.309056,137,0.0075,0.5,146.3254715,144.69156425,FORCED_EOD,-6.000600000000617,7.960143879997247,0.9590000000000001,8.919143879997247,-14.919743879997863,77
2024-11-13 11:38:00-05:00,2024-11-13 12:25:00-05:00,2024-11-13 13:38:00-05:00,LONG,146.96,146.989392,147.48159778000002,136,0.0075,0.5,145.8578,147.5111,TAKE_PROFIT_BRACKET,74.94959999999878,8.009613919997946,0.9520000000000001,8.961613919997946,65.98798608000084,120
2024-11-14 10:02:00-05:00,2024-11-14 11:44:00-05:00,2024-11-14 11:23:00-05:00,SHORT,147.8474,147.81783052,148.9860467511,135,0.0075,0.5,148.9562555,147.29297225,STOP,-149.69549250000057,8.013698698498075,0.9450000000000001,8.958698698498075,-158.65419119849864,81
2024-11-15 10:24:00-05:00,2024-11-15 10:55:00-05:00,2024-11-15 10:26:00-05:00,LONG,142.42,142.44848399999998,142.925484185,140,0.0075,0.5,141.35184999999998,142.954075,TAKE_PROFIT_BRACKET,74.7705000000002,7.990474099999005,0.98,8.970474099999006,65.80002590000119,2
2024-11-18 15:19:00-05:00,2024-11-18 15:42:00-05:00,2024-11-18 15:40:00-05:00,SHORT,140.96,140.93180800000002,140.45948628,141,0.0075,0.5,142.0172,140.4314,TAKE_PROFIT_BRACKET,74.53260000000162,7.935237479998108,0.987,8.922237479998108,65.61036252000352,21
2024-11-22 14:16:00-05:00,2024-11-22 14:36:00-05:00,2024-11-22 14:36:00-05:00,LONG,141.3639,141.39217278,141.865635822075,141,0.0075,0.5,140.30367075,141.894014625,TAKE_PROFIT_BRACKET,74.74616212500143,7.9878731924269175,0.987,8.974873192426918,65.77128893257452,20
2024-11-27 13:16:00-05:00,2024-11-27 13:28:00-05:00,2024-11-27 13:32:00-05:00,LONG,133.4002,133.42688004000001,133.87367065985,149,0.0075,0.5,132.3996985,133.90045075,TAKE_PROFIT_BRACKET,74.53736174999884,7.965559392350059,1.043,9.008559392350058,65.52880235764877,16
2024-11-27 15:05:00-05:00,2024-11-27 15:56:00-05:00,2024-11-27 15:24:00-05:00,SHORT,134.915,134.888017,134.43595056375,148,0.0075,0.5,135.9268625,134.40906875,TAKE_PROFIT_BRACKET,74.87782500000048,7.971992435001539,1.036,9.007992435001539,65.86983256499894,19
2024-12-04 15:49:00-05:00,2024-12-04 15:56:00-05:00,2024-12-04 15:59:00-05:00,LONG,145.005,145.034001,145.11097199999998,137,0.0075,0.5,143.9174625,145.54876875,FORCED_EOD,18.494999999998754,7.949973000000654,0.9590000000000001,8.908973000000653,9.5860269999981,10
2024-12-05 13:28:00-05:00,2024-12-05 14:08:00-05:00,2024-12-05 15:05:00-05:00,LONG,144.7519,144.78085038,145.265660681075,138,0.0075,0.5,143.66626075,145.294719625,TAKE_PROFIT_BRACKET,74.90910824999901,8.005286701650846,0.966,8.971286701650845,65.93782154834817,97
2024-12-06 14:33:00-05:00,2024-12-06 14:45:00-05:00,2024-12-06 15:10:00-05:00,SHORT,142.59,142.561482,142.08369855749999,140,0.0075,0.5,143.659425,142.0552875,TAKE_PROFIT_BRACKET,74.85975000000167,7.970068049997963,0.98,8.950068049997963,65.9096819500037,37
2024-12-09 13:57:00-05:00,2024-12-09 15:19:00-05:00,2024-12-09 14:52:00-05:00,LONG,139.12,139.147824,138.04898468000002,143,0.0075,0.5,138.0766,139.64170000000001,STOP,-149.20619999999874,7.9278227600007085,1.0010000000000001,8.928822760000708,-158.13502275999946,55
2024-12-10 14:40:00-05:00,2024-12-10 14:45:00-05:00,2024-12-10 14:48:00-05:00,LONG,135.19,135.217038,135.66982310749998,147,0.0075,0.5,134.176075,135.69696249999998,TAKE_PROFIT_BRACKET,74.52348749999794,7.96407669750127,1.029,8.99307669750127,65.53041080249668,8
2024-12-10 14:58:00-05:00,2024-12-10 15:15:00-05:00,2024-12-10 15:05:00-05:00,LONG,134.9935,135.02049870000002,133.95425254025002,148,0.0075,0.5,133.98104875,135.49972562500002,STOP,-149.8427849999997,7.961646642999426,1.036,8.997646642999426,-158.84043164299914,7
2024-12-11 15:54:00-05:00,2024-12-11 15:56:00-05:00,2024-12-11 15:59:00-05:00,LONG,139.24,139.26784800000001,139.232148,143,0.0075,0.5,138.19570000000002,139.76215000000002,FORCED_EOD,2.859999999997399,7.965100000000234,1.0010000000000001,8.966100000000234,-6.106100000002836,5
2024-12-16 13:08:00-05:00,2024-12-16 13:20:00-05:00,2024-12-16 13:25:00-05:00,SHORT,131.9184,131.89201631999998,131.44999074119997,151,0.0075,0.5,132.90778799999998,131.42370599999998,TAKE_PROFIT_BRACKET,74.69879400000147,7.952931601199452,1.057,9.009931601199453,65.68886239880202,17
2024-12-16 14:36:00-05:00,2024-12-16 14:56:00-05:00,2024-12-16 15:48:00-05:00,SHORT,132.25,132.22355,131.7804133125,151,0.0075,0.5,133.241875,131.7540625,TAKE_PROFIT_BRACKET,74.88656249999948,7.9729226875014945,1.057,9.029922687501495,65.85663981249799,72
2024-12-17 11:42:00-05:00,2024-12-17 13:01:00-05:00,2024-12-17 11:53:00-05:00,SHORT,130.22,130.19395600000001,129.75762133499998,153,0.0075,0.5,131.19665,129.731675,TAKE_PROFIT_BRACKET,74.7137250000005,7.954521254995541,1.071,9.02552125499554,65.68820374500496,11
2024-12-18 14:11:00-05:00,2024-12-18 14:51:00-05:00,2024-12-18 14:22:00-05:00,LONG,133.94,133.966788,134.415386545,149,0.0075,0.5,132.93545,134.442275,TAKE_PROFIT_BRACKET,74.8389749999996,7.9977917950023425,1.043,9.040791795002342,65.79818320499726,11
2024-12-19 14:01:00-05:00,2024-12-19 14:23:00-05:00,2024-12-19 14:13:00-05:00,SHORT,132.7318,132.70525364,132.26050256115,150,0.0075,0.5,133.7272885,132.23405574999998,TAKE_PROFIT_BRACKET,74.66163750000163,7.948975672501035,1.05,8.998975672501036,65.6626618275006,12
2024-12-19 15:38:00-05:00,2024-12-19 15:42:00-05:00,2024-12-19 15:41:00-05:00,LONG,131.0899,131.11611797999998,131.555170827575,152,0.0075,0.5,130.10672575,131.581487125,TAKE_PROFIT_BRACKET,74.72124299999928,7.985210168595131,1.064,9.049210168595131,65.67203283140415,3
2024-12-20 13:18:00-05:00,2024-12-20 13:54:00-05:00,2024-12-20 13:54:00-05:00,LONG,133.71,133.736742,134.1845702175,149,0.0075,0.5,132.707175,134.2114125,TAKE_PROFIT_BRACKET,74.71046249999799,7.984058092495388,1.043,9.027058092495388,65.6834044075026,36
2024-12-23 13:04:00-05:00,2024-12-23 14:32:00-05:00,2024-12-23 14:14:00-05:00,SHORT,138.49,138.46230200000002,139.556580735,144,0.0075,0.5,139.52867500000002,137.9706625,STOP,-149.56920000000173,8.00693783999668,1.008,9.01493783999668,-158.58413783999842,70
2024-12-24 11:53:00-05:00,2024-12-24 12:26:00-05:00,2024-12-24 12:36:00-05:00,LONG,140.7695,140.7976539,139.68578600425,142,0.0075,0.5,139.71372875,141.297385625,STOP,-149.9195174999989,7.965723696502437,0.994,8.959723696502436,-158.87924119650134,43
2024-12-26 15:39:00-05:00,2024-12-26 15:42:00-05:00,2024-12-26 15:59:00-05:00,LONG,139.9899,140.01789798000001,139.882018,142,0.0075,0.5,138.93997575,140.514862125,FORCED_EOD,-11.345800000001304,7.949157160002528,0.994,8.943157160002528,-20.288957160003832,20
2024-12-27 11:31:00-05:00,2024-12-27 12:00:00-05:00,2024-12-27 11:44:00-05:00,SHORT,136.7399,136.71255202,136.254370800075,146,0.0075,0.5,137.76544925000002,136.227125375,TAKE_PROFIT_BRACKET,74.86509524999877,7.970637140949464,1.022,8.992637140949464,65.8724581090493,13
2024-12-30 13:55:00-05:00,2024-12-30 14:22:00-05:00,2024-12-30 15:35:00-05:00,LONG,139.41,139.437882,138.336752115,143,0.0075,0.5,138.36442499999998,139.9327875,STOP,-149.51722500000196,7.944348554998896,1.0010000000000001,8.945348554998896,-158.46257355500086,100
2025-01-03 11:34:00-05:00,2025-01-03 12:15:00-05:00,2025-01-03 11:46:00-05:00,LONG,143.4304,143.45908608,143.9394703472,139,0.0075,0.5,142.354672,143.968264,TAKE_PROFIT_BRACKET,74.76309600000184,7.989682859200627,0.973,8.962682859200628,65.80041314080121,12
2025-01-03 12:46:00-05:00,2025-01-03 13:18:00-05:00,2025-01-03 15:59:00-05:00,SHORT,144.158,144.1291684,144.618918,138,0.0075,0.5,145.239185,143.61740749999998,FORCED_EOD,-59.61600000000226,7.969444799999167,0.966,8.935444799999166,-68.55144480000142,193
2025-01-06 14:13:00-05:00,2025-01-06 14:42:00-05:00,2025-01-06 15:30:00-05:00,LONG,150.065,150.095013,150.59761820125001,133,0.0075,0.5,148.9395125,150.62774375,TAKE_PROFIT_BRACKET,74.84491875000131,7.9984269837486295,0.931,8.92942698374863,65.91549176625269,77
2025-01-06 15:38:00-05:00,2025-01-06 15:56:00-05:00,2025-01-06 15:47:00-05:00,LONG,150.26,150.29005199999997,149.10322339,133,0.0075,0.5,149.13305,150.823475,STOP,-149.88434999999916,7.963855129996006,0.931,8.894855129996007,-158.77920512999518,9
2025-01-07 14:14:00-05:00,2025-01-07 15:03:00-05:00,2025-01-07 15:09:00-05:00,LONG,142.12,142.148424,141.02588918,140,0.0075,0.5,141.0541,142.65295,STOP,-149.22599999999989,7.928874799999903,0.98,8.908874799999904,-158.13487479999978,55
2025-01-10 15:16:00-05:00,2025-01-10 15:53:00-05:00,2025-01-10 15:59:00-05:00,SHORT,135.8899,135.86272202,135.88717200000002,147,0.0075,0.5,136.90907425,135.38031287500002,FORCED_EOD,4.395299999999679,7.9894470600017655,1.029,9.018447060001765,-4.623147060002086,43
2025-01-15 10:57:00-05:00,2025-01-15 12:03:00-05:00,2025-01-15 11:09:00-05:00,SHORT,135.19,135.162962,134.70997410750002,147,0.0075,0.5,136.203925,134.6830375,TAKE_PROFIT_BRACKET,74.52348749999794,7.934267302501411,1.029,8.96326730250141,65.56022019749653,12
2025-01-16 13:16:00-05:00,2025-01-16 13:42:00-05:00,2025-01-16 13:45:00-05:00,LONG,134.815,134.841963,133.77712672250001,148,0.0075,0.5,133.8038875,135.32055625,STOP,-149.6446499999994,7.9511190699973895,1.036,8.987119069997389,-158.63176906999678,29
2025-01-22 13:47:00-05:00,2025-01-22 14:55:00-05:00,2025-01-22 15:46:00-05:00,SHORT,147.38,147.350524,146.85669046499999,135,0.0075,0.5,148.48534999999998,146.827325,TAKE_PROFIT_BRACKET,74.61112499999913,7.9435977749962206,0.9450000000000001,8.88859777499622,65.72252722500292,119
2025-01-27 11:31:00-05:00,2025-01-27 11:52:00-05:00,2025-01-27 11:34:00-05:00,LONG,119.15,119.17383000000001,118.23272372500001,167,0.0075,0.5,118.256375,119.5968125,STOP,-149.23537500000003,7.929372924999257,1.169,9.098372924999257,-158.3337479249993,3
2025-01-28 13:57:00-05:00,2025-01-28 14:30:00-05:00,2025-01-28 14:43:00-05:00,SHORT,126.5805,126.5551839,127.55535972075,158,0.0075,0.5,127.52985375,126.105823125,STOP,-149.99789250000003,8.029887178500246,1.106,9.135887178500246,-159.13377967850028,46
2025-01-28 15:45:00-05:00,2025-01-28 15:56:00-05:00,2025-01-28 15:59:00-05:00,SHORT,127.725,127.699455,128.7086740875,156,0.0075,0.5,128.68293749999998,127.24603124999999,STOP,-149.43824999999777,7.999927650000018,1.092,9.091927650000018,-158.5301776499978,14
2025-01-31 13:36:00-05:00,2025-01-31 14:32:00-05:00,2025-01-31 13:44:00-05:00,SHORT,124.045,124.02019100000001,123.60454721625,161,0.0075,0.5,124.9753375,123.57983125,TAKE_PROFIT_BRACKET,74.8921687500006,7.973519566248413,1.127,9.100519566248414,65.79164918375218,8
2025-02-04 15:54:00-05:00,2025-02-04 15:56:00-05:00,2025-02-04 15:59:00-05:00,LONG,118.46,118.48369199999999,118.666262,168,0.0075,0.5,117.57154999999999,118.904225,FORCED_EOD,38.64000000000067,7.968239999998559,1.176,9.14423999999856,29.49576000000211,5
2025-02-05 13:30:00-05:00,2025-02-05 14:21:00-05:00,2025-02-05 14:38:00-05:00,LONG,123.23,123.25464600000001,123.66737407750001,162,0.0075,0.5,122.305775,123.69211250000001,TAKE_PROFIT_BRACKET,74.86222500000056,8.0002764449996,1.1340000000000001,9.1342764449996,65.72794855500096,68
2025-02-06 10:41:00-05:00,2025-02-06 11:17:00-05:00,2025-02-06 10:47:00-05:00,SHORT,126.57,126.544686,126.12058157249999,158,0.0075,0.5,127.519275,126.0953625,TAKE_PROFIT_BRACKET,74.99272500000001,7.984225454998096,1.106,9.090225454998096,65.90249954500192,6
2025-02-06 11:43:00-05:00,2025-02-06 12:38:00-05:00,2025-02-06 11:53:00-05:00,SHORT,127.03,127.004594,128.008321545,157,0.0075,0.5,127.982725,126.55363750000001,STOP,-149.57782500000013,8.007399565000455,1.099,9.106399565000455,-158.6842245650006,10
2025-02-06 14:38:00-05:00,2025-02-06 15:25:00-05:00,2025-02-06 15:53:00-05:00,SHORT,127.43,127.404514,128.411402145,156,0.0075,0.5,128.385725,126.9521375,STOP,-149.09310000000016,7.981450620000601,1.092,9.073450620000601,-158.16655062000078,75
2025-02-10 11:48:00-05:00,2025-02-10 12:06:00-05:00,2025-02-10 12:24:00-05:00,LONG,133.2342,133.26084683999997,133.70708148435,150,0.0075,0.5,132.23494349999999,133.73382825,TAKE_PROFIT_BRACKET,74.9442375000001,8.009040847495896,1.05,9.059040847495897,65.8851966525042,36
2025-02-12 14:08:00-05:00,2025-02-12 14:21:00-05:00,2025-02-12 14:35:00-05:00,LONG,130.4589,130.48499178,130.921931250825,153,0.0075,0.5,129.48045825,130.948120875,TAKE_PROFIT_BRACKET,74.85079387500014,7.999054838775805,1.071,9.070054838775805,65.78073903622433,27
2025-02-18 10:37:00-05:00,2025-02-18 11:14:00-05:00,2025-02-18 11:03:00-05:00,LONG,139.971,139.9989942,140.46779207175,142,0.0075,0.5,138.9212175,140.49589125,TAKE_PROFIT_BRACKET,74.53455749999944,7.965259711497595,0.994,8.959259711497594,65.57529778850184,26
2025-02-18 15:38:00-05:00,2025-02-18 15:56:00-05:00,2025-02-18 15:59:00-05:00,LONG,138.94,138.96778799999998,139.382118,143,0.0075,0.5,137.89795,139.461025,FORCED_EOD,67.20999999999984,7.960809999998872,1.0010000000000001,8.961809999998872,58.24819000000097,21
2025-02-19 10:33:00-05:00,2025-02-19 11:12:00-05:00,2025-02-19 10:56:00-05:00,SHORT,140.005,139.976999,139.50787724625002,142,0.0075,0.5,141.0550375,139.47998125,TAKE_PROFIT_BRACKET,74.55266249999812,7.93737346749981,0.994,8.93137346749981,65.62128903249831,23
2025-02-21 12:07:00-05:00,2025-02-21 12:36:00-05:00,2025-02-21 12:15:00-05:00,SHORT,139.675,139.64706500000003,139.17904899375,143,0.0075,0.5,140.7225625,139.15121875,TAKE_PROFIT_BRACKET,74.90071875000189,7.974429856248321,1.0010000000000001,8.97542985624832,65.92528889375356,8
2025-02-24 14:12:00-05:00,2025-02-24 14:59:00-05:00,2025-02-24 14:55:00-05:00,LONG,133.54,133.56670799999998,132.51194231,149,0.0075,0.5,132.53844999999998,134.040775,STOP,-149.23095000000131,7.9291378099960355,1.043,8.972137809996035,-158.20308780999736,43
2025-02-26 12:37:00-05:00,2025-02-26 13:38:00-05:00,2025-02-26 12:51:00-05:00,SHORT,132.46,132.43350800000002,131.989667655,151,0.0075,0.5,133.45345,131.963275,TAKE_PROFIT_BRACKET,75.00547499999968,7.985582904997813,1.057,9.042582904997813,65.96289209500186,14
2025-03-04 12:54:00-05:00,2025-03-04 13:09:00-05:00,2025-03-04 12:57:00-05:00,SHORT,115.7888,115.76564223999999,115.37766291839999,172,0.0075,0.5,116.65721599999999,115.354592,TAKE_PROFIT_BRACKET,74.68377599999968,7.951332684799752,1.204,9.155332684799752,65.52844331519994,3
2025-03-04 15:53:00-05:00,2025-03-04 15:56:00-05:00,2025-03-04 15:54:00-05:00,SHORT,115.17,115.146966,116.05698175500001,173,0.0075,0.5,116.033775,114.7381125,STOP,-149.43307500000068,7.999650614999908,1.211,9.210650614999908,-158.64372561500062,1
2025-03-05 14:08:00-05:00,2025-03-05 14:59:00-05:00,2025-03-05 14:14:00-05:00,LONG,117.6,117.62351999999998,118.0173918,170,0.0075,0.5,116.71799999999999,118.041,TAKE_PROFIT_BRACKET,74.97000000000043,8.011793999998105,1.19,9.201793999998104,65.76820600000232,6
2025-03-05 15:52:00-05:00,2025-03-05 15:56:00-05:00,2025-03-05 15:59:00-05:00,SHORT,117.58,117.556484,117.162502815,170,0.0075,0.5,118.46185,117.139075,TAKE_PROFIT_BRACKET,74.9572499999988,7.980448549998584,1.19,9.170448549998584,65.78680145000021,7
2025-03-06 10:09:00-05:00,2025-03-06 11:16:00-05:00,2025-03-06 10:21:00-05:00,LONG,114.76,114.78295200000001,115.16731193000001,174,0.0075,0.5,113.89930000000001,115.19035000000001,TAKE_PROFIT_BRACKET,74.88090000000074,8.002272180000347,1.218,9.220272180000347,65.66062782000039,12
2025-03-07 14:53:00-05:00,2025-03-07 15:48:00-05:00,2025-03-07 15:08:00-05:00,SHORT,111.79,111.76764200000001,112.650950685,178,0.0075,0.5,112.62842500000001,111.3707875,STOP,-149.23965000000015,7.989295929997837,1.246,9.235295929997838,-158.474945929998,15
2025-03-12 12:41:00-04:00,2025-03-12 13:12:00-04:00,2025-03-12 12:42:00-04:00,SHORT,116.01,115.98679800000001,115.5980774925,172,0.0075,0.5,116.880075,115.5749625,TAKE_PROFIT_BRACKET,74.82645000000122,7.96652270999931,1.204,9.170522709999311,65.65592729000191,1
2025-03-14 14:42:00-04:00,2025-03-14 15:10:00-04:00,2025-03-14 15:12:00-04:00,LONG,120.5599,120.58401198,120.987797225075,165,0.0075,0.5,119.65570075,121.011999625,TAKE_PROFIT_BRACKET,74.5964381250004,7.971872687625492,1.155,9.126872687625491,65.46956543737491,30
2025-03-14 15:41:00-04:00,2025-03-14 15:56:00-04:00,2025-03-14 15:55:00-04:00,SHORT,120.8801,120.85592398,121.81105809015,165,0.0075,0.5,121.78670075,120.426799625,STOP,-149.58912374999926,8.00800442475051,1.155,9.16300442475051,-158.75212817474977,14
2025-03-17 15:36:00-04:00,2025-03-17 15:55:00-04:00,2025-03-17 15:59:00-04:00,LONG,120.18,120.204036,119.45610400000001,166,0.0075,0.5,119.27865000000001,120.63067500000001,FORCED_EOD,-116.20000000000047,7.956711999998134,1.162,9.118711999998133,-125.31871199999861,23
2025-03-19 12:13:00-04:00,2025-03-19 12:20:00-04:00,2025-03-19 12:14:00-04:00,SHORT,117.8289,117.80533422,117.410519033325,169,0.0075,0.5,118.71261675000001,117.38704162500001,TAKE_PROFIT_BRACKET,74.67406537499922,7.9502988269235715,1.183,9.133298826923571,65.54076654807564,1
2025-03-19 14:46:00-04:00,2025-03-19 15:56:00-04:00,2025-03-19 14:58:00-04:00,LONG,119.085,119.10881699999999,119.50766243624999,167,0.0075,0.5,118.1918625,119.53156874999999,TAKE_PROFIT_BRACKET,74.57698124999955,7.969793396249656,1.169,9.138793396249657,65.4381878537499,12
2025-03-21 11:43:00-04:00,2025-03-21 12:10:00-04:00,2025-03-21 12:12:00-04:00,SHORT,116.3399,116.31663202,117.23589173985,171,0.0075,0.5,117.21244925,115.903625375,STOP,-149.20592175000098,7.987490344349666,1.197,9.184490344349665,-158.39041209435067,29
2025-03-24 13:20:00-04:00,2025-03-24 13:36:00-04:00,2025-03-24 13:37:00-04:00,LONG,121.425,121.44928499999999,121.85596768125,164,0.0075,0.5,120.5143125,121.88034375,TAKE_PROFIT_BRACKET,74.67637499999955,7.980415274998904,1.1480000000000001,9.128415274998904,65.54795972500065,17
2025-03-24 15:38:00-04:00,2025-03-24 15:56:00-04:00,2025-03-24 15:54:00-04:00,LONG,121.525,121.549305,121.95632260625001,164,0.0075,0.5,120.6135625,121.98071875000001,TAKE_PROFIT_BRACKET,74.73787500000043,7.986987574999091,1.1480000000000001,9.13498757499909,65.60288742500134,16
2025-03-25 15:37:00-04:00,2025-03-25 15:41:00-04:00,2025-03-25 15:58:00-04:00,SHORT,121.065,121.040787,120.63512845125,165,0.0075,0.5,121.9729875,120.61100625,TAKE_PROFIT_BRACKET,74.90896874999919,7.975308206249636,1.155,9.130308206249635,65.77866054374955,21
2025-03-26 11:59:00-04:00,2025-03-26 12:39:00-04:00,2025-03-26 13:32:00-04:00,LONG,114.11,114.13282199999999,113.23152416500001,175,0.0075,0.5,113.254175,114.5379125,STOP,-149.7693749999993,7.9577461249972,1.225,9.1827461249972,-158.95212112499647,93
2025-03-26 13:41:00-04:00,2025-03-26 13:55:00-04:00,2025-03-26 14:20:00-04:00,LONG,112.989,113.0115978,113.39002620825,176,0.0075,0.5,112.1415825,113.41270875000001,TAKE_PROFIT_BRACKET,74.57274000000052,7.9693401480001285,1.232,9.201340148000128,65.3713998520004,39
2025-03-27 12:08:00-04:00,2025-03-27 12:36:00-04:00,2025-03-27 12:15:00-04:00,LONG,112.3,112.32245999999999,112.698580775,178,0.0075,0.5,111.45775,112.721125,TAKE_PROFIT_BRACKET,74.96025000000063,8.010752049999923,1.246,9.256752049999923,65.70349795000071,7
2025-03-28 15:51:00-04:00,2025-03-28 15:56:00-04:00,2025-03-28 15:59:00-04:00,LONG,109.47,109.491894,109.608074,182,0.0075,0.5,108.648975,109.8805125,FORCED_EOD,29.11999999999938,7.975239999999388,1.274,9.24923999999939,19.87075999999999,8
2025-03-31 12:42:00-04:00,2025-03-31 13:00:00-04:00,2025-03-31 12:57:00-04:00,SHORT,106.02,105.998796,105.643549485,188,0.0075,0.5,106.81515,105.62242499999999,TAKE_PROFIT_BRACKET,74.74410000000063,7.957755179999765,1.316,9.273755179999766,65.47034482000086,15
2025-04-01 11:20:00-04:00,2025-04-01 12:36:00-04:00,2025-04-01 11:36:00-04:00,SHORT,109.055,109.03318900000001,108.66777295875,183,0.0075,0.5,109.87291250000001,108.64604375,TAKE_PROFIT_BRACKET,74.83899375000051,7.967858201250422,1.281,9.248858201250423,65.59013554875008,16
2025-04-01 14:04:00-04:00,2025-04-01 14:41:00-04:00,2025-04-01 15:16:00-04:00,LONG,108.17,108.191634,108.5539223725,184,0.0075,0.5,107.358725,108.5756375,TAKE_PROFIT_BRACKET,74.63729999999953,7.976239459998851,1.288,9.264239459998851,65.37306054000068,72
2025-04-02 11:23:00-04:00,2025-04-02 12:05:00-04:00,2025-04-02 12:22:00-04:00,SHORT,109.8,109.77804,110.64562469999998,182,0.0075,0.5,110.62349999999999,109.38825,STOP,-149.8769999999992,8.023415399997248,1.274,9.297415399997249,-159.17441539999646,59
2025-04-03 10:52:00-04:00,2025-04-03 11:32:00-04:00,2025-04-03 10:56:00-04:00,LONG,102.719,102.73954379999999,103.08357541075,194,0.0075,0.5,101.9486075,103.10419625,TAKE_PROFIT_BRACKET,74.72807250000136,7.985940014499789,1.358,9.34394001449979,65.38413248550157,4
2025-04-07 14:31:00-04:00,2025-04-07 14:37:00-04:00,2025-04-07 14:31:00-04:00,LONG,97.61,97.629522,97.9564422925,204,0.0075,0.5,96.877925,97.9760375,TAKE_PROFIT_BRACKET,74.67165000000091,7.979910329999711,1.428,9.407910329999712,65.2637396700012,0
2025-04-09 13:30:00-04:00,2025-04-09 14:12:00-04:00,2025-04-09 13:30:00-04:00,LONG,106.47,106.491294,106.84788864750001,187,0.0075,0.5,105.671475,106.8692625,TAKE_PROFIT_BRACKET,74.66208750000114,7.9788884174978705,1.309,9.28788841749787,65.37419908250327,0
2025-04-11 13:46:00-04:00,2025-04-11 13:53:00-04:00,2025-04-11 13:49:00-04:00,LONG,110.36,110.382072,110.75169523,181,0.0075,0.5,109.5323,110.77385,TAKE_PROFIT_BRACKET,74.90684999999937,8.00504536999901,1.2670000000000001,9.27204536999901,65.63480463000036,3
2025-04-14 10:52:00-04:00,2025-04-14 11:06:00-04:00,2025-04-14 11:29:00-04:00,LONG,112.5434,112.56590868,111.6769846351,177,0.0075,0.5,111.6993245,112.96543775,STOP,-149.40136350000043,7.938192447301063,1.239,9.177192447301064,-158.5785559473015,37
2025-04-14 15:52:00-04:00,2025-04-14 15:56:00-04:00,2025-04-14 15:56:00-04:00,SHORT,111.25,111.22775,110.8549790625,179,0.0075,0.5,112.084375,110.8328125,TAKE_PROFIT_BRACKET,74.67656249999949,7.950564687500702,1.2530000000000001,9.203564687500702,65.47299781249879,4
2025-04-15 13:32:00-04:00,2025-04-15 13:50:00-04:00,2025-04-15 13:49:00-04:00,LONG,112.11,112.13242199999999,112.5079064175,178,0.0075,0.5,111.269175,112.5304125,TAKE_PROFIT_BRACKET,74.83342499999958,7.997198684998779,1.246,9.243198684998779,65.5902263150008,17
2025-04-16 13:35:00-04:00,2025-04-16 14:16:00-04:00,2025-04-16 13:45:00-04:00,SHORT,103.305,103.284339,102.93818977125001,193,0.0075,0.5,104.07978750000001,102.91760625,TAKE_PROFIT_BRACKET,74.76699375000021,7.9601926012514355,1.351,9.311192601251435,65.45580114874878,10
2025-04-21 15:24:00-04:00,2025-04-21 15:56:00-04:00,2025-04-21 15:37:00-04:00,LONG,95.67,95.689134,96.0095567475,209,0.0075,0.5,94.952475,96.0287625,TAKE_PROFIT_BRACKET,74.98136249999946,8.013008272498652,1.463,9.476008272498653,65.50535422750082,13
2025-04-22 12:02:00-04:00,2025-04-22 13:08:00-04:00,2025-04-22 12:22:00-04:00,LONG,99.26,99.279852,99.61229855500001,201,0.0075,0.5,98.51555,99.632225,TAKE_PROFIT_BRACKET,74.81722500000005,7.995467444999207,1.407,9.402467444999207,65.41475755500085,20
2025-04-22 13:19:00-04:00,2025-04-22 14:06:00-04:00,2025-04-22 13:21:00-04:00,SHORT,98.67,98.650266,98.3196474975,202,0.0075,0.5,99.410025,98.2999875,TAKE_PROFIT_BRACKET,74.74252500000028,7.957587494999899,1.414,9.371587494999899,65.37093750500038,2
2025-04-22 15:47:00-04:00,2025-04-22 15:54:00-04:00,2025-04-22 15:54:00-04:00,LONG,98.1444,98.16402888,98.49273901170001,203,0.0075,0.5,97.40831700000001,98.51244150000001,TAKE_PROFIT_BRACKET,74.7124245000008,7.984267764899471,1.421,9.40526776489947,65.30715673510132,7
2025-04-23 11:14:00-04:00,2025-04-23 13:08:00-04:00,2025-04-23 11:20:00-04:00,SHORT,104.21,104.18915799999999,103.8399763425,191,0.0075,0.5,104.991575,103.81921249999999,TAKE_PROFIT_BRACKET,74.64041250000035,7.9467159175008675,1.337,9.283715917500867,65.35669658249948,6
2025-04-23 15:33:00-04:00,2025-04-23 15:56:00-04:00,2025-04-23 15:50:00-04:00,LONG,102.5,102.5205,102.863798125,195,0.0075,0.5,101.73125,102.884375,TAKE_PROFIT_BRACKET,74.95312500000111,8.009990625000327,1.365,9.374990625000327,65.57813437500079,17
2025-04-25 11:39:00-04:00,2025-04-25 12:04:00-04:00,2025-04-25 12:11:00-04:00,SHORT,108.89,108.868222,108.5033588325,183,0.0075,0.5,109.706675,108.4816625,TAKE_PROFIT_BRACKET,74.72576250000033,7.95580284749947,1.281,9.23680284749947,65.48895965250085,32
2025-04-28 15:21:00-04:00,2025-04-28 15:45:00-04:00,2025-04-28 15:59:00-04:00,SHORT,108.1252,108.10357496,108.661728,185,0.0075,0.5,108.93613900000001,107.71973050000001,FORCED_EOD,-95.23799999999888,8.02031239999991,1.295,9.31531239999991,-104.55331239999879,38
2025-04-30 15:53:00-04:00,2025-04-30 15:56:00-04:00,2025-04-30 15:59:00-04:00,LONG,108.435,108.456687,108.81986292375001,184,0.0075,0.5,107.62173750000001,108.84163125,TAKE_PROFIT_BRACKET,74.8201500000007,7.995780029999537,1.288,9.283780029999537,65.53636997000116,6
2025-05-02 15:51:00-04:00,2025-05-02 15:53:00-04:00,2025-05-02 15:59:00-04:00,SHORT,114.24,114.217152,114.41287799999999,175,0.0075,0.5,115.0968,113.8116,FORCED_EOD,-26.250000000000995,8.002049999997851,1.225,9.22704999999785,-35.47704999999885,8
2025-05-05 10:03:00-04:00,2025-05-05 11:13:00-04:00,2025-05-05 10:22:00-04:00,LONG,113.93,113.952786,113.05290989500001,175,0.0075,0.5,113.07552500000001,114.35723750000001,STOP,-149.5331249999989,7.945193374999349,1.225,9.170193374999348,-158.70331837499825,19
2025-05-05 15:02:00-04:00,2025-05-05 15:56:00-04:00,2025-05-05 15:54:00-04:00,SHORT,114.22,114.197156,113.81443333499999,175,0.0075,0.5,115.07665,113.791675,TAKE_PROFIT_BRACKET,74.95687500000017,7.980408624997182,1.225,9.205408624997181,65.75146637500299,52
2025-05-06 12:27:00-04:00,2025-05-06 13:17:00-04:00,2025-05-06 12:51:00-04:00,SHORT,113.06,113.037388,112.658552205,176,0.0075,0.5,113.90795,112.636025,TAKE_PROFIT_BRACKET,74.61959999999976,7.944500079999671,1.232,9.17650007999967,65.4430999200001,24
2025-05-06 13:45:00-04:00,2025-05-06 14:43:00-04:00,2025-05-06 14:21:00-04:00,SHORT,112.79,112.767442,113.658652185,177,0.0075,0.5,113.635925,112.36703750000001,STOP,-149.72872499999895,8.01547774499953,1.239,9.25447774499953,-158.98320274499847,36
2025-05-07 10:54:00-04:00,2025-05-07 12:17:00-04:00,2025-05-07 11:53:00-04:00,SHORT,113.33,113.307334,114.202810995,176,0.0075,0.5,114.179975,112.9050125,STOP,-149.5956000000001,8.008351119999134,1.232,9.240351119999133,-158.83595111999924,59
2025-05-08 09:50:00-04:00,2025-05-08 09:58:00-04:00,2025-05-08 09:56:00-04:00,LONG,116.835,116.85836699999999,117.24967662374999,171,0.0075,0.5,115.9587375,117.27313124999999,TAKE_PROFIT_BRACKET,74.92044374999963,8.006498088748913,1.197,9.203498088748912,65.71694566125072,6
2025-05-09 10:23:00-04:00,2025-05-09 11:07:00-04:00,2025-05-09 10:28:00-04:00,LONG,116.81,116.833362,115.91073821500001,171,0.0075,0.5,115.933925,117.2480375,STOP,-149.808825,7.959842234997367,1.197,9.156842234997367,-158.9656672349974,5
2025-05-09 13:48:00-04:00,2025-05-09 13:59:00-04:00,2025-05-09 15:59:00-04:00,LONG,116.52,116.54330399999999,116.586678,171,0.0075,0.5,115.64609999999999,116.95694999999999,FORCED_EOD,15.390000000000583,7.973045999998149,1.197,9.170045999998148,6.219954000002434,131
2025-05-12 15:38:00-04:00,2025-05-12 15:51:00-04:00,2025-05-12 15:50:00-04:00,LONG,122.24,122.26444799999999,122.67386031999999,163,0.0075,0.5,121.3232,122.69839999999999,TAKE_PROFIT_BRACKET,74.71919999999959,7.984991839999381,1.141,9.125991839999381,65.5932081600002,12
2025-05-13 14:03:00-04:00,2025-05-13 14:29:00-04:00,2025-05-13 15:06:00-04:00,LONG,130.105,130.13102099999998,130.56677517125001,153,0.0075,0.5,129.1292125,130.59289375,TAKE_PROFIT_BRACKET,74.64774375000184,7.977355548745834,1.071,9.048355548745834,65.599388201256,63
2025-05-15 12:21:00-04:00,2025-05-15 13:32:00-04:00,2025-05-15 12:45:00-04:00,SHORT,135.03,135.002994,136.069933545,148,0.0075,0.5,136.042725,134.5236375,STOP,-149.88329999999837,8.02375266000115,1.036,9.05975266000115,-158.94305265999952,24
2025-05-15 14:23:00-04:00,2025-05-15 14:29:00-04:00,2025-05-15 14:29:00-04:00,LONG,134.8512,134.87817024,135.32982062160002,148,0.0075,0.5,133.839816,135.35689200000002,TAKE_PROFIT_BRACKET,74.84241600000155,7.998159523198865,1.036,9.034159523198865,65.80825647680268,6
2025-05-21 11:10:00-04:00,2025-05-21 11:42:00-04:00,2025-05-21 11:24:00-04:00,LONG,135.3,135.32706000000002,135.78021352500002,147,0.0075,0.5,134.28525000000002,135.807375,TAKE_PROFIT_BRACKET,74.58412499999943,7.970556824998738,1.029,8.999556824998738,65.5845681750007,14
2025-05-21 13:04:00-04:00,2025-05-21 14:10:00-04:00,2025-05-21 13:12:00-04:00,SHORT,136.87,136.842626,136.3840088475,146,0.0075,0.5,137.896525,136.3567375,TAKE_PROFIT_BRACKET,74.93632499999944,7.978220735001969,1.022,9.00022073500197,65.93610426499747,8
2025-05-22 11:42:00-04:00,2025-05-22 12:00:00-04:00,2025-05-22 11:59:00-04:00,LONG,132.815,132.841563,133.28639363874998,150,0.0075,0.5,131.8188875,133.31305625,TAKE_PROFIT_BRACKET,74.70843749999858,7.983841687502036,1.05,9.033841687502036,65.67459581249655,17
2025-05-22 13:57:00-04:00,2025-05-22 14:34:00-04:00,2025-05-22 14:52:00-04:00,LONG,133.44,133.466688,133.91361192000002,149,0.0075,0.5,132.4392,133.9404,TAKE_PROFIT_BRACKET,74.55960000000198,7.967935919999377,1.043,9.010935919999376,65.5486640800026,55
2025-05-27 14:04:00-04:00,2025-05-27 14:47:00-04:00,2025-05-27 15:59:00-04:00,LONG,135.3499,135.37696997999998,135.462902,147,0.0075,0.5,134.33477574999998,135.85746212499998,FORCED_EOD,20.59470000000266,7.962693059998287,1.029,8.991693059998287,11.603006940004374,115
2025-05-28 11:35:00-04:00,2025-05-28 12:37:00-04:00,2025-05-28 14:01:00-04:00,SHORT,135.7742,135.74704516,136.8198650013,147,0.0075,0.5,136.7925065,135.26504675,STOP,-149.69105549999915,8.013461171101284,1.029,9.042461171101284,-158.73351667110043,146
2025-05-28 15:38:00-04:00,2025-05-28 15:56:00-04:00,2025-05-28 15:50:00-04:00,LONG,136.185,136.212237,135.1365797775,146,0.0075,0.5,135.1636125,136.69569375,STOP,-149.12257500000044,7.92337948499727,1.022,8.94537948499727,-158.0679544849977,12
2025-05-29 13:50:00-04:00,2025-05-29 14:11:00-04:00,2025-05-29 13:51:00-04:00,LONG,138.4586,138.48629172,138.95002418604997,144,0.0075,0.5,137.42016049999998,138.97781974999998,TAKE_PROFIT_BRACKET,74.76764399999865,7.990168888802145,1.008,8.998168888802144,65.76947511119651,1
2025-05-29 15:34:00-04:00,2025-05-29 15:55:00-04:00,2025-05-29 15:50:00-04:00,LONG,138.66,138.68773199999998,139.15213900499998,144,0.0075,0.5,137.62005,139.17997499999998,TAKE_PROFIT_BRACKET,74.87639999999828,8.001791279998542,1.008,9.009791279998542,65.86660871999975,16
2025-06-02 14:10:00-04:00,2025-06-02 15:56:00-04:00,2025-06-02 14:18:00-04:00,LONG,137.235,137.262447,137.72208132375002,145,0.0075,0.5,136.20573750000003,137.74963125000002,TAKE_PROFIT_BRACKET,74.62153125000114,7.974554306249786,1.0150000000000001,8.989554306249786,65.63197694375135,8
2025-06-03 11:51:00-04:00,2025-06-03 14:17:00-04:00,2025-06-03 12:36:00-04:00,LONG,141.25,141.27824999999999,141.75133156249998,141,0.0075,0.5,140.190625,141.7796875,TAKE_PROFIT_BRACKET,74.6859374999992,7.981437187499324,0.987,8.968437187499324,65.71750031249988,45
2025-06-04 12:58:00-04:00,2025-06-04 13:41:00-04:00,2025-06-04 13:15:00-04:00,LONG,140.435,140.463087,140.93343892375,142,0.0075,0.5,139.3817375,140.96163125,TAKE_PROFIT_BRACKET,74.78163750000118,7.991664327500928,0.994,8.985664327500928,65.79597317250025,17
2025-06-05 10:43:00-04:00,2025-06-05 11:45:00-04:00,2025-06-05 10:58:00-04:00,LONG,141.98,142.00839599999998,142.483922515,140,0.0075,0.5,140.91514999999998,142.51242499999998,TAKE_PROFIT_BRACKET,74.5394999999985,7.965787899996712,0.98,8.945787899996713,65.59371210000178,15
2025-06-05 12:19:00-04:00,2025-06-05 13:16:00-04:00,2025-06-05 12:39:00-04:00,SHORT,142.77,142.74144600000002,142.2630594225,140,0.0075,0.5,143.840775,142.2346125,TAKE_PROFIT_BRACKET,74.95425000000182,7.98012914999731,0.98,8.96012914999731,65.9941208500045,20
2025-06-06 11:22:00-04:00,2025-06-06 11:40:00-04:00,2025-06-06 12:12:00-04:00,SHORT,141.71,141.681658,142.80137956500002,141,0.0075,0.5,142.772825,141.17858750000002,STOP,-149.85832500000052,8.022415665002342,0.987,9.009415665002342,-158.86774066500286,50
2025-06-06 15:22:00-04:00,2025-06-06 15:47:00-04:00,2025-06-06 15:59:00-04:00,SHORT,142.04,142.011592,141.718338,140,0.0075,0.5,143.1053,141.50735,FORCED_EOD,48.999999999999204,7.944439999996575,0.98,8.924439999996576,40.07556000000263,37
2025-06-09 15:40:00-04:00,2025-06-09 15:51:00-04:00,2025-06-09 15:59:00-04:00,LONG,142.495,142.52349900000002,142.52149000000003,140,0.0075,0.5,141.4262875,143.02935625,FORCED_EOD,7.700000000000955,7.981259999999111,0.98,8.961259999999111,-1.2612599999981557,19
2025-06-11 12:23:00-04:00,2025-06-11 13:02:00-04:00,2025-06-11 13:02:00-04:00,LONG,143.04,143.06860799999998,143.54768471999998,139,0.0075,0.5,141.9672,143.57639999999998,TAKE_PROFIT_BRACKET,74.55959999999808,7.9679359199988085,0.973,8.94093591999881,65.61866407999928,39
2025-06-12 10:44:00-04:00,2025-06-12 11:27:00-04:00,2025-06-12 11:23:00-04:00,SHORT,144.8255,144.7965349,144.311260855875,138,0.0075,0.5,145.91169125000002,144.282404375,TAKE_PROFIT_BRACKET,74.9471962500009,7.97937816074807,0.966,8.945378160748069,66.00181808925284,39
2025-06-12 11:59:00-04:00,2025-06-12 12:55:00-04:00,2025-06-12 14:07:00-04:00,LONG,144.2715,144.3003543,144.783555621375,138,0.0075,0.5,143.18946375000002,144.812518125,TAKE_PROFIT_BRACKET,74.66050124999913,7.978718900250271,0.966,8.94471890025027,65.71578234974886,128
2025-06-13 12:45:00-04:00,2025-06-13 13:09:00-04:00,2025-06-13 13:10:00-04:00,SHORT,143.25,143.22135,142.74135506250002,139,0.0075,0.5,144.324375,142.7128125,TAKE_PROFIT_BRACKET,74.66906249999826,7.94976618750087,0.973,8.922766187500871,65.74629631249739,25
2025-06-17 11:40:00-04:00,2025-06-17 11:50:00-04:00,2025-06-17 12:00:00-04:00,LONG,144.29,144.31885799999998,144.8021212825,138,0.0075,0.5,143.20782499999999,144.8310875,TAKE_PROFIT_BRACKET,74.67007500000045,7.979742014997839,0.966,8.945742014997839,65.72433298500262,20
2025-06-18 09:49:00-04:00,2025-06-18 09:51:00-04:00,2025-06-18 10:31:00-04:00,SHORT,144.34,144.31113200000001,145.45163451,138,0.0075,0.5,145.42255,143.798725,STOP,-149.39189999999968,7.9974463799970295,0.966,8.963446379997029,-158.35534637999672,42
2025-06-18 11:42:00-04:00,2025-06-18 13:40:00-04:00,2025-06-18 13:35:00-04:00,SHORT,145.3,145.27094000000002,144.78407602500002,137,0.0075,0.5,146.38975000000002,144.75512500000002,TAKE_PROFIT_BRACKET,74.64787499999869,7.947510424997915,0.9590000000000001,8.906510424997915,65.74136457500077,113
2025-06-24 14:34:00-04:00,2025-06-24 14:57:00-04:00,2025-06-24 15:53:00-04:00,LONG,147.23,147.259446,147.75255607749997,135,0.0075,0.5,146.12577499999998,147.78211249999998,TAKE_PROFIT_BRACKET,74.53518749999901,7.965327037502021,0.9450000000000001,8.910327037502022,65.624860462497,79
2025-06-27 11:25:00-04:00,2025-06-27 12:08:00-04:00,2025-06-27 12:20:00-04:00,SHORT,157.945,157.913411,157.38417679124998,126,0.0075,0.5,159.12958749999999,157.35270624999998,TAKE_PROFIT_BRACKET,74.6290125000013,7.94550219749982,0.882,8.82750219749982,65.80151030250147,55
2025-06-27 14:44:00-04:00,2025-06-27 15:11:00-04:00,2025-06-27 14:45:00-04:00,LONG,155.7,155.73113999999998,156.252618225,128,0.0075,0.5,154.53224999999998,156.283875,TAKE_PROFIT_BRACKET,74.73600000000079,7.986787199999526,0.896,8.882787199999527,65.85321280000126,1
2025-06-30 14:35:00-04:00,2025-06-30 14:57:00-04:00,2025-06-30 14:57:00-04:00,LONG,157.2,157.23144,157.75794209999998,127,0.0075,0.5,156.021,157.78949999999998,TAKE_PROFIT_BRACKET,74.86649999999833,8.000733299999894,0.889,8.889733299999893,65.97676669999844,22
2025-07-01 10:25:00-04:00,2025-07-01 11:32:00-04:00,2025-07-01 10:33:00-04:00,LONG,155.195,155.226039,154.0002312925,128,0.0075,0.5,154.0310375,155.77698125,STOP,-148.98719999999958,7.916186559999915,0.896,8.812186559999915,-157.79938655999948,8
2025-07-02 10:56:00-04:00,2025-07-02 11:17:00-04:00,2025-07-02 11:21:00-04:00,SHORT,157.2,157.16855999999999,156.64182209999998,127,0.0075,0.5,158.379,156.6105,TAKE_PROFIT_BRACKET,74.86649999999833,7.970786699998257,0.889,8.859786699998256,66.00671330000007,25
2025-07-03 10:24:00-04:00,2025-07-03 10:47:00-04:00,2025-07-03 10:44:00-04:00,SHORT,160.5683,160.53618634,159.99816210877498,124,0.0075,0.5,161.77256225,159.966168875,TAKE_PROFIT_BRACKET,74.66425949999996,7.949254828097082,0.868,8.817254828097083,65.84700467190288,20
2025-07-10 11:17:00-04:00,2025-07-10 11:29:00-04:00,2025-07-10 11:26:00-04:00,LONG,161.93,161.962386,162.5047300525,123,0.0075,0.5,160.715525,162.5372375,TAKE_PROFIT_BRACKET,74.69021249999957,7.981894042499704,0.861,8.842894042499704,65.84731845749987,9
2025-07-11 12:05:00-04:00,2025-07-11 12:31:00-04:00,2025-07-11 15:06:00-04:00,LONG,166.2101,166.24334202,164.93053154515002,120,0.0075,0.5,164.96352425,166.833387875,STOP,-149.58909000000062,7.948166981997247,0.84,8.788166981997247,-158.37725698199787,181
2025-07-16 11:16:00-04:00,2025-07-16 11:34:00-04:00,2025-07-16 11:20:00-04:00,SHORT,170.5078,170.47369844000002,169.90236942914999,117,0.0075,0.5,171.7866085,169.86839575,TAKE_PROFIT_BRACKET,74.81029725000147,7.964802980547262,0.8190000000000001,8.783802980547263,66.0264942694542,4
2025-07-16 12:54:00-04:00,2025-07-16 13:28:00-04:00,2025-07-16 15:59:00-04:00,SHORT,171.01,170.975798,171.374268,116,0.0075,0.5,172.292575,170.3687125,FORCED_EOD,-38.28000000000145,7.942519999998922,0.812,8.754519999998921,-47.03452000000037,185
2025-07-17 12:27:00-04:00,2025-07-17 12:33:00-04:00,2025-07-17 12:32:00-04:00,SHORT,174.015,173.980197,173.39711623875,114,0.0075,0.5,175.3201125,173.36244374999998,TAKE_PROFIT_BRACKET,74.3914125000004,7.920205717498504,0.798,8.718205717498504,65.6732067825019,5
2025-07-17 13:53:00-04:00,2025-07-17 14:34:00-04:00,2025-07-17 15:59:00-04:00,LONG,173.185,173.219637,173.07677772,115,0.0075,0.5,171.8861125,173.83444375,FORCED_EOD,-8.463999999999885,7.964817200001306,0.805,8.769817200001306,-17.23381720000119,126
2025-07-18 10:18:00-04:00,2025-07-18 11:20:00-04:00,2025-07-18 15:59:00-04:00,LONG,172.2699,172.30435398,172.881328942575,116,0.0075,0.5,170.97787575,172.915912125,TAKE_PROFIT_BRACKET,74.93740649999984,8.008310841298908,0.812,8.820310841298907,66.11709565870093,341
2025-07-21 12:24:00-04:00,2025-07-21 12:42:00-04:00,2025-07-21 12:41:00-04:00,LONG,171.61,171.64432200000002,172.21908679250004,116,0.0075,0.5,170.32292500000003,172.25353750000002,TAKE_PROFIT_BRACKET,74.65035000000091,7.977634069998658,0.812,8.789634069998657,65.86071593000226,17
2025-07-21 15:49:00-04:00,2025-07-21 15:56:00-04:00,2025-07-21 15:59:00-04:00,LONG,171.6452,171.67952903999998,171.42570800000001,116,0.0075,0.5,170.35786099999999,172.28886949999998,FORCED_EOD,-21.483199999997737,7.960040639997942,0.812,8.772040639997941,-30.25524063999568,10
2025-07-22 14:19:00-04:00,2025-07-22 14:37:00-04:00,2025-07-22 15:59:00-04:00,LONG,167.705,167.738541,166.4139230575,119,0.0075,0.5,166.4472125,168.33389375000002,STOP,-149.67671250000075,7.952822657499013,0.833,8.785822657499013,-158.46253515749976,100
2025-07-23 13:41:00-04:00,2025-07-23 13:52:00-04:00,2025-07-23 13:59:00-04:00,LONG,169.115,169.148823,169.71523141375002,118,0.0075,0.5,167.8466375,169.74918125000002,TAKE_PROFIT_BRACKET,74.83338750000138,7.997194677498385,0.8260000000000001,8.823194677498385,66.010192822503,18
2025-07-24 12:14:00-04:00,2025-07-24 13:05:00-04:00,2025-07-24 15:59:00-04:00,SHORT,172.8758,172.84122484,173.814756,115,0.0075,0.5,174.1723685,172.22751575,FORCED_EOD,-103.98300000000035,7.97308339999887,0.805,8.77808339999887,-112.76108339999922,225
2025-07-25 12:15:00-04:00,2025-07-25 13:05:00-04:00,2025-07-25 14:03:00-04:00,LONG,174.345,174.37986899999999,173.00280501749998,114,0.0075,0.5,173.0374125,174.99879375,STOP,-149.06497500000125,7.920319004999271,0.798,8.718319004999271,-157.78329400500053,108
2025-07-30 13:37:00-04:00,2025-07-30 13:52:00-04:00,2025-07-30 14:08:00-04:00,LONG,178.94,178.975788,179.575102795,111,0.0075,0.5,177.59795,179.61102499999998,TAKE_PROFIT_BRACKET,74.48377499999845,7.959832754998672,0.777,8.736832754998671,65.74694224499977,31
2025-08-01 12:58:00-04:00,2025-08-01 13:24:00-04:00,2025-08-01 13:02:00-04:00,SHORT,174.47,174.435106,173.8505006475,114,0.0075,0.5,175.778525,173.8157375,TAKE_PROFIT_BRACKET,74.58592499999855,7.940914815001122,0.798,8.738914815001122,65.84701018499743,4
2025-08-04 13:47:00-04:00,2025-08-04 14:35:00-04:00,2025-08-04 15:59:00-04:00,SHORT,179.025,178.98919500000002,180.005994,111,0.0075,0.5,180.36768750000002,178.35365625,FORCED_EOD,-104.89499999999924,7.969688999996691,0.777,8.74668899999669,-113.64168899999594,132
2025-08-05 12:05:00-04:00,2025-08-05 12:48:00-04:00,2025-08-05 13:57:00-04:00,SHORT,177.64,177.604472,179.00809446,112,0.0075,0.5,178.9723,176.97385,STOP,-149.2176000000004,7.98811552000052,0.784,8.77211552000052,-157.9897155200009,112
2025-08-06 15:26:00-04:00,2025-08-06 15:56:00-04:00,2025-08-06 15:59:00-04:00,SHORT,179.69,179.654062,179.44588199999998,111,0.0075,0.5,181.037675,179.0161625,FORCED_EOD,31.080000000000126,7.972019999997116,0.777,8.749019999997115,22.33098000000301,33
2025-08-07 15:25:00-04:00,2025-08-07 15:56:00-04:00,2025-08-07 15:47:00-04:00,LONG,179.42,179.455884,180.05680643499997,111,0.0075,0.5,178.07434999999998,180.09282499999998,TAKE_PROFIT_BRACKET,74.68357499999877,7.9811847150018025,0.777,8.758184715001802,65.92539028499696,22
2025-08-08 12:36:00-04:00,2025-08-08 13:36:00-04:00,2025-08-08 15:59:00-04:00,LONG,182.585,182.621517,182.71345,109,0.0075,0.5,181.21561250000002,183.26969375000002,FORCED_EOD,17.984999999999133,7.964303000000967,0.763,8.727303000000967,9.257696999998165,203
2025-08-11 15:31:00-04:00,2025-08-11 15:41:00-04:00,2025-08-11 15:59:00-04:00,LONG,182.085,182.121417,182.048583,109,0.0075,0.5,180.71936250000002,182.76781875,FORCED_EOD,0.0,7.938906000000031,0.763,8.701906000000031,-8.701906000000031,28
2025-08-12 13:58:00-04:00,2025-08-12 14:53:00-04:00,2025-08-12 15:59:00-04:00,SHORT,182.8055,182.7689389,184.21337655825,109,0.0075,0.5,184.17654124999999,182.11997937499999,STOP,-149.44349624999896,8.000208499250562,0.763,8.763208499250561,-158.20670474924952,121
2025-08-14 11:29:00-04:00,2025-08-14 11:47:00-04:00,2025-08-14 11:47:00-04:00,LONG,181.1925,181.2287385,181.83559748062498,110,0.0075,0.5,179.83355625,181.87197187499999,TAKE_PROFIT_BRACKET,74.74190624999892,7.9874183812498245,0.77,8.757418381249824,65.9844878687491,18
