stop_pct,rr,period,candidate_entries,skipped_overlaps,trades,gross_pnl,net_pnl,costs,win_rate_pct,profit_factor,net_sharpe,stops,targets,forced_eod,avg_net_trade
0.0025,0.5,development,823,7,816,-114.25663550006186,-7484.521441575505,7370.264806075444,66.17647058823529,0.5339927763508612,-7.298372277688147,271,540,5,-9.17220764898959
0.0025,0.5,validation,410,2,408,-299.9719551249581,-3858.322559985358,3558.3506048604,65.19607843137256,0.5271018903236915,-7.977406508563972,139,266,3,-9.456672941140583
0.0025,0.5,holdout,423,4,419,692.0660521249833,-2935.742132482855,3627.808184607838,68.73508353221956,0.6133525353199546,-6.485744725364651,130,287,2,-7.0065444689328285
0.0025,0.5,full,1656,13,1643,277.8374614999634,-14278.586134043719,14556.423595543682,66.58551430310408,0.5511665034840914,-7.27821843822372,540,1093,10,-8.690557598322409
0.0025,0.75,development,823,10,813,1032.6335220624576,-6310.99580035112,7343.629322413578,58.05658056580566,0.6785466579637959,-5.29853045761175,331,469,13,-7.762602460456482
0.0025,0.75,validation,410,6,404,-159.6742402500181,-3683.118087779977,3523.4438475299585,56.188118811881196,0.6379243165284311,-6.366974943554535,173,226,5,-9.116628930148458
0.0025,0.75,holdout,423,7,416,1021.4434272499975,-2580.3105507094074,3601.7539779594053,59.855769230769226,0.7319479128223771,-4.653556354552006,164,245,7,-6.20266959305146
0.0025,0.75,full,1656,23,1633,1894.4027090624368,-12574.424438840504,14468.827147902943,58.05266380894059,0.681103746566743,-5.4124653667136915,668,940,25,-7.700198676571038
0.0025,1.0,development,823,19,804,2325.6466032499934,-4938.148920990456,7263.79552424045,52.48756218905473,0.7743365661167897,-3.5598672565717497,368,412,24,-6.141976269888627
0.0025,1.0,validation,410,15,395,50.711510499992016,-3394.1299824180705,3444.8414929180617,49.62025316455696,0.7023688803036591,-5.226380351955568,193,193,9,-8.592734132703976
0.0025,1.0,holdout,423,12,411,1534.2658689999846,-2023.9839764865528,3558.249845486537,53.771289537712896,0.814568428581864,-2.9772745870355615,186,214,11,-4.924535222595019
0.0025,1.0,full,1656,46,1610,3910.6239827499703,-10356.26287989508,14266.88686264505,52.11180124223602,0.7657039464893336,-3.8138413651651937,747,819,44,-6.4324614160839
0.0025,1.5,development,823,49,774,4731.483343374952,-2263.3888215887146,6994.872164963665,45.21963824289406,0.9068439060956806,-1.3590673946940226,408,327,39,-2.924274963292913
0.0025,1.5,validation,410,31,379,637.5506271250215,-2667.9889305605384,3305.53955768556,41.16094986807388,0.791257444316356,-3.2872035663448185,216,151,12,-7.039548629447331
0.0025,1.5,holdout,423,28,395,2092.2216432499918,-1327.5474371768662,3419.7690804268577,44.55696202531645,0.8939018625869809,-1.4950588470434218,213,167,15,-3.3608795877895346
0.0025,1.5,full,1656,108,1548,7461.255613749963,-6258.92518932612,13720.180803076082,44.05684754521964,0.8737876226075755,-1.8648919749741089,837,645,66,-4.043233326438062
0.0025,2.0,development,823,91,732,4182.087115499972,-2437.5606718947924,6619.647787394765,38.52459016393443,0.90510370288706,-1.2423415143225418,431,240,61,-3.330000917889061
0.0025,2.0,validation,410,50,360,-52.45847849998722,-3192.079199557704,3139.6207210577177,33.611111111111114,0.7655521722200125,-3.5548932017623014,229,111,20,-8.866886665438066
0.0025,2.0,holdout,423,47,376,1669.5099722500022,-1585.473396824811,3254.9833690748137,36.96808510638298,0.8823825170592465,-1.6671674664363236,228,125,23,-4.216684566023433
0.0025,2.0,full,1656,188,1468,5799.138609249988,-7215.113268277309,13014.251877527295,36.920980926430516,0.863302990211696,-1.9033873515527044,888,476,104,-4.914927294466832
0.0025,3.0,development,823,135,688,943.9932842499821,-5278.81854116538,6222.811825415363,29.069767441860467,0.8104988732034817,-2.472793208622984,467,142,79,-7.672701367972937
0.0025,3.0,validation,410,82,328,-96.98302075000493,-2958.222176457575,2861.2391557075707,27.439024390243905,0.7829136933401809,-2.9011290815949957,230,65,33,-9.018970050175534
0.0025,3.0,holdout,423,83,340,1115.4469994999897,-1827.3919211336129,2942.838920633603,29.411764705882355,0.8663497141385644,-1.6903342493226672,230,73,37,-5.374682120981214
0.0025,3.0,full,1656,300,1356,1962.4572629999675,-10064.432638756569,12026.889901756535,28.761061946902654,0.8175287791591339,-2.3727434319558767,927,280,149,-7.422147963684785
0.005,0.5,development,823,60,763,238.120591500028,-6660.4008672949785,6898.521458795007,64.48230668414155,0.7485451155504546,-3.4972335873340583,230,483,50,-8.729227873256853
0.005,0.5,validation,410,42,368,2533.1582004999514,-676.0075411056271,3209.1657416055787,68.75,0.9385941983396371,-0.7408577167529175,95,249,24,-1.8369770138739867
0.005,0.5,holdout,423,36,387,1547.20088449998,-1802.5942678525842,3349.7951523525635,67.95865633074936,0.8541059308003566,-2.007016354411952,105,254,28,-4.657866325200476
0.005,0.5,full,1656,138,1518,4318.47967649996,-9139.002676253189,13457.48235275315,66.40316205533597,0.8166766271204511,-2.4399607770736815,430,986,102,-6.02042337039077
0.005,0.75,development,823,102,721,2006.3863159999967,-4515.649173295449,6522.035489295445,57.14285714285714,0.8522392550882896,-1.9465596308368882,266,387,68,-6.263036301380651
0.005,0.75,validation,410,67,343,3072.183807874999,80.85878711487578,2991.325020760123,60.34985422740525,1.0061461342435871,0.08732894722651005,114,195,34,0.2357399041250023
0.005,0.75,holdout,423,60,363,3511.1147751250005,369.4116608249421,3141.7031143000586,61.15702479338842,1.026887400443083,0.34217069190310745,117,211,35,1.0176629774791792
0.005,0.75,full,1656,229,1427,8589.684898999996,-4065.378725355631,12655.063624355626,58.934828311142255,0.9292433678924349,-0.8846765510105563,497,793,137,-2.8488988965351303
0.005,1.0,development,823,151,672,931.5792559999986,-5150.90316863559,6082.482424635589,50.148809523809526,0.8445785936883736,-1.974031687430804,289,291,92,-7.665034477136295
0.005,1.0,validation,410,95,315,1449.259151999985,-1297.6957403057302,2746.9548923057155,50.79365079365079,0.9119111950136589,-1.087195276554507,128,141,46,-4.119669016843588
0.005,1.0,holdout,423,91,332,2688.266403500017,-184.97708172699038,2873.243485227007,52.71084337349398,0.9877148388804937,-0.14890266412949021,128,157,47,-0.5571598847198506
0.005,1.0,full,1656,337,1319,5069.1048115,-6633.575990668311,11702.680802168312,50.94768764215315,0.8945882830785018,-1.3202941915127904,545,589,185,-5.029246391712139
0.005,1.5,development,823,211,612,-1095.2929959999594,-6637.45248599168,5542.15948999172,40.849673202614376,0.8143165491677063,-2.3827802911497145,312,184,116,-10.845510598025621
0.005,1.5,validation,410,130,280,1493.0308222499625,-949.179788227236,2442.2106104771983,43.92857142857143,0.937411044544248,-0.7127863169080059,134,87,59,-3.3899278150972716
0.005,1.5,holdout,423,137,286,3111.0135802500063,636.295048369499,2474.7185318805073,46.15384615384615,1.0430741087775677,0.4951622157204799,125,95,66,2.2248078614318145
0.005,1.5,full,1656,478,1178,3508.751406500009,-6950.3372258494155,10459.088632349427,42.869269949066215,0.8941843555860198,-1.249235467247439,571,366,241,-5.900116490534309
0.005,2.0,development,823,247,576,-1031.8989294999656,-6247.795560882934,5215.89663138297,36.97916666666667,0.8244994078229654,-2.038395049816678,311,122,143,-10.846867293199539
0.005,2.0,validation,410,153,257,1061.194184999964,-1180.735279909799,2241.9294649097624,40.07782101167315,0.9205602235592419,-0.8636376422339778,131,55,71,-4.594300700038128
0.005,2.0,holdout,423,167,256,3126.4718070000044,911.4216766030162,2215.0501303969877,42.578125,1.0653017671747174,0.6645346627504924,119,59,78,3.560240924230532
0.005,2.0,full,1656,567,1089,3155.7670625000037,-6517.109164189716,9672.87622668972,39.02662993572085,0.8988343930754702,-1.0897925867609126,561,236,292,-5.984489590624165
0.005,3.0,development,823,294,529,-1399.2765019999686,-6190.079518163067,4790.803016163098,32.514177693761816,0.8233247068789529,-1.7298041806042677,306,69,154,-11.701473569306366
0.005,3.0,validation,410,174,236,-245.59532000002432,-2304.2470442230106,2058.6517242229866,36.440677966101696,0.8427466805531248,-1.6581074246611875,130,22,84,-9.763758661961909
0.005,3.0,holdout,423,197,226,4278.444170000006,2322.8050160794014,1955.6391539206052,40.707964601769916,1.1814418261103825,1.5636459339039193,111,30,85,10.27789830123629
0.005,3.0,full,1656,665,991,2633.5723480000142,-6171.521546306678,8805.09389430669,35.317860746720484,0.9012422118518071,-0.9197688731333886,547,121,323,-6.227569673366981
0.0075,0.5,development,823,149,674,3810.9681353750016,-2288.663192440663,6099.631327815667,65.57863501483679,0.9243821427831758,-0.8643496412303484,171,419,84,-3.3956427187546927
0.0075,0.5,validation,410,95,315,1985.6092726250224,-761.4743562144793,2747.083628839502,65.07936507936508,0.9450676054049675,-0.6008268612599014,79,193,43,-2.4173789086173945
0.0075,0.5,holdout,423,88,335,3687.438425624995,787.9114461592137,2899.5269794657816,67.76119402985074,1.0581504908713706,0.6294235349381267,70,214,51,2.3519744661469066
0.0075,0.5,full,1656,332,1324,9484.015833625019,-2262.22610249593,11746.241936120949,66.01208459214502,0.9607781665728334,-0.42522794196893776,320,826,178,-1.7086299867794033
0.0075,0.75,development,823,228,595,940.6486129375194,-4448.337575598857,5388.986188536375,55.294117647058826,0.8731527072422632,-1.6007280584010204,201,276,118,-7.476197606048499
0.0075,0.75,validation,410,138,272,1239.0281786874953,-1133.2856909000202,2372.3138695875155,55.14705882352941,0.9242822070511334,-0.7871073236655269,85,123,64,-4.166491510661839
0.0075,0.75,holdout,423,133,290,3770.018138750005,1260.62242424625,2509.3957145037552,59.310344827586206,1.08505397478013,0.8880887921453048,78,146,66,4.346973876711207
0.0075,0.75,full,1656,499,1157,5949.694930375021,-4321.000842252626,10270.695772627647,56.26620570440796,0.9333766139545506,-0.7434515116911065,364,545,248,-3.734659327789651
0.0075,1.0,development,823,274,549,118.74973950002482,-4854.1866872009105,4972.936426700936,49.72677595628415,0.8666413953057521,-1.5908263612061875,211,199,139,-8.841870104191093
0.0075,1.0,validation,410,162,248,421.60971000000677,-1741.7096208474818,2163.3193308474874,49.596774193548384,0.8880653748120398,-1.1670435221449864,89,83,76,-7.023022664707588
0.0075,1.0,holdout,423,169,254,4341.399670499991,2143.469826811003,2197.9298436889876,56.2992125984252,1.150472517186775,1.5266361699559883,75,99,80,8.438857585870089
0.0075,1.0,full,1656,605,1051,4881.7591200000215,-4452.426481237388,9334.18560123741,51.28449096098954,0.9327473618496186,-0.7228279422742808,375,381,295,-4.236371533051749
0.0075,1.5,development,823,333,490,-1308.6343608749721,-5747.088465921247,4438.454105046276,42.857142857142854,0.8445222291784534,-1.6750863183587903,214,113,163,-11.728751971267851
0.0075,1.5,validation,410,190,220,-1269.7626206249788,-3188.77415344993,1919.0115328249503,43.18181818181818,0.7963768162420014,-2.0773077619210825,90,38,92,-14.494427970226955
0.0075,1.5,holdout,423,205,218,5255.888928249987,3369.753473314485,1886.135454935502,53.21100917431193,1.2511716154076538,2.096379219043246,74,57,87,15.4575847399747
0.0075,1.5,full,1656,728,928,2677.4919467500367,-5566.109146056691,8243.601092806728,45.366379310344826,0.915716559177334,-0.810929678762235,378,208,342,-5.997962441871435
0.0075,2.0,development,823,362,461,866.0616860000403,-3309.966758336281,4176.02844433632,40.563991323210416,0.9079513791901892,-0.8222534942642742,208,80,173,-7.17997127621753
0.0075,2.0,validation,410,204,206,-1546.946042499979,-3343.7025051753126,1796.7564626753328,42.23300970873786,0.7797057494212832,-2.079054602728064,87,24,95,-16.23156555910346
0.0075,2.0,holdout,423,229,194,4891.669503500001,3213.0870426334695,1678.5824608665307,50.51546391752577,1.25495604591784,1.9723137702650726,70,32,92,16.562304343471492
0.0075,2.0,full,1656,795,861,4210.785147000062,-3440.582220878122,7651.367367878183,43.20557491289199,0.9460214090080242,-0.451676169953718,365,136,360,-3.9960304539815588
0.0075,3.0,development,823,398,425,143.7703472500516,-3703.624874681865,3847.395221931916,37.1764705882353,0.8954662783345931,-0.8301812796378734,204,33,188,-8.714411469839682
0.0075,3.0,validation,410,216,194,-2755.8414074999896,-4448.0584232683395,1692.2170157683495,40.72164948453608,0.699327034289134,-2.902822096147295,85,8,101,-22.928136202414123
0.0075,3.0,holdout,423,243,180,5521.173056999996,3964.0060397515526,1557.1670172484432,50.0,1.330379430991752,2.273418862598695,67,15,98,22.022255776397515
0.0075,3.0,full,1656,857,799,2909.101996750058,-4187.67725819865,7096.7792549487085,40.926157697121404,0.932697774670732,-0.5139039725347037,356,56,387,-5.241148007758009
0.01,0.5,development,823,253,570,5100.755880499976,-61.38254382564446,5162.138424325621,64.03508771929825,0.9980002945198545,-0.0051267477990785066,118,322,130,-0.10768867337832362
0.01,0.5,validation,410,155,255,2294.048456999991,70.79563205721269,2223.252824942778,63.52941176470588,1.0053207839851586,0.06497066062260834,51,138,66,0.2776299296361282
0.01,0.5,holdout,423,144,279,3777.6931065000035,1363.1754736243504,2414.5176328756534,64.51612903225806,1.1004206463949342,0.9625220175353353,47,157,75,4.885933597219894
0.01,0.5,full,1656,552,1104,11172.49744399997,1372.5885618559187,9799.908882144051,64.03985507246377,1.0238396228251865,0.2484194763648354,216,617,271,1.2432867408115205
0.01,0.75,development,823,325,498,1184.186674750007,-3328.0347620096113,4512.221436759618,54.01606425702812,0.9054064283229536,-1.0286533590203615,143,205,150,-6.6828007269269305
0.01,0.75,validation,410,191,219,1479.3077247499864,-430.6309104531948,1909.938635203181,55.25114155251142,0.9696177797518353,-0.26709289859377483,55,84,80,-1.9663511892839947
0.01,0.75,holdout,423,196,227,5198.4138139999895,3234.264568818683,1964.149245181306,61.23348017621145,1.2597096273938437,2.172273101716396,46,94,87,14.24786153664618
0.01,0.75,full,1656,712,944,7861.908213499981,-524.4011036441234,8386.309317144105,56.03813559322034,0.9915158672428751,-0.06666351501658871,244,383,317,-0.5555096436908087
0.01,1.0,development,823,363,460,1055.1229240000166,-3113.5437376868053,4168.666661686822,49.78260869565217,0.9133795058577794,-0.8852212929633585,146,144,170,-6.768573342797403
0.01,1.0,validation,410,212,198,243.2077949999874,-1483.338322336852,1726.5461173368396,51.010101010101,0.8987841032829289,-0.9356308777353389,58,53,87,-7.491607688569959
0.01,1.0,holdout,423,221,202,5931.175388999989,4183.406969030361,1747.7684199696275,59.4059405940594,1.3477796513575686,2.4797256352917327,46,65,91,20.709935490249315
0.01,1.0,full,1656,796,860,7229.506107999994,-413.4750909932973,7642.981198993289,52.32558139534884,0.9933979983182274,-0.04287967434800601,250,262,348,-0.48078498952708987
0.01,1.5,development,823,408,415,1346.5656375000037,-2415.113659931545,3761.6792974315504,44.57831325301205,0.9325770639481148,-0.587251742351677,147,82,186,-5.819550987786855
0.01,1.5,validation,410,230,180,-423.1642115000144,-1992.6443852901753,1569.4801737901607,47.77777777777778,0.8601070405765466,-1.162232598817103,56,25,99,-11.070246584945417
0.01,1.5,holdout,423,251,172,6310.00233100001,4821.888947556367,1488.1133834436419,56.97674418604651,1.438497590022034,2.6786651134216934,43,33,96,28.034238067188184
0.01,1.5,full,1656,889,767,7233.403757,414.13090233464754,6819.2728546653525,48.109517601043024,1.0067822701989173,0.07319246241379891,246,140,381,0.5399359873984975
0.01,2.0,development,823,440,383,587.3899010000016,-2881.7652196170875,3469.1551206170893,41.77545691906005,0.917747085613192,-0.6418923433319198,143,43,197,-7.5241911739349545
0.01,2.0,validation,410,238,172,-1053.879725000008,-2553.6420715728777,1499.7623465728693,45.93023255813954,0.8186653399511532,-1.5439855545571806,56,12,104,-14.84675623007487
0.01,2.0,holdout,423,262,161,6575.068427999995,5182.097708505744,1392.9707194942516,56.52173913043478,1.4968994579866788,2.722252143904745,40,19,102,32.186942288855555
0.01,2.0,full,1656,940,716,6108.5786039999875,-253.30958268422137,6361.888186684209,46.089385474860336,0.9957460395874589,-0.010693551391977864,239,74,403,-0.3537843333578511
0.01,3.0,development,823,458,365,-4335.003395999985,-7639.561763631284,3304.5583676313004,38.9041095890411,0.7832488821221795,-1.8499647114246118,144,11,210,-20.930306201729543
0.01,3.0,validation,410,244,166,-1830.6488130000025,-3278.0990134304793,1447.4502004304763,46.3855421686747,0.7646794572561942,-1.9435821404398477,56,3,107,-19.7475844182559
0.01,3.0,holdout,423,271,152,4241.351327999993,2926.2154511257286,1315.1358768742653,53.94736842105263,1.276748761107232,1.669038617673845,41,1,110,19.251417441616635
0.01,3.0,full,1656,973,683,-1924.3008809999938,-7991.445325936035,6067.144444936042,44.07027818448023,0.8662512428558831,-1.0103756610945518,241,15,427,-11.700505601663302
0.015,0.5,development,823,371,452,616.6546082500124,-3478.5936979937524,4095.248306243766,57.30088495575221,0.898314075417139,-0.9410142337689588,79,196,177,-7.696003756623346
0.015,0.5,validation,410,216,194,1408.1383185000036,-284.348168068812,1692.4864865688153,57.73195876288659,0.9779276572501965,-0.14940830615218015,28,76,90,-1.4657122065402681
0.015,0.5,holdout,423,213,210,6750.526211499986,4933.052756872965,1817.4734546270215,64.28571428571429,1.4697210370764606,3.4424247736748272,16,93,101,23.490727413680784
0.015,0.5,full,1656,800,856,8775.319138250003,1170.1108908104015,7605.208247439602,59.112149532710276,1.0203165975831665,0.18435414546639087,123,365,368,1.3669519752457961
0.015,0.75,development,823,427,396,-2890.0606006250046,-6478.191027562553,3588.130426937548,48.98989898989899,0.8247585255333186,-1.6405127377038873,85,116,195,-16.359068251420588
0.015,0.75,validation,410,242,168,-797.9984093749879,-2263.5675471307095,1465.5691377557218,52.38095238095239,0.8369319480476246,-1.266008923885178,32,36,100,-13.47361635196851
0.015,0.75,holdout,423,243,180,8536.435131749986,6978.412519929253,1558.0226118207306,63.33333333333333,1.6932421026952926,4.1497753198276355,16,60,104,38.76895844405141
0.015,0.75,full,1656,912,744,4848.376121749992,-1763.346054764008,6611.722176514,53.2258064516129,0.971052203338382,-0.20843852489089293,133,212,399,-2.370088783284957
0.015,1.0,development,823,453,370,-939.4564969999806,-4292.6250566892595,3353.1685596892794,46.21621621621622,0.8804495679780542,-0.9771737255818574,83,79,208,-11.601689342403404
0.015,1.0,validation,410,253,157,-462.1338390000029,-1831.859896467655,1369.7260574676525,52.22929936305732,0.8609595589825418,-0.9845470511827648,31,23,103,-11.667897429730287
0.015,1.0,holdout,423,269,154,7970.4291655000125,6637.455380823255,1332.9737846767584,60.3896103896104,1.7255780327049814,3.9080526606573995,15,33,106,43.10035961573542
0.015,1.0,full,1656,975,681,6568.8388295000295,512.9704276663388,6055.86840183369,50.80763582966226,1.0088095008052185,0.08322513221107314,129,135,417,0.7532605398918337
0.015,1.5,development,823,492,331,-3367.395822249977,-6364.4377167937455,2997.0418945437696,41.99395770392749,0.8204141776232428,-1.3074474784858188,84,30,217,-19.227908509950893
0.015,1.5,validation,410,264,146,-1517.397774499997,-2791.4057565847606,1274.0079820847639,50.0,0.7806541163546886,-1.5489274505086568,30,7,109,-19.119217510854526
0.015,1.5,holdout,423,281,142,8473.509900000001,7244.657651575131,1228.8522484248706,59.859154929577464,1.8227176037054604,3.9975860985756815,15,15,112,51.0187158561629
0.015,1.5,full,1656,1037,619,3588.7163032500275,-1911.1858218033758,5499.902125053403,47.980613893376415,0.9664535589792106,-0.19383403936622137,129,52,438,-3.087537676580575
0.015,2.0,development,823,504,319,-8733.88570249998,-11621.074949029815,2887.1892465298315,39.49843260188088,0.6780443135654179,-2.649858721008142,85,9,225,-36.42970203457622
0.015,2.0,validation,410,265,145,-1278.6774994999905,-2543.7534543997535,1265.0759548997637,50.3448275862069,0.797014224663284,-1.3252081524827182,29,3,113,-17.543127271722437
0.015,2.0,holdout,423,287,136,6504.550462499999,5327.372992412621,1177.1774700873784,58.82352941176471,1.6149178806724724,3.2036328266087737,15,1,120,39.171860238328094
0.015,2.0,full,1656,1056,600,-3508.012739499971,-8837.455411016947,5329.442671516974,46.5,0.8457430849770241,-1.031325531220468,129,13,458,-14.729092351694911
0.015,3.0,development,823,507,316,-7981.304777499986,-10841.476724514827,2860.17194701484,38.607594936708864,0.6986242255901763,-2.371799001208313,85,6,225,-34.30847064719882
0.015,3.0,validation,410,267,143,-1133.2509994999923,-2380.9033972997527,1247.6523977997613,49.65034965034965,0.8100092910864458,-1.2159250802678279,29,2,112,-16.649674106991277
0.015,3.0,holdout,423,288,135,6466.1954625,5297.728241412619,1168.4672210873803,59.25925925925925,1.6151140154584112,3.1937138152906526,15,0,120,39.24243141787125
0.015,3.0,full,1656,1062,594,-2648.360314499977,-7924.65188040196,5276.291565901982,45.95959595959596,0.8612571808745638,-0.8997329396177655,129,8,457,-13.341164781821481
0.02,0.5,development,823,436,387,-3236.6072050000084,-6743.767828280686,3507.1606232806776,52.4547803617571,0.8140640913567025,-1.6134195099847823,52,131,204,-17.425756662223996
0.02,0.5,validation,410,245,165,1045.7385789999971,-393.6264507520472,1439.3650297520448,55.15151515151515,0.9682296491355907,-0.21703794196792875,14,49,102,-2.3856148530427106
0.02,0.5,holdout,423,243,180,6635.563196999989,5077.282153437542,1558.2810435624472,63.33333333333333,1.4672679587840305,3.014750384126196,10,65,105,28.20712307465301
0.02,0.5,full,1656,924,732,4444.694570999976,-2060.1121255951907,6504.806696595169,55.73770491803278,0.9653907768919198,-0.2428505815913798,76,245,411,-2.8143608273158343
0.02,0.75,development,823,477,346,-2370.1048265000045,-5506.299020027225,3136.194193527219,47.97687861271676,0.846704001707359,-1.1629639283605582,53,78,215,-15.914159017419726
0.02,0.75,validation,410,261,149,181.4834204999894,-1118.358143335777,1299.8415638357667,53.02013422818792,0.9090615125183024,-0.6160780874764527,15,23,111,-7.505759351246825
0.02,0.75,holdout,423,273,150,7085.075253000014,5786.564918600753,1298.5103343992614,60.66666666666667,1.590719617511291,3.232204561867716,10,33,107,38.577099457338356
0.02,0.75,full,1656,1011,645,4896.453846999999,-838.092244762247,5734.546091762247,52.093023255813954,0.9855534076002574,-0.07603955818411706,78,134,433,-1.299367821336817
0.02,1.0,development,823,510,313,-2006.9191399999977,-4841.425796666147,2834.50665666615,45.367412140575084,0.8579198505859877,-0.963154205589849,51,42,220,-15.4678140468567
0.02,1.0,validation,410,269,141,-660.9734400000029,-1891.0999526078717,1230.1265126078688,51.06382978723404,0.8443543320671595,-1.08572538326951,15,10,116,-13.412056401474267
0.02,1.0,holdout,423,282,141,7855.63805,6635.108642690133,1220.529407309868,61.702127659574465,1.7162172374065676,3.482775016728006,10,19,112,47.05750810418534
0.02,1.0,full,1656,1061,595,5187.745470000001,-97.41710658388638,5285.162576583886,50.588235294117645,0.9982444030359501,0.011574632104322814,76,71,448,-0.1637262295527502
0.02,1.5,development,823,531,292,-9194.053453000004,-11836.282971951972,2642.22951895197,41.43835616438356,0.6619427035728178,-2.5597679472105366,54,10,228,-40.53521565736977
0.02,1.5,validation,410,273,137,-435.98493999999744,-1631.1763995478789,1195.1914595478815,51.09489051094891,0.8576082719136087,-0.871582499779907,13,3,121,-11.906397076991816
0.02,1.5,holdout,423,291,132,5619.196549999999,4476.482530190116,1142.7140198098814,59.09090909090909,1.4807465052959181,2.5480393373430745,10,1,121,33.91274644083421
0.02,1.5,full,1656,1095,561,-4010.841843000002,-8990.976841309735,4980.1349983097325,47.95008912655972,0.8388128388089888,-1.017134101304254,77,14,470,-16.02669668682662
0.02,2.0,development,823,535,288,-8305.058270000009,-10910.978507355387,2605.920237355375,40.625,0.6823191989404901,-2.2837651837692676,53,7,228,-37.88534203942842
0.02,2.0,validation,410,274,136,-220.75693999999953,-1407.2376887478774,1186.4807487478797,50.73529411764706,0.8771567523998941,-0.7266741675457467,13,2,121,-10.34733594667557
0.02,2.0,holdout,423,292,131,5580.841549999999,4446.837779190115,1134.0037708098835,59.541984732824424,1.4801906369698605,2.5369065919228073,10,0,121,33.945326558703165
0.02,2.0,full,1656,1101,555,-2944.9736600000087,-7871.378416913147,4926.404756913138,47.56756756756757,0.8570447928891138,-0.86797061979355,76,9,470,-14.182663814257921
0.02,3.0,development,823,538,285,-8611.293302000013,-11189.476375641789,2578.183073641776,40.35087719298245,0.673824241704624,-2.3621985643985997,53,2,230,-39.26132061628698
0.02,3.0,validation,410,275,135,-246.69994000000116,-1424.476614147883,1177.7766741478827,50.37037037037037,0.8756518995962737,-0.7389613320243081,13,0,122,-10.551678623317652
0.02,3.0,holdout,423,292,131,5580.841549999999,4446.837779190115,1134.0037708098835,59.541984732824424,1.4801906369698605,2.5369065919228073,10,0,121,33.945326558703165
0.02,3.0,full,1656,1105,551,-3277.151692000014,-8167.115210599555,4889.963518599541,47.368421052631575,0.8515641450939918,-0.9059794958328731,76,2,473,-14.822350654445653
