,NVDA,MSFT,AAPL,AMZN,GOOGL,META,AVGO,TSLA,AMD
NVDA,1.0000000000,0.0626666667,0.0010629800,0.0467158218,0.1503963134,0.1222672811,0.1057420979,0.0280860215,-0.1513548387
MSFT,0.0626666667,1.0000000000,-0.0461935484,0.0952995392,0.1651797235,0.0211059908,-0.1625593895,0.0038648233,0.0139293395
AAPL,0.0010629800,-0.0461935484,1.0000000000,0.0608725038,0.0742242704,0.1314654378,-0.0246697768,-0.0840798771,-0.1658617512
AMZN,0.0467158218,0.0952995392,0.0608725038,1.0000000000,-0.0066543779,0.0508202765,0.0813979745,-0.0363809524,-0.0935852535
GOOGL,0.1503963134,0.1651797235,0.0742242704,-0.0066543779,1.0000000000,0.0681044547,0.0217788353,-0.0069185868,0.0282580645
META,0.1222672811,0.0211059908,0.1314654378,0.0508202765,0.0681044547,1.0000000000,0.1415608933,0.0779170507,-0.0128110599
AVGO,0.1057420979,-0.1625593895,-0.0246697768,0.0813979745,0.0217788353,0.1415608933,1.0000000000,-0.0020368695,-0.0971798728
TSLA,0.0280860215,0.0038648233,-0.0840798771,-0.0363809524,-0.0069185868,0.0779170507,-0.0020368695,1.0000000000,0.0821935484
AMD,-0.1513548387,0.0139293395,-0.1658617512,-0.0935852535,0.0282580645,-0.0128110599,-0.0971798728,0.0821935484,1.0000000000
