stop_usd,target_usd,rr,development_candidate_entries,development_skipped_overlaps,development_trades,development_gross_pnl,development_costs,development_net_pnl,development_win_rate_pct,development_profit_factor,development_net_sharpe,development_max_drawdown_usd,development_max_drawdown_pct,development_stops,development_targets,development_forced_eod,development_avg_net_trade,development_avg_gross_risk_usd,development_avg_gross_reward_usd,validation_candidate_entries,validation_skipped_overlaps,validation_trades,validation_gross_pnl,validation_costs,validation_net_pnl,validation_win_rate_pct,validation_profit_factor,validation_net_sharpe,validation_max_drawdown_usd,validation_max_drawdown_pct,validation_stops,validation_targets,validation_forced_eod,validation_avg_net_trade,validation_avg_gross_risk_usd,validation_avg_gross_reward_usd,selected,holdout_candidate_entries,holdout_skipped_overlaps,holdout_trades,holdout_gross_pnl,holdout_costs,holdout_net_pnl,holdout_win_rate_pct,holdout_profit_factor,holdout_net_sharpe,holdout_max_drawdown_usd,holdout_max_drawdown_pct,holdout_stops,holdout_targets,holdout_forced_eod,holdout_avg_net_trade,holdout_avg_gross_risk_usd,holdout_avg_gross_reward_usd,full_candidate_entries,full_skipped_overlaps,full_trades,full_gross_pnl,full_costs,full_net_pnl,full_win_rate_pct,full_profit_factor,full_net_sharpe,full_max_drawdown_usd,full_max_drawdown_pct,full_stops,full_targets,full_forced_eod,full_avg_net_trade,full_avg_gross_risk_usd,full_avg_gross_reward_usd
0.25,0.25,1.0,410,2,408,-155.25,3558.468155479648,-3713.718155479648,49.26470588235294,0.4985226105474532,-9.95084098413457,3820.027755439689,3.817357694142487,207,201,0,-9.10225038107757,27.072916666666668,27.072916666666668,221,0,221,510.57499999999675,1919.2038622797966,-1408.6288622798,53.84615384615385,0.592305155564032,-6.44759575692848,1422.7737202798016,1.4227737202798016,100,117,4,-6.373886254659729,25.923076923076923,25.923076923076923,False,,,,,,,,,,,,,,,,,,,,,,,,,,,,,,,,,,
0.25,0.5,2.0,410,8,402,277.2394999999997,3506.067627379646,-3228.828127379647,34.32835820895522,0.6582745484292611,-6.015303592279569,3714.7695595397236,3.7085680511909356,264,135,3,-8.031910764625987,27.073383084577113,54.146766169154226,221,2,219,355.4549999999964,1901.8052823597998,-1546.3502823598033,35.61643835616438,0.6789340411137527,-5.605131879990232,1554.9924743597949,1.554858100537419,139,74,6,-7.060960193423759,25.918949771689498,51.837899543378995,False,,,,,,,,,,,,,,,,,,,,,,,,,,,,,,,,,,
0.25,0.75,3.0,410,21,389,447.1876999999976,3392.504105459652,-2945.3164054596546,26.47814910025707,0.7120848267077491,-4.33385181848398,3820.720560299742,3.8074571124131067,286,98,5,-7.571507469047956,27.056555269922878,81.16966580976863,221,7,214,493.94499999999556,1858.3089003598038,-1364.3639003598084,27.570093457943923,0.74154467035662,-4.127942241746125,1399.3934241998068,1.3989033950015561,152,53,9,-6.375532244672002,25.91355140186916,77.74065420560747,False,,,,,,,,,,,,,,,,,,,,,,,,,,,,,,,,,,
0.25,1.0,4.0,410,33,377,527.1016999999972,3287.9663544996765,-2760.86465449968,22.281167108753316,0.7368009160402881,-3.6505502758976753,3627.3785669397475,3.6120221557396484,293,73,11,-7.323248420423554,27.060344827586206,108.24137931034483,221,14,207,810.1349999999945,1797.3475383198092,-987.2125383198149,24.637681159420293,0.8140667698451144,-2.6988554389898445,1128.3981201598217,1.127020284172977,153,41,13,-4.769142697197173,25.89009661835749,103.56038647342996,False,,,,,,,,,,,,,,,,,,,,,,,,,,,,,,,,,,
0.25,1.25,5.0,410,44,366,867.2116999999959,3192.2163277796712,-2325.0046277796755,19.94535519125683,0.7782659564539378,-2.852678141507451,3458.0574286597257,3.4407161390839933,293,59,14,-6.352471660600206,27.06967213114754,135.3483606557377,221,23,198,1061.0649999999966,1718.930278719819,-657.8652787198225,23.232323232323232,0.8726898812334729,-1.5558094792140111,1079.7528895199357,1.0778719521542672,149,32,17,-3.3225519127263765,25.856060606060606,129.28030303030303,False,,,,,,,,,,,,,,,,,,,,,,,,,,,,,,,,,,
0.25,1.5,6.0,410,55,355,248.41169999999215,3096.5596568996893,-2848.1479568996974,16.901408450704224,0.7302196247419368,-3.407108884303775,3993.924328979745,3.968377202072089,295,43,17,-8.022951991266753,27.07957746478873,162.4774647887324,221,26,195,609.7199999999945,1692.961771719823,-1083.2417717198286,19.48717948717949,0.7963633873631509,-2.6218695180049827,1121.6612955598248,1.1212305241313048,153,23,19,-5.555086008819634,25.867948717948718,155.2076923076923,False,,,,,,,,,,,,,,,,,,,,,,,,,,,,,,,,,,
0.25,1.75,7.0,410,62,348,55.85079999999158,3035.51531107969,-2979.664511079699,16.379310344827587,0.7137604854326007,-3.4625939664911014,4045.78362497974,4.023492196257847,290,32,26,-8.562254342183042,27.07758620689655,189.54310344827587,221,31,190,316.5099999999919,1649.427671759824,-1332.9176717598325,17.894736842105264,0.74817170660818,-3.267569957721926,1371.33719559983,1.370810536718874,152,18,20,-7.015356167157013,25.856578947368423,180.99605263157895,False,,,,,,,,,,,,,,,,,,,,,,,,,,,,,,,,,,
0.25,2.0,8.0,410,67,343,-760.5542000000049,2991.8726717996988,-3752.4268717997033,14.577259475218659,0.6419980758717678,-4.334173274718747,4769.307699699741,4.739422046110846,292,22,29,-10.940020034401467,27.08454810495627,216.67638483965015,221,34,187,440.03049999999376,1623.5233756598268,-1183.492875659833,17.11229946524064,0.7750692806408952,-2.7683189829407544,1228.7130478998588,1.2281576728848012,151,15,21,-6.328838907271835,25.891711229946523,207.13368983957218,False,,,,,,,,,,,,,,,,,,,,,,,,,,,,,,,,,,
0.25,2.25,9.0,410,72,338,-635.2088000000059,2948.2034679197022,-3583.412267919708,14.201183431952662,0.6544217129746306,-3.884376503474932,4744.556772619748,4.705661080722186,289,17,32,-10.601811443549432,27.075443786982248,243.67899408284023,221,35,186,581.3004999999958,1614.6573896598302,-1033.3568896598345,16.666666666666664,0.8034880929132522,-2.235867721734705,1181.9032263999543,1.1814493191971078,151,13,22,-5.555682202472228,25.870967741935484,232.83870967741936,False,,,,,,,,,,,,,,,,,,,,,,,,,,,,,,,,,,
0.25,2.5,10.0,410,76,334,-865.6677000000045,2913.4159596997083,-3779.0836596997124,13.77245508982036,0.6331068096884338,-4.088216506601238,5081.960314399752,5.034532539950009,287,13,34,-11.314621735627881,27.09131736526946,270.91317365269464,221,39,182,934.7104999999945,1579.6114702198317,-644.900970219837,17.032967032967033,0.8737396374291855,-1.2731152099800076,1154.4087263999536,1.1539653783962953,147,10,25,-3.5434119242848183,25.803571428571427,258.0357142857143,False,,,,,,,,,,,,,,,,,,,,,,,,,,,,,,,,,,
0.25,2.75,11.0,410,76,334,-652.8827000000058,2913.478060699712,-3566.360760699718,13.47305389221557,0.6549391467364618,-3.7464712690982647,4894.861935399749,4.8436391859207975,288,12,34,-10.67772682844227,27.09131736526946,298.0044910179641,221,40,181,1112.6586999999947,1571.0083067798323,-458.3496067798377,17.12707182320442,0.9096910798315816,-0.8620044807378586,1126.914226399953,1.1264814375954828,146,7,28,-2.532318269501866,25.814917127071823,283.9640883977901,False,,,,,,,,,,,,,,,,,,,,,,,,,,,,,,,,,,
0.25,3.0,12.0,410,81,329,-842.1427000000067,2869.611634699718,-3711.7543346997245,13.37386018237082,0.635733140645265,-3.9502659544296588,4938.462407399755,4.8884836623440435,284,7,38,-11.281928068996123,27.082066869300913,324.98480243161094,221,41,180,975.578699999995,1562.3137587798333,-586.7350587798378,16.666666666666664,0.8842722016038532,-1.0838249197131176,1099.4197263999522,1.09899749679467,146,5,29,-3.2596392154435434,25.8,309.6,False,,,,,,,,,,,,,,,,,,,,,,,,,,,,,,,,,,
0.5,0.25,0.5,410,4,406,-339.62099999999947,3540.927674839622,-3880.5486748396206,65.02463054187191,0.5554352410258084,-7.342449194405823,4087.0679488396418,4.086270684493755,138,264,4,-9.558001662166554,54.13669950738916,27.06834975369458,221,3,218,686.4249999999961,1893.0781443198025,-1206.6531443198062,70.18348623853211,0.6831584489264906,-4.837244363538352,1248.5975623198028,1.2485975623198027,63,150,5,-5.535106166604615,51.82798165137615,25.913990825688074,False,,,,,,,,,,,,,,,,,,,,,,,,,,,,,,,,,,
0.5,0.5,1.0,410,19,391,649.294799999997,3410.075274519644,-2760.7804745196463,50.89514066496164,0.7650037195477576,-3.9036680541506446,3559.0519381197373,3.5477723250701745,183,195,13,-7.060819627927484,54.14322250639386,54.14322250639386,221,9,212,929.7191999999962,1840.9792451198118,-911.2600451198156,53.77358490566038,0.8394702409251751,-2.439296841025723,1097.4717868798762,1.0956600603153515,93,109,10,-4.298396439244413,51.823113207547166,51.823113207547166,False,,,,,,,,,,,,,,,,,,,,,,,,,,,,,,,,,,
0.5,0.75,1.5,410,42,368,687.3894999999964,3209.437086979646,-2522.0475869796496,41.03260869565217,0.8094352201644361,-2.926668353818126,3716.26919805973,3.682424102060157,206,145,17,-6.8533901820099175,54.11820652173913,81.1773097826087,221,18,203,1226.6383999999941,1762.4984232798095,-535.8600232798152,44.33497536945813,0.9167477819220626,-1.1171978838587748,1086.980421839893,1.0810226853080984,106,82,15,-2.6397045481764296,51.76354679802956,77.64532019704434,False,,,,,,,,,,,,,,,,,,,,,,,,,,,,,,,,,,
0.5,1.0,2.0,410,60,350,-199.50510000000327,3052.5332198596743,-3252.038319859677,33.42857142857143,0.7693581284970891,-3.5930746213481712,4046.530040859754,4.024253476819414,218,103,29,-9.291538056741935,54.10142857142857,108.20285714285714,221,32,189,1213.579399999996,1640.490617479823,-426.91121747982703,37.56613756613756,0.9362692258713576,-0.8147739319369592,970.4461481599283,0.9651999492846595,109,62,18,-2.258789510475275,51.61904761904762,103.23809523809524,False,,,,,,,,,,,,,,,,,,,,,,,,,,,,,,,,,,
0.5,1.25,2.5,410,78,332,364.8240999999937,2895.850847059684,-2531.02674705969,31.024096385542173,0.8181450040444623,-2.5049242515840606,3864.026929199754,3.8397682278651835,216,82,34,-7.623574539336416,54.13403614457831,135.3350903614458,221,42,179,1823.3897999999958,1553.481619879839,269.90818012015677,36.312849162011176,1.0417997683379898,0.4655179001573663,1030.4477578799706,1.0172202736490343,106,47,26,1.5078669280455685,51.49441340782123,128.73603351955308,False,,,,,,,,,,,,,,,,,,,,,,,,,,,,,,,,,,
0.5,1.5,3.0,410,96,314,-8.366800000007856,2738.8876048397133,-2747.2544048397212,28.02547770700637,0.8000891900221337,-2.6794614503929477,3698.070598279781,3.684364912179341,213,60,41,-8.74921784980803,54.15605095541401,162.46815286624204,221,47,174,1014.9747999999952,1510.0806008798452,-495.1058008798503,30.45977011494253,0.9263446973589138,-0.7896747050920286,1351.1231860799453,1.339655502080348,110,34,30,-2.8454356372405187,51.52298850574713,154.56896551724137,False,,,,,,,,,,,,,,,,,,,,,,,,,,,,,,,,,,
0.5,1.75,3.5,410,102,308,117.4251999999887,2686.4680352397163,-2569.0428352397275,27.27272727272727,0.8108229593764236,-2.3339654891463253,3704.8273742797755,3.6860507149447588,210,47,51,-8.341048166362752,54.14123376623377,189.4943181818182,221,54,167,1342.6647999999932,1449.0374621198323,-106.37266211983894,29.34131736526946,0.9837446346026367,-0.15633575857138418,977.0819841199409,0.9686478767596387,107,30,30,-0.6369620486217901,51.452095808383234,180.0823353293413,False,,,,,,,,,,,,,,,,,,,,,,,,,,,,,,,,,,
0.5,2.0,4.0,410,108,302,-882.0398000000096,2634.25948579972,-3516.2992857997297,24.834437086092713,0.7446831145069279,-3.2614952323919217,4646.949462839781,4.61620736659567,213,35,54,-11.643375118542151,54.1771523178808,216.7086092715232,221,62,159,1638.8666999999932,1379.520050099843,259.34664990015,28.30188679245283,1.0411228807105475,0.4078271473561145,1011.8473778799671,0.9991462899137963,103,24,32,1.6311110056613207,51.44025157232704,205.76100628930817,False,,,,,,,,,,,,,,,,,,,,,,,,,,,,,,,,,,
0.5,2.25,4.5,410,113,297,-617.64410000001,2590.509633859732,-3208.153733859742,24.579124579124578,0.763654796087478,-2.7910531946332418,4547.705928699783,4.5071264869158165,210,28,59,-10.801864423770175,54.156565656565654,243.70454545454547,221,64,157,1623.046699999998,1362.0389400998465,261.00775990015137,26.751592356687897,1.040490731886273,0.40333851274542665,984.2621718799783,0.9721562029941566,105,23,29,1.6624698082812188,51.42675159235669,231.4203821656051,False,,,,,,,,,,,,,,,,,,,,,,,,,,,,,,,,,,
0.5,2.5,5.0,410,118,292,-855.2990000000088,2546.8517020397358,-3402.150702039745,24.315068493150687,0.7464072751482632,-2.904146268801013,4993.7070968797925,4.939382130463053,208,22,62,-11.651201034382687,54.19006849315068,270.9503424657534,221,71,150,1658.556700000002,1300.8818766198442,357.6748233801576,26.0,1.0582010488730984,0.5573109325419005,962.0077218799706,0.9494776313084436,101,17,32,2.384498822534384,51.23,256.15,False,,,,,,,,,,,,,,,,,,,,,,,,,,,,,,,,,,
0.5,2.75,5.5,410,122,288,-517.1040000000093,2511.8585090397455,-3028.962509039755,24.65277777777778,0.7704171801930859,-2.471918117230521,4520.635883879804,4.478207566743368,205,19,64,-10.517230934165816,54.15972222222222,297.87847222222223,221,72,149,2056.8566999999994,1292.2871428198455,764.5695571801544,26.174496644295303,1.1255573546117568,1.112525771588306,952.2854678799631,0.9362120640137244,100,15,34,5.131339309933923,51.25503355704698,281.9026845637584,False,,,,,,,,,,,,,,,,,,,,,,,,,,,,,,,,,,
0.5,3.0,6.0,410,132,278,-1529.7549000000083,2424.7075492997474,-3954.4624492997555,23.741007194244602,0.6933775251798194,-3.4598471351754445,5243.4069071798,5.193007914398584,200,11,67,-14.22468506942358,54.17086330935252,325.02517985611513,221,75,146,1820.6767,1266.4057988198488,554.270901180151,25.34246575342466,1.0912208920957023,0.8081451381511946,1096.8372275199654,1.0790214171903207,100,11,35,3.796376035480486,51.26712328767123,307.6027397260274,False,,,,,,,,,,,,,,,,,,,,,,,,,,,,,,,,,,
0.75,0.25,0.3333333333333333,410,12,398,91.3406,3470.982238079648,-3379.641638079648,73.86934673366834,0.6149135497948823,-5.148102004579149,3708.0349572796986,3.7069067316134388,95,294,9,-8.491561904722735,81.15640703517587,27.05213567839196,221,6,215,157.8440999999982,1866.9731104197936,-1709.1290104197956,74.4186046511628,0.615033364883423,-5.506881940680409,1978.0423480598402,1.97356297350047,51,157,7,-7.949437257766491,77.71046511627907,25.903488372093022,False,,,,,,,,,,,,,,,,,,,,,,,,,,,,,,,,,,
0.75,0.5,0.6666666666666666,410,34,376,2360.070699999994,3279.0773026596717,-919.0066026596779,62.76595744680851,0.9205060166726603,-1.0094878936423257,1983.6624226797576,1.9742682097532043,122,231,23,-2.444166496435314,81.14162234042553,54.09441489361702,221,20,201,436.6041999999962,1744.9325643598268,-1308.3283643598304,60.19900497512438,0.7937736205683233,-3.2918704657630995,1885.5346987198718,1.8747137323058847,71,115,15,-6.509096340098659,77.55597014925372,51.70398009950249,False,,,,,,,,,,,,,,,,,,,,,,,,,,,,,,,,,,
0.75,0.75,1.0,410,61,349,2629.146999999993,3043.3249345596882,-414.1779345596957,53.29512893982808,0.9692045315808491,-0.3711945042498966,1943.5281516597606,1.9253907386239388,143,176,30,-1.1867562594833687,81.10100286532952,81.10100286532952,221,32,189,1333.7183999999925,1640.3473395198307,-306.6289395198381,52.910052910052904,0.9551733200325757,-0.5768555154553514,1767.5163268799079,1.7420666942640046,76,91,22,-1.622375341374805,77.41269841269842,77.41269841269842,False,,,,,,,,,,,,,,,,,,,,,,,,,,,,,,,,,,
0.75,1.0,1.3333333333333333,410,84,326,1542.431099999982,2842.7444753397012,-1300.3133753397196,45.0920245398773,0.9108871389408,-1.1029404828786218,2626.3127115198877,2.6072985909602284,155,126,45,-3.988691335397913,81.0851226993865,108.11349693251533,221,49,172,884.4863999999943,1492.2394557598627,-607.753055759868,44.18604651162791,0.9164355902165526,-1.1293088186792037,1596.2453869999154,1.5806210689474058,80,66,26,-3.5334479986038834,77.18459302325581,102.91279069767442,False,,,,,,,,,,,,,,,,,,,,,,,,,,,,,,,,,,
0.75,1.25,1.6666666666666667,410,101,309,1418.9838999999797,2694.903404819698,-1275.919504819719,41.10032362459547,0.9147107848393018,-0.9870948144447922,3105.3473179997964,3.071449567532322,160,98,51,-4.129189335986145,81.13106796116504,135.21844660194174,221,62,159,1462.6969999999974,1379.0642021998701,83.63279780012772,43.39622641509434,1.0121298677276702,0.15151166502071667,1359.6828959599225,1.340337593128927,77,50,32,0.525992438994514,76.87264150943396,128.12106918238993,False,,,,,,,,,,,,,,,,,,,,,,,,,,,,,,,,,,
0.75,1.5,2.0,410,120,290,791.765799999976,2529.199837159717,-1737.4340371597407,37.24137931034483,0.8840027885599993,-1.3486532646805498,2998.232384399773,2.9794055353234263,160,73,57,-5.991151852274968,81.13189655172414,162.26379310344828,221,68,153,895.2883999999991,1327.0835679198838,-431.7951679198841,37.908496732026144,0.9385364807918251,-0.6741255337315774,1483.9447099599347,1.468493957511096,77,38,38,-2.8221906399992425,76.90196078431373,153.80392156862746,False,,,,,,,,,,,,,,,,,,,,,,,,,,,,,,,,,,
0.75,1.75,2.3333333333333335,410,126,284,947.016199999978,2476.829950719722,-1529.8137507197434,36.267605633802816,0.8977729021204748,-1.1245053579099922,2896.011740799804,2.8769239997537315,160,59,65,-5.386668136337125,81.13204225352112,189.30809859154928,221,75,146,1422.637499999996,1266.1553729798834,156.4821270201121,36.3013698630137,1.0230867185362107,0.2573400556355382,1234.7635921999608,1.2178207136534815,74,33,39,1.071795390548713,76.8082191780822,179.21917808219177,False,,,,,,,,,,,,,,,,,,,,,,,,,,,,,,,,,,
0.75,2.0,2.6666666666666665,410,136,274,-156.68880000002252,2389.9556704397255,-2546.6444704397477,33.941605839416056,0.829879977518799,-1.8755027038504695,3942.4593505598023,3.90920051543779,160,42,72,-9.294322884816598,81.23540145985402,216.62773722627736,221,83,138,1816.6889000000006,1196.852979059895,619.8359209401053,36.231884057971016,1.0954560367033996,0.9326855126557514,1293.0666318799776,1.2687958045447665,71,26,41,4.491564644493517,76.80978260869566,204.82608695652175,False,,,,,,,,,,,,,,,,,,,,,,,,,,,,,,,,,,
0.75,2.25,3.0,410,140,270,83.59189999997932,2354.9608634997403,-2271.368963499761,33.33333333333333,0.8473535813234908,-1.6378480825921933,3702.953064379806,3.668330374282162,159,35,76,-8.412477642591707,81.22777777777777,243.68333333333334,221,87,134,1949.605300000002,1161.9527003398973,787.6525996601046,34.32835820895522,1.1205738226491784,1.1530744100643036,1270.8121818799846,1.2451805782109353,71,24,39,5.878004475075407,76.70708955223881,230.1212686567164,False,,,,,,,,,,,,,,,,,,,,,,,,,,,,,,,,,,
0.75,2.5,3.3333333333333335,410,147,263,-318.7230000000174,2293.855314479748,-2612.578314479765,32.69961977186312,0.8218912509744397,-1.8872845942464433,4025.7868513598078,3.985718887864689,157,27,79,-9.933757849732947,81.2851711026616,270.9505703422053,221,93,128,2004.8803000000094,1109.5816198598982,895.2986801401114,33.59375,1.1432836878695312,1.3307514951686894,1248.557731879977,1.2223522546903263,69,18,41,6.99452093859462,76.40625,254.6875,False,,,,,,,,,,,,,,,,,,,,,,,,,,,,,,,,,,
0.75,2.75,3.6666666666666665,410,150,260,-127.1580000000148,2267.607007479757,-2394.765007479772,33.07692307692307,0.835071945380188,-1.6802662068692096,3831.4169371198077,3.794375441974371,156,22,82,-9.21063464415297,81.2451923076923,297.89903846153845,221,94,127,2529.1303000000084,1100.9911960599018,1428.1391039401067,33.85826771653544,1.2315179588732341,1.9992710295514358,1226.3032818799838,1.1945934860480778,68,17,42,11.24518979480399,76.44685039370079,280.3051181102362,False,,,,,,,,,,,,,,,,,,,,,,,,,,,,,,,,,,
0.75,3.0,4.0,410,159,251,-986.5257000000139,2189.2172110997644,-3175.7429110997773,32.27091633466135,0.7758608926316444,-2.324935200158187,4429.368431779789,4.387849310362881,152,14,85,-12.652362195616643,81.27490039840637,325.0996015936255,221,99,122,2736.3113000000085,1057.859099859905,1678.4522001401035,34.42622950819672,1.28352200091656,2.312837558831922,1126.4565838799754,1.0957225653947285,65,13,44,13.757804919181176,76.56762295081967,306.2704918032787,False,,,,,,,,,,,,,,,,,,,,,,,,,,,,,,,,,,
1.0,0.25,0.25,410,21,389,617.0606000000016,3392.5510780796585,-2775.4904780796564,79.43444730077121,0.671379824006332,-3.587202094906979,3101.655947279709,3.100781281326884,69,309,11,-7.134936961644361,108.19023136246787,27.047557840616967,221,11,210,693.744099999999,1823.6661667397939,-1129.9220667397951,80.95238095238095,0.7195119017415467,-3.3567245931529897,1691.3849401398475,1.6826432976699006,35,167,8,-5.3805812701895,103.61428571428571,25.90357142857143,False,,,,,,,,,,,,,,,,,,,,,,,,,,,,,,,,,,
1.0,0.5,0.5,410,46,364,2507.958499999994,3174.4417597396905,-666.4832597396965,68.13186813186813,0.9437472561505874,-0.6473191018635804,2102.55026315985,2.092482594477338,94,243,27,-1.8309979663178473,108.17032967032966,54.08516483516483,221,26,195,1065.4091999999962,1692.6139495598254,-627.2047495598291,67.6923076923077,0.8975846226403239,-1.4609014070494108,1632.129859239867,1.6158913612059578,51,126,18,-3.216434613127329,103.24615384615385,51.62307692307692,False,,,,,,,,,,,,,,,,,,,,,,,,,,,,,,,,,,
1.0,0.75,0.75,410,81,329,1657.0517999999943,2868.985584599709,-1211.9337845997145,57.14285714285714,0.9154783382691729,-1.0085024265707483,2370.6189200197696,2.351525249452021,114,176,39,-3.6836893148927494,108.1063829787234,81.07978723404256,221,37,184,2027.403399999992,1596.7649465998174,430.6384534001746,60.32608695652174,1.0629434438677872,0.7646241913667821,1561.9553817199048,1.5314400026387622,57,102,25,2.340426377174862,103.10326086956522,77.3274456521739,False,,,,,,,,,,,,,,,,,,,,,,,,,,,,,,,,,,
1.0,1.0,1.0,410,105,305,454.3375999999844,2659.7546232797467,-2205.4170232797624,49.50819672131148,0.8605123711064574,-1.7053201811656786,3147.478818059899,3.119966036961922,127,129,49,-7.230875486163155,108.07213114754099,108.07213114754099,221,56,165,1311.5882999999908,1431.282946299857,-119.6946462998659,50.303030303030305,0.984041722821782,-0.19039496535948972,1447.731259879918,1.4287568458480246,62,73,30,-0.725422098787066,102.7090909090909,102.7090909090909,False,,,,,,,,,,,,,,,,,,,,,,,,,,,,,,,,,,
1.0,1.25,1.25,410,121,289,1132.2953999999836,2520.7757017597405,-1388.4803017597574,46.36678200692042,0.9131385049026739,-0.9935014622453812,2773.5125476198155,2.7400158104069163,129,105,55,-4.804430109895354,108.18685121107266,135.23356401384083,221,70,151,1616.1036999999978,1309.5203278198635,306.5833721801346,47.682119205298015,1.0425187026688834,0.4818825373775446,1419.8909849199263,1.3957929770922255,60,54,37,2.0303534581465867,102.45033112582782,128.06291390728478,False,,,,,,,,,,,,,,,,,,,,,,,,,,,,,,,,,,
1.0,1.5,1.5,410,143,267,975.50449999998,2328.763217539763,-1353.2587175397825,43.445692883895134,0.912930324663641,-0.9990235331930869,2602.972970139832,2.576504682373443,127,78,62,-5.068384709886826,108.20224719101124,162.30337078651687,221,79,142,1140.1359000000034,1231.3487013798785,-91.21280137987469,42.95774647887324,0.9873509111749919,-0.11842204705039427,1470.9566917599295,1.4509374706553277,60,41,41,-0.6423436716892584,102.34507042253522,153.51760563380282,False,,,,,,,,,,,,,,,,,,,,,,,,,,,,,,,,,,
1.0,1.75,1.75,410,152,258,1168.8509999999812,2250.202777879773,-1081.3517778797918,42.248062015503876,0.930319106638424,-0.7579809071467962,2405.4068452198844,2.3811777505690586,127,65,66,-4.191285960774387,108.18604651162791,189.32558139534885,221,85,136,1704.755100000002,1179.1506343798717,525.6044656201302,41.911764705882355,1.0755752032666575,0.7614489181179462,1023.8266637399356,1.008205218240682,58,35,43,3.864738717795075,102.17647058823529,178.80882352941177,False,,,,,,,,,,,,,,,,,,,,,,,,,,,,,,,,,,
1.0,2.0,2.0,410,164,246,250.04109999998764,2145.9398306197822,-1895.8987306197948,39.43089430894309,0.8767722613551563,-1.3363161646632142,3146.8157458198402,3.116414877442479,125,48,73,-7.706905409023556,108.36178861788618,216.72357723577235,221,92,129,2030.3065000000067,1118.5511204598847,911.7553795401222,41.86046511627907,1.1343164292275885,1.2616137912490524,1099.7298338799737,1.0780451157820208,57,28,44,7.067871159225754,102.2248062015504,204.4496124031008,False,,,,,,,,,,,,,,,,,,,,,,,,,,,,,,,,,,
1.0,2.25,2.25,410,167,243,-79.27520000001851,2119.743591079795,-2199.018791079812,37.86008230452675,0.8581596347564692,-1.5635867126991991,3126.142117679832,3.103495845290947,126,38,79,-9.049460045595936,108.33333333333333,243.75,221,96,125,2212.202900000006,1083.6517377398875,1128.551162260119,40.0,1.165174447091347,1.4992282231300773,1032.7254338799685,1.010877573468955,57,27,41,9.028409298080954,102.072,229.662,False,,,,,,,,,,,,,,,,,,,,,,,,,,,,,,,,,,
1.0,2.5,2.5,410,176,234,-508.6899000000144,2041.1321300198058,-2549.8220300198195,37.17948717948718,0.8325377826300211,-1.8287981102200321,3676.4390566198417,3.6425922447796264,124,30,80,-10.896675341965041,108.35042735042735,270.87606837606836,221,102,119,2401.4779000000126,1031.2985572598857,1370.1793427401265,39.49579831932773,1.211125134517674,1.799773846672902,965.7210338799778,0.9436776637777142,55,22,42,11.514112123866608,101.63025210084034,254.07563025210084,False,,,,,,,,,,,,,,,,,,,,,,,,,,,,,,,,,,
1.0,2.75,2.75,410,180,230,-684.9099000000105,2006.1470400198132,-2691.0569400198233,37.391304347826086,0.8221357003352363,-1.8820469916737659,3765.2255686998396,3.7325009658158437,124,23,83,-11.70024756530358,108.29130434782608,297.8010869565217,221,103,118,3008.465600000016,1022.7139409998933,1985.751659000122,39.83050847457627,1.310939221954877,2.4649437636032254,898.7166338799725,0.8735202200993115,54,20,44,16.82840388983154,101.6864406779661,279.63771186440675,False,,,,,,,,,,,,,,,,,,,,,,,,,,,,,,,,,,
1.0,3.0,3.0,410,187,223,-1361.3076000000083,1945.1183616398164,-3306.425961639825,36.771300448430495,0.7763591167320048,-2.39727485580904,4378.858529319841,4.340875380193117,121,16,86,-14.82702224950594,108.31838565022422,324.95515695067263,221,109,112,3033.0966000000144,970.9466147998929,2062.149985200121,40.17857142857143,1.3373913850036585,2.5841144203718285,822.4124058799789,0.8000486476399562,52,15,45,18.412053439286797,101.95535714285714,305.86607142857144,False,,,,,,,,,,,,,,,,,,,,,,,,,,,,,,,,,,
1.25,0.25,0.2,410,28,382,343.9735999999981,3331.321316159656,-2987.347716159658,81.67539267015707,0.657106848677782,-3.6616269704070237,3304.8160697596904,3.3041713992880672,57,312,13,-7.820281979475545,135.21924083769633,27.043848167539267,221,18,203,808.9040999999994,1762.8674609397926,-953.9633609397932,83.74384236453201,0.7528079190290217,-2.6708346254780024,1474.0294343398418,1.466812366117772,26,168,9,-4.699326901181247,129.5935960591133,25.91871921182266,False,,,,,,,,,,,,,,,,,,,,,,,,,,,,,,,,,,
1.25,0.5,0.4,410,57,353,2748.428699999993,3078.3689154596786,-329.9402154596859,71.671388101983,0.971932103505272,-0.29474142549272575,1987.9069160798972,1.980600771537764,75,249,29,-0.9346748313305548,135.19475920679886,54.077903682719544,221,35,186,1367.1591999999955,1614.6349186398277,-247.47571863983217,72.04301075268818,0.957533410005388,-0.5388991910798248,1118.4165283198818,1.1087598859914205,39,128,19,-1.3305146163431838,129.1733870967742,51.66935483870968,False,,,,,,,,,,,,,,,,,,,,,,,,,,,,,,,,,,
1.25,0.75,0.6,410,94,316,1846.225699999995,2755.389349899715,-909.1636498997202,61.39240506329114,0.9367873242442407,-0.6938436192124509,2075.9662274198054,2.064566774430063,92,179,45,-2.877100157910507,135.126582278481,81.07594936708861,221,49,172,2621.078399999996,1492.5134246798289,1128.5649753201676,65.69767441860465,1.1800444380304005,1.9738900013157932,989.6074998799595,0.9690806992460527,41,105,26,6.561424275117253,128.6627906976744,77.19767441860465,False,,,,,,,,,,,,,,,,,,,,,,,,,,,,,,,,,,
1.25,1.0,0.8,410,125,285,1165.0345999999824,2485.3795775997405,-1320.3449775997583,54.385964912280706,0.912917876565285,-0.9770868495026522,2939.5269710399007,2.909012156821513,96,128,61,-4.6327893950868715,135.1359649122807,108.10877192982456,221,68,153,1543.0083000000004,1327.1715533798695,215.8367466201305,55.55555555555556,1.0298161979418696,0.35612261566639664,1190.596099879971,1.1740834052235993,48,74,31,1.4106976903276502,128.3251633986928,102.66013071895425,False,,,,,,,,,,,,,,,,,,,,,,,,,,,,,,,,,,
1.25,1.25,1.0,410,140,270,2114.552899999983,2355.232190819751,-240.67929081976854,51.48148148148148,0.9841902699027448,-0.15204381695357846,2445.226393319899,2.4073447394798846,96,106,68,-0.8914047808139576,135.27314814814815,135.27314814814815,221,77,144,2294.6489000000006,1248.6956698598663,1045.9532301401352,54.166666666666664,1.1484180003471904,1.5837237376504953,1352.0048598799767,1.3203435743234273,47,60,37,7.263564098195384,127.82986111111111,127.82986111111111,False,,,,,,,,,,,,,,,,,,,,,,,,,,,,,,,,,,
1.25,1.5,1.2,410,166,244,1347.1314999999859,2128.2667196997763,-781.1352196997896,47.950819672131146,0.9479266539394212,-0.537408993927901,2448.7338312999054,2.4169291877201395,96,78,70,-3.2013738512286456,135.26639344262296,162.31967213114754,221,91,130,1727.17510000001,1127.1400262198881,600.0350737801217,48.46153846153846,1.0870788961275366,0.8519619167894512,1488.2911098799668,1.4578465192998509,45,43,42,4.615654413693244,127.6826923076923,153.21923076923076,False,,,,,,,,,,,,,,,,,,,,,,,,,,,,,,,,,,
1.25,1.75,1.4,410,173,237,949.8634999999838,2067.0716978597857,-1117.208197859802,46.41350210970464,0.9272439037983247,-0.7541070804349093,2219.6836562999088,2.1991570222816827,99,64,74,-4.7139586407586584,135.2373417721519,189.33227848101265,221,97,124,2285.6043000000077,1074.910535019881,1210.6937649801266,47.58064516129033,1.1810700700065924,1.6758940371883593,1399.5323598799732,1.363930684819823,44,37,43,9.76365939500102,127.47983870967742,178.47177419354838,False,,,,,,,,,,,,,,,,,,,,,,,,,,,,,,,,,,
1.25,2.0,1.6,410,184,226,-250.37210000000823,1971.6035857397883,-2221.975685739796,42.92035398230089,0.8553548562618472,-1.5079359277394717,3182.35891257989,3.154918183736706,99,46,81,-9.831750821857504,135.49225663716814,216.78761061946904,221,103,118,2562.905700000012,1022.9408470998956,1539.964852900116,47.45762711864407,1.2325401806196281,2.043482979591988,1476.2347338799736,1.4330122250689363,44,30,44,13.050549600848441,127.44703389830508,203.91525423728814,False,,,,,,,,,,,,,,,,,,,,,,,,,,,,,,,,,,
1.25,2.25,1.8,410,187,223,-495.57960000001185,1945.4067044398,-2440.986304439812,41.70403587443946,0.8411307733075807,-1.6620608431580624,3044.8024324798316,3.0292560136215436,99,36,88,-10.946126925739067,135.44843049327355,243.8071748878924,221,107,114,2712.825700000014,987.9812730998951,1724.8444269001188,45.614035087719294,1.2590493542687473,2.167512654315809,1409.2303338799684,1.3664061437974635,45,29,40,15.130214271053674,127.09429824561404,228.76973684210526,False,,,,,,,,,,,,,,,,,,,,,,,,,,,,,,,,,,
1.25,2.5,2.0,410,196,214,-1077.0943000000102,1866.7441513798103,-2943.8384513798205,41.1214953271028,0.8041751413852594,-2.008455563655662,3741.9450278998556,3.715656771382879,97,28,89,-13.756254445700096,135.4731308411215,270.946261682243,221,114,107,2609.563800000019,927.3008635998933,1682.262936400125,45.794392523364486,1.267070639060701,2.1431762449472966,1342.2259338799631,1.302822220811969,44,21,42,15.722083517758177,126.86915887850468,253.73831775700936,False,,,,,,,,,,,,,,,,,,,,,,,,,,,,,,,,,,
1.25,2.75,2.2,410,200,210,-1102.9193000000123,1831.7342503798177,-2934.6535503798295,41.42857142857143,0.8029830183229103,-1.9405649828140492,3731.0197730598447,3.7048722945596935,96,23,91,-13.974540716094426,135.39285714285714,297.8642857142857,221,115,106,3217.0515000000223,918.7256473399013,2298.325852660121,46.22641509433962,1.372403081623374,2.786763404032859,1275.2215338799724,1.2312231897598342,43,19,44,21.682319364718126,126.94575471698113,279.2806603773585,False,,,,,,,,,,,,,,,,,,,,,,,,,,,,,,,,,,
1.25,3.0,2.4,410,207,203,-1729.3286000000094,1770.6843743198228,-3500.012974319833,40.88669950738916,0.7585679519700143,-2.375953377246793,4322.898785999845,4.2914732360963574,94,16,93,-17.24144322325041,135.43103448275863,325.0344827586207,221,120,101,3307.871500000022,875.5562353399014,2432.31526466012,46.53465346534654,1.4114437192605713,2.972704987440495,1087.1502138799697,1.0501891686306468,41,15,45,24.0823293530705,127.21534653465346,305.3168316831683,False,,,,,,,,,,,,,,,,,,,,,,,,,,,,,,,,,,
1.5,0.25,0.16666666666666666,410,35,375,88.93359999999643,3270.2018089596722,-3181.2682089596756,82.93333333333334,0.6418906090757888,-3.7644110043750305,3498.7365625597013,3.498054064017495,47,311,17,-8.483381890559135,162.216,27.036,221,22,199,1129.2286999999985,1728.076204419808,-598.8475044198094,86.4321608040201,0.8302629243532769,-1.7301762955826356,1456.1394833599043,1.4441637574098358,19,169,11,-3.0092839418080874,155.26884422110552,25.878140703517587,False,,,,,,,,,,,,,,,,,,,,,,,,,,,,,,,,,,
1.5,0.5,0.3333333333333333,410,71,339,2072.3336999999947,2956.149804419714,-883.8161044197199,73.15634218289085,0.9267569151543307,-0.7606456206610115,2478.1192654799233,2.4727249448985407,64,244,31,-2.6071271516805896,162.13716814159292,54.04572271386431,221,43,178,1545.6229999999948,1544.7576964398438,0.8653035601506645,74.71910112359551,1.0001566558199164,0.010783290351674633,1121.0804224799213,1.1086420602676657,27,127,24,0.004861255955902609,154.49157303370785,51.497191011235955,False,,,,,,,,,,,,,,,,,,,,,,,,,,,,,,,,,,
1.5,0.75,0.5,410,109,301,1030.258499999995,2624.5836640197335,-1594.3251640197388,63.12292358803987,0.8922333122322007,-1.1422078208434823,2524.2505309397966,2.514026053935502,77,176,48,-5.296761342258269,162.04485049833886,81.02242524916943,221,57,164,2833.9971999999975,1422.8371069998398,1411.1600930001582,68.90243902439023,1.2369588211094587,2.450423156919505,761.8874414399615,0.7465715349665821,29,105,30,8.6046347134156,154.02439024390245,77.01219512195122,False,,,,,,,,,,,,,,,,,,,,,,,,,,,,,,,,,,
1.5,1.0,0.6666666666666666,410,139,271,1021.6599999999789,2363.2763400397525,-1341.616340039774,56.82656826568265,0.9117601450815028,-0.932236287036553,2890.991398239901,2.85795099533674,78,130,63,-4.950613800884775,162.07749077490774,108.05166051660517,221,78,143,2297.897099999999,1240.0715096998824,1057.8255903001168,60.13986013986013,1.1631616342265088,1.560835747855663,907.2529541199474,0.8897683080043054,33,76,34,7.397381750350467,153.43006993006992,102.2867132867133,False,,,,,,,,,,,,,,,,,,,,,,,,,,,,,,,,,,
1.5,1.25,0.8333333333333334,410,155,255,1944.3182999999817,2224.3730212597707,-280.05472125978895,54.11764705882353,0.9816180638089801,-0.16510545734453355,2583.0936623598973,2.538596281778797,78,107,70,-1.0982538088619174,162.26470588235293,135.22058823529412,221,87,134,2938.2189000000008,1161.7372013798729,1776.4816986201276,58.95522388059702,1.2783696201248858,2.4592656964422446,940.7699353999633,0.9158830872460562,33,61,40,13.25732610910543,153.03358208955223,127.52798507462687,False,,,,,,,,,,,,,,,,,,,,,,,,,,,,,,,,,,
1.5,1.5,1.0,410,178,232,3.798899999989885,2023.5486645397928,-2019.7497645398028,48.706896551724135,0.871537652923465,-1.336365169835123,3020.9798026198405,3.000701438975694,81,75,76,-8.705817950602597,162.20043103448276,162.20043103448276,221,99,122,2585.470100000005,1057.6480407398974,1527.822059260108,54.09836065573771,1.2391558686719772,2.086656265123929,1136.5280773999693,1.1070328462480865,33,46,43,12.523131633279574,153.0737704918033,153.0737704918033,False,,,,,,,,,,,,,,,,,,,,,,,,,,,,,,,,,,
1.5,1.75,1.1666666666666667,410,186,224,-147.3362000000111,1953.6002760798024,-2100.936476079814,47.32142857142857,0.8674298838665312,-1.3576907973964185,2909.7994477598404,2.8905478576422032,82,62,80,-9.379180696784884,162.14732142857142,189.171875,221,105,116,3397.3498000000013,1005.5775996398851,2391.7722003601157,54.310344827586206,1.397012234310422,3.165119984319368,1025.764927399985,0.9918674877480154,31,40,45,20.61872586517341,153.03879310344828,178.54525862068965,False,,,,,,,,,,,,,,,,,,,,,,,,,,,,,,,,,,
1.5,2.0,1.3333333333333333,410,197,213,-1146.7447000000063,1858.0301785798042,-3004.7748785798103,44.60093896713615,0.8106991435116397,-1.912259248047996,3796.837766859826,3.7703901425902355,83,45,85,-14.106924312581269,162.45774647887325,216.61032863849766,221,111,110,3749.9012000000057,953.6035617199043,2796.2976382801016,54.54545454545454,1.4691410615893832,3.5033434277746243,1080.4629013999802,1.0401391955106765,31,33,46,25.420887620728198,153.0,204.0,False,,,,,,,,,,,,,,,,,,,,,,,,,,,,,,,,,,
1.5,2.25,1.5,410,200,210,-1281.3822000000118,1831.8464832798122,-3113.2286832798245,43.333333333333336,0.8039028477048451,-1.9807193815420374,3763.291623959827,3.7423547971271995,83,37,90,-14.824898491808689,162.4,243.6,221,115,106,3799.971200000007,918.6230817198984,2881.3481182801083,52.83018867924528,1.4783741582824528,3.479252687053039,991.4541013999842,0.9544886440082387,32,31,43,27.18252941773687,152.6179245283019,228.92688679245282,False,,,,,,,,,,,,,,,,,,,,,,,,,,,,,,,,,,
1.5,2.5,1.6666666666666667,410,208,202,-1601.7780000000084,1761.8646264398267,-3363.6426264398365,43.06930693069307,0.7828465564573016,-2.125281549697936,4129.182467119841,4.101500095359498,81,30,91,-16.65169617049424,162.4381188118812,270.730198019802,221,123,98,3681.309300000013,849.194496219906,2832.1148037801076,53.06122448979592,1.5025670445866608,3.438335651716802,923.0711029799859,0.923071102979986,31,23,44,28.899130650817426,152.1734693877551,253.62244897959184,False,,,,,,,,,,,,,,,,,,,,,,,,,,,,,,,,,,
1.5,2.75,1.8333333333333333,410,212,198,-1538.9345000000098,1726.8477917398295,-3265.7822917398394,43.43434343434344,0.7869001496117034,-2.0003715998863414,4146.799032419847,4.1142793668869,80,25,93,-16.493849958282016,162.33333333333334,297.6111111111111,221,123,98,4180.271500000017,849.1984748599058,3331.073025140112,52.04081632653062,1.5890360873861464,3.863323758334779,895.5766029799852,0.8955766029799852,31,21,46,33.990541072858285,152.1734693877551,278.984693877551,False,,,,,,,,,,,,,,,,,,,,,,,,,,,,,,,,,,
1.5,3.0,2.0,410,219,191,-2150.543800000007,1665.7904756798325,-3816.3342756798397,42.93193717277487,0.7435692758140623,-2.393676734057576,4740.928495359854,4.701716777577037,78,17,96,-19.98080772607246,162.37696335078533,324.75392670157066,221,128,93,4386.681500000017,806.0143808599071,3580.667119140111,52.68817204301075,1.6693876688662181,4.052809629978319,868.0821029799845,0.8680821029799844,29,18,46,38.501796980001195,152.51612903225808,305.03225806451616,False,,,,,,,,,,,,,,,,,,,,,,,,,,,,,,,,,,
1.75,0.25,0.14285714285714285,410,43,367,657.8951999999913,3200.0835494396606,-2542.188349439669,84.46866485013625,0.6908602274850182,-2.9525462972811707,3040.1405923197017,3.0340726080526523,35,310,22,-6.92694373144324,189.17643051771117,27.025204359673026,221,23,198,1117.7136999999962,1719.4319554198019,-601.7182554198057,87.37373737373737,0.8299860954044238,-1.6083896565414602,1390.5429659598885,1.3800438327111986,14,170,14,-3.038981087978817,181.10732323232324,25.872474747474747,False,,,,,,,,,,,,,,,,,,,,,,,,,,,,,,,,,,
1.75,0.5,0.2857142857142857,410,80,330,2429.439799999992,2877.399154239688,-447.95935423969615,75.45454545454545,0.9616487626103981,-0.3612667921732464,3012.584006399906,2.993367208133425,50,245,35,-1.3574525886051398,189.14848484848486,54.04242424242424,221,48,173,1588.1879999999924,1501.3321194398475,86.85588056014524,76.30057803468208,1.0161935692280584,0.18894261106903917,1276.8929739999585,1.2648070061417673,20,126,27,0.5020571130644234,180.1387283236994,51.46820809248555,False,,,,,,,,,,,,,,,,,,,,,,,,,,,,,,,,,,
1.75,0.75,0.42857142857142855,410,124,286,2372.9044999999924,2493.415381699724,-120.5108816997315,66.78321678321679,0.9910044001287912,-0.07394752604563633,2130.4935948598577,2.1123688517232724,56,177,53,-0.42136671922983043,188.96328671328672,80.98426573426573,221,61,160,2994.917199999994,1388.0324749598385,1606.8847250401557,70.625,1.2818607524517152,2.6548201688907436,892.4409444399498,0.8742237968074893,21,105,34,10.043029531500974,179.50625,76.93125,False,,,,,,,,,,,,,,,,,,,,,,,,,,,,,,,,,,
1.75,1.0,0.5714285714285714,410,158,252,2677.7316999999757,2197.302080819741,480.42961918023434,61.111111111111114,1.035737547841308,0.35149040643373425,1872.6561535399087,1.8474097609284474,55,131,66,1.9064667427787076,189.03472222222223,108.01984126984127,221,81,140,2424.9470999999935,1213.967383659884,1210.9797163401097,62.142857142857146,1.1914750372686747,1.6655187545668906,1043.6553358399833,1.0232487149951317,25,77,38,8.649855116715068,178.85,102.2,False,,,,,,,,,,,,,,,,,,,,,,,,,,,,,,,,,,
1.75,1.25,0.7142857142857143,410,176,234,3742.555399999983,2040.945504319774,1701.6098956802082,58.97435897435898,1.1276631219218616,1.1178136686146625,1644.1102890599577,1.6123901122583248,56,108,70,7.27183716102653,189.23931623931625,135.17094017094018,221,90,131,3047.198899999994,1135.6480613398785,1911.5508386601161,61.06870229007634,1.3065081087823163,2.525275708774039,1047.376085839991,1.0224834881983151,26,61,44,14.591991134810048,178.36641221374046,127.40458015267176,False,,,,,,,,,,,,,,,,,,,,,,,,,,,,,,,,,,
1.75,1.5,0.8571428571428571,410,199,211,1496.8019999999879,1840.0765435997948,-343.27454359980754,53.08056872037915,0.9755511368584737,-0.21147878981294732,2252.933321759876,2.2283883153627984,59,76,76,-1.626893571563069,189.13270142180096,162.11374407582937,221,101,120,2696.1642999999985,1040.212657859906,1655.9516421400924,55.833333333333336,1.2651164080716415,2.206824857245473,865.8517889999785,0.8467329751639491,26,46,48,13.799597017834104,178.38333333333333,152.9,False,,,,,,,,,,,,,,,,,,,,,,,,,,,,,,,,,,
1.75,1.75,1.0,410,206,204,1115.2011999999909,1778.7470160398098,-663.5458160398186,51.470588235294116,0.9537402371559542,-0.4089654418500718,2602.8962907998794,2.574121757942022,61,62,81,-3.2526755688226405,189.07720588235293,189.07720588235293,221,108,113,3989.8138999999937,979.5739387798938,3010.2399612201,57.52212389380531,1.5347279013426682,3.7515818340024794,710.3892840000044,0.6849064541639794,23,42,48,26.639291692213277,178.608407079646,178.608407079646,False,,,,,,,,,,,,,,,,,,,,,,,,,,,,,,,,,,
1.75,2.0,1.1428571428571428,410,214,196,-353.8374000000043,1709.297062679805,-2063.1344626798104,48.97959183673469,0.8610564747496796,-1.3015033999315382,3554.20267657988,3.5148441115236544,64,44,88,-10.526196238162298,189.33035714285714,216.37755102040816,221,114,107,4390.865299999999,927.5987008599134,3463.2665991400854,57.943925233644855,1.622272688599281,4.062301264220796,710.3892839999899,0.6819279576756818,23,35,49,32.366977562056874,178.56542056074767,204.07476635514018,False,,,,,,,,,,,,,,,,,,,,,,,,,,,,,,,,,,
1.75,2.25,1.2857142857142858,410,216,194,-165.01340000000965,1691.808903399819,-1856.8223033998283,48.45360824742268,0.8749356424642232,-1.1501172999995215,3369.870477679884,3.3372395733727864,64,36,94,-9.571248986597054,189.25257731958763,243.32474226804123,221,119,102,4478.775299999999,883.8938888599048,3594.881411140094,55.88235294117647,1.6436131476849904,4.100444384675862,905.7363525799883,0.9057363525799883,23,33,46,35.243935403334255,178.00245098039215,228.86029411764707,False,,,,,,,,,,,,,,,,,,,,,,,,,,,,,,,,,,
1.75,2.5,1.4285714285714286,410,224,186,-332.9992000000072,1621.8681925598319,-1954.867392559839,47.8494623655914,0.864345718852747,-1.1981752561258574,3426.800302739881,3.3897416741091986,62,30,94,-10.51003974494537,189.29166666666666,270.4166666666667,221,127,94,4348.959900000005,814.4521726599128,3534.5077273400916,56.38297872340425,1.6837812379674562,4.018809827680584,905.7363525799883,0.9057363525799883,22,24,48,37.60114603553289,177.45744680851064,253.51063829787233,False,,,,,,,,,,,,,,,,,,,,,,,,,,,,,,,,,,
1.75,2.75,1.5714285714285714,410,227,183,-27.574200000008346,1595.5911855598342,-1623.1653855598424,48.08743169398907,0.8860853236431273,-0.9596390376809334,3562.886348759959,3.5203348262646554,61,26,96,-8.869756205245041,189.21038251366122,297.3306010928962,221,127,94,4875.17210000001,814.450701299911,4060.7213987000987,55.319148936170215,1.782579939642376,4.394944151106613,905.7363525799883,0.9057363525799883,22,22,50,43.1991638159585,177.45744680851064,278.86170212765956,False,,,,,,,,,,,,,,,,,,,,,,,,,,,,,,,,,,
1.75,3.0,1.7142857142857142,410,233,177,-635.4735000000047,1543.292647499841,-2178.7661474998463,47.45762711864407,0.842556502171134,-1.3159408784916142,3701.59681875995,3.657948241784433,60,18,99,-12.309413262710995,189.29661016949152,324.50847457627117,221,132,89,5153.8721000000105,771.2521492999127,4382.619950700097,56.17977528089888,1.9058960942850658,4.561118422906292,905.7363525799883,0.9057363525799883,20,19,50,49.24292079438312,177.87078651685394,304.92134831460675,False,,,,,,,,,,,,,,,,,,,,,,,,,,,,,,,,,,
2.0,0.25,0.125,410,46,364,433.1001999999937,3173.857774439677,-2740.7575744396836,85.16483516483517,0.6744574889242193,-3.0471746308971355,3238.7098173197155,3.232245497785717,30,310,24,-7.529553775933197,216.2032967032967,27.025412087912088,221,24,197,965.7136999999964,1710.8502194198127,-745.1365194198165,87.81725888324873,0.7976615138594826,-1.8540576342316384,1477.9724299598893,1.4676286741668232,13,170,14,-3.7824188803036374,207.0253807106599,25.878172588832488,False,,,,,,,,,,,,,,,,,,,,,,,,,,,,,,,,,,
2.0,0.5,0.25,410,86,324,2086.896799999995,2824.9842788397173,-738.0874788397219,76.23456790123457,0.9377888286741987,-0.5813501395816973,3040.9087863999157,3.022382034442386,41,242,41,-2.2780477741966725,216.19135802469137,54.04783950617284,221,52,169,1275.7667999999921,1466.5480315198602,-190.78123151986824,76.33136094674556,0.9651717682949312,-0.36049963547738356,1508.1072824799776,1.493545360223725,17,122,30,-1.1288830267447825,205.71597633136093,51.428994082840234,False,,,,,,,,,,,,,,,,,,,,,,,,,,,,,,,,,,
2.0,0.75,0.375,410,129,281,2425.876499999994,2449.746365299752,-23.869865299758715,68.32740213523132,0.9982044229475736,-0.002525595736497489,2170.1588215798547,2.1523153722267954,45,177,59,-0.08494613985679259,216.00711743772243,81.00266903914591,221,67,154,2411.122999999993,1335.9675981198486,1075.155401880145,70.77922077922078,1.182102572814398,1.6506052426179756,1093.9604444399592,1.0725911958520427,19,100,35,6.9815285836373056,205.14285714285714,76.92857142857143,False,,,,,,,,,,,,,,,,,,,,,,,,,,,,,,,,,,
2.0,1.0,0.5,410,162,248,2755.4886999999776,2162.35110341977,593.1375965802079,62.903225806451616,1.044374430561876,0.41586218791012336,2077.2188216799404,2.0453603669139624,45,131,72,2.3916838571782573,216.08870967741936,108.04435483870968,221,86,135,1721.9028999999928,1170.6272968198914,551.2756031801015,62.22222222222222,1.0832352978921258,0.7135681195776582,1233.035412919955,1.2114199139442186,23,73,39,4.08352298651927,204.4,102.2,False,,,,,,,,,,,,,,,,,,,,,,,,,,,,,,,,,,
2.0,1.25,0.625,410,180,230,3931.342799999984,2005.9929213198004,1925.3498786801842,61.30434782608696,1.1452153644854133,1.240161756898309,1858.4910333799635,1.8172755331312507,46,109,75,8.37108642904428,216.3304347826087,135.20652173913044,221,94,127,2421.6238999999937,1100.940608339883,1320.683291660111,61.417322834645674,1.2014335308078292,1.6542031596630358,1191.395385839991,1.1653698336426017,24,60,43,10.399081036693788,203.63779527559055,127.27362204724409,True,202.0,69.0,133.0,3377.3042999999925,1147.6456062998914,2229.658693700101,66.9172932330827,1.3509975142086565,3.1256482544191404,1086.8085156399757,1.068758289379192,24.0,71.0,38.0,16.76435108045189,191.02255639097746,119.3890977443609,833.0,343.0,490.0,9730.270999999972,4254.579135959575,5475.6918640403965,62.857142857142854,1.2092566154434075,1.7773840387009758,1858.4910333799635,1.8172755331312507,94.0,240.0,156.0,11.174881355184482,206.17142857142858,128.85714285714286
2.0,1.5,0.75,410,204,206,2248.3393999999894,1796.5693342798168,451.7700657201729,56.310679611650485,1.033241527536055,0.314311946480566,2323.0667957399564,2.2984168542781616,47,78,81,2.19305857145715,216.25242718446603,162.1893203883495,221,105,116,2260.998899999995,1005.5323869399108,1255.4665130600843,56.896551724137936,1.192812055248743,1.6262737743466018,1088.2814313999697,1.0633589772289351,24,46,46,10.82298718155245,203.8793103448276,152.9094827586207,False,,,,,,,,,,,,,,,,,,,,,,,,,,,,,,,,,,
2.0,1.75,0.875,410,213,197,1960.083599999992,1717.8359137198265,242.2476862801655,54.82233502538071,1.01765749731528,0.1679281681098266,2800.9315267799684,2.770762230680881,48,63,86,1.2296836867013479,216.18274111675126,189.15989847715736,221,112,109,3634.1484999999907,944.9095678599001,2689.2389321400906,58.71559633027523,1.4624488283455364,3.2761990031527066,955.3218193999783,0.9217288514446071,21,42,46,24.671916808624683,204.14678899082568,178.62844036697248,False,,,,,,,,,,,,,,,,,,,,,,,,,,,,,,,,,,
2.0,2.0,1.0,410,221,189,-114.35500000000559,1648.5254163598238,-1762.8804163598295,51.32275132275132,0.8802654001381854,-1.0875406788959412,3729.2955646599003,3.6890558217735183,53,45,91,-9.327409610369468,216.48677248677248,216.48677248677248,221,118,103,4035.1998999999955,892.9343299399195,3142.2655700600753,59.22330097087378,1.546362482563627,3.613095554167441,988.7740433999861,0.9495478457435629,21,35,47,30.507432719029858,204.09708737864077,204.09708737864077,False,,,,,,,,,,,,,,,,,,,,,,,,,,,,,,,,,,
2.0,2.25,1.125,410,224,186,39.46899999999084,1622.3153330798432,-1582.8463330798527,50.53763440860215,0.8911676406359836,-0.9555701315362818,3599.2358417599025,3.565407713501475,53,36,97,-8.509926521934691,216.3978494623656,243.44758064516128,221,123,98,4123.109899999997,849.2295179399111,3273.8803820600847,57.14285714285714,1.567278635531508,3.672322793364793,878.5194933999737,0.843494239643504,21,33,44,33.406942674082494,203.42857142857142,228.85714285714286,False,,,,,,,,,,,,,,,,,,,,,,,,,,,,,,,,,,
2.0,2.5,1.25,410,232,178,-34.566800000007106,1552.3820122398495,-1586.9488122398564,50.0,0.8867691589247763,-0.9445487917793243,3642.4570068198955,3.604099869575692,50,30,98,-8.915442765392452,216.4494382022472,270.561797752809,221,131,90,4021.7945000000013,779.7935017399177,3242.0009982600836,57.77777777777777,1.6086776462498515,3.6341627071996623,856.4008126999834,0.8226839200232723,20,24,46,36.02223331400093,202.77777777777777,253.47222222222223,False,,,,,,,,,,,,,,,,,,,,,,,,,,,,,,,,,,
2.0,2.75,1.375,410,235,175,231.0381999999937,1526.1076412398475,-1295.0694412398539,50.28571428571429,0.9063340464675101,-0.744533078392243,3667.0300498199067,3.62427301888131,49,25,101,-7.40039680708488,216.3542857142857,297.4871428571429,221,131,90,4548.006700000006,779.7920303799159,3768.21466962009,56.666666666666664,1.7048490384133046,4.032262067829825,799.6355739999999,0.7647049950219162,20,22,48,41.86905188466766,202.77777777777777,278.81944444444446,False,,,,,,,,,,,,,,,,,,,,,,,,,,,,,,,,,,
2.0,3.0,1.5,410,240,170,-349.09110000000163,1482.5437731798577,-1831.6348731798594,49.411764705882355,0.8654564011678012,-1.0757290501265715,3848.862496959904,3.8045674853738567,49,18,103,-10.774322783410938,216.45882352941177,324.68823529411765,221,135,86,4962.256700000008,745.2013283799163,4217.05537162009,58.139534883720934,1.8520828249593806,4.306197353774756,799.6355739999999,0.7614366504978418,18,19,49,49.03552757697779,203.0,304.5,False,,,,,,,,,,,,,,,,,,,,,,,,,,,,,,,,,,
2.25,0.25,0.1111111111111111,410,51,359,246.71079999999893,3130.37611543967,-2883.665315439671,85.51532033426183,0.6612332774367783,-3.127605375820065,3381.6175583197037,3.3748680013443124,26,307,26,-8.032493914873735,243.3008356545961,27.03342618384401,221,26,195,1387.093699999999,1693.707939419808,-306.614239419809,88.71794871794872,0.9055292540545343,-0.7665366552587688,1200.9736207599635,1.1926255315970513,9,170,16,-1.5723807149733795,233.15769230769232,25.906410256410258,False,,,,,,,,,,,,,,,,,,,,,,,,,,,,,,,,,,
2.25,0.5,0.2222222222222222,410,92,318,2561.6167000000005,2772.9757119796977,-211.3590119796977,77.67295597484278,0.98137051123155,-0.1588415643645936,2290.693878659891,2.2774038461104142,34,242,42,-0.6646509810682317,243.34669811320754,54.077044025157235,221,57,164,1785.6767999999959,1423.4196335198646,362.25716648013145,77.4390243902439,1.0747840569329061,0.7355414013909415,1309.8970049599739,1.2975101381591148,11,120,33,2.208885161464216,231.8871951219512,51.53048780487805,False,,,,,,,,,,,,,,,,,,,,,,,,,,,,,,,,,,
2.25,0.75,0.3333333333333333,410,139,271,2802.477099999999,2362.99057429974,439.48652570025956,69.74169741697416,1.0347813098195444,0.3282603916567006,1459.0857918999245,1.4475149271023378,36,174,61,1.6217214970489282,243.2241697416974,81.07472324723247,221,72,149,2921.442999999997,1292.9794261198479,1628.4635738801492,72.48322147651007,1.3072629410880574,2.549772804303488,839.2688443599618,0.8235487965021521,13,100,36,10.929285730739256,231.29697986577182,77.0989932885906,False,,,,,,,,,,,,,,,,,,,,,,,,,,,,,,,,,,
2.25,1.0,0.4444444444444444,410,173,237,2262.7320999999774,2066.7601209797513,195.97197902022617,63.29113924050633,1.0148250065037776,0.14660997486820998,1917.0361595799332,1.8897185929160165,39,126,72,0.8268859874271146,243.40822784810126,108.18143459915612,221,90,131,2445.6227999999974,1136.4152007998948,1309.2075992001023,64.12213740458014,1.2213458536962374,1.7235423246625192,935.967679739988,0.9184781408267562,16,74,41,9.99395113893208,230.6679389312977,102.51908396946565,False,,,,,,,,,,,,,,,,,,,,,,,,,,,,,,,,,,
2.25,1.25,0.5555555555555556,410,192,218,3704.5127999999827,1901.6464535597904,1802.8663464401934,61.92660550458715,1.1428037833991767,1.1451268492125366,1791.4021523799602,1.74802858374901,38,103,77,8.27002911211098,243.58830275229357,135.3268348623853,221,98,123,3149.3437999999974,1066.7378123198841,2082.605987680114,63.41463414634146,1.3548281066837087,2.6726454316278705,963.1931297400006,0.9410491171579602,17,61,45,16.931755997399303,229.82926829268294,127.6829268292683,False,,,,,,,,,,,,,,,,,,,,,,,,,,,,,,,,,,
2.25,1.5,0.6666666666666666,410,215,195,2085.901399999992,1700.8224646798021,385.0789353201901,56.92307692307692,1.0299946541393181,0.2690604095331351,2027.7357297399576,2.007072754470807,38,73,84,1.9747637708727699,243.36923076923077,162.24615384615385,221,108,113,2803.7187999999983,979.9968669199122,1823.7219330800863,58.4070796460177,1.3017820179006157,2.369976643288796,1070.9788133999828,1.0408493397913108,18,47,48,16.139132151151205,230.01769911504425,153.34513274336283,False,,,,,,,,,,,,,,,,,,,,,,,,,,,,,,,,,,
2.25,1.75,0.7777777777777778,410,224,186,2144.8061999999964,1622.1885762398144,522.6176237601827,55.91397849462365,1.0409045076890169,0.3492947927208308,2372.5672748999496,2.348009958097951,38,60,88,2.8097721707536705,243.29032258064515,189.2258064516129,221,114,107,4019.9583999999927,927.9629658398998,3091.995434160094,60.747663551401864,1.5554074813939702,3.779406858329471,938.0192013999767,0.9016813125385625,17,43,47,28.897153590281253,230.21495327102804,179.05607476635515,False,,,,,,,,,,,,,,,,,,,,,,,,,,,,,,,,,,
2.25,2.0,0.8888888888888888,410,231,179,456.5205999999989,1561.4720562798175,-1104.9514562798188,53.072625698324025,0.9188675083543113,-0.6876225223329095,3043.665422459948,3.0121039860013816,42,44,93,-6.172913163574407,243.5782122905028,216.51396648044692,221,120,101,4446.259799999999,875.992777919918,3570.2670220800796,61.386138613861384,1.6487727849498124,4.112206159748154,971.4714253999846,0.929266568384105,17,36,48,35.34917843643643,230.19059405940595,204.6138613861386,False,,,,,,,,,,,,,,,,,,,,,,,,,,,,,,,,,,
2.25,2.25,1.0,410,233,177,236.29309999999543,1543.9059749798312,-1307.6128749798354,51.9774011299435,0.9045562520486766,-0.8113334791341186,3230.8755382798845,3.2018723276773104,43,35,99,-7.387643361467997,243.47033898305085,243.47033898305085,221,125,96,4559.4198,832.2930159199112,3727.1267840800874,59.375,1.67482943684839,4.1869670913525505,861.2168753999722,0.8234348544651706,17,34,45,38.82423733416758,229.453125,229.453125,False,,,,,,,,,,,,,,,,,,,,,,,,,,,,,,,,,,
2.25,2.5,1.1111111111111112,410,240,170,58.74429999999802,1482.7738407398417,-1424.029540739844,51.76470588235295,0.8931837925345382,-0.8703235902683341,3450.308397319939,3.415426738521057,42,29,99,-8.3766443572932,243.55588235294118,270.61764705882354,221,134,87,4395.639400000005,754.202106719919,3641.437293280084,59.77011494252874,1.721123917312902,4.106758307064564,839.0981946999818,0.8031143703283523,16,24,47,41.855601072184875,228.80172413793105,254.22413793103448,False,,,,,,,,,,,,,,,,,,,,,,,,,,,,,,,,,,
2.25,2.75,1.2222222222222223,410,243,167,327.34929999999804,1456.5096697398399,-1129.1603697398416,52.09580838323353,0.9139090279962736,-0.6641822944806106,3622.6522753199533,3.58193377863884,41,24,102,-6.761439339759531,243.44461077844312,297.5434131736527,221,134,87,4921.851600000008,754.2006353599173,4167.650964640091,58.620689655172406,1.8221033932328976,4.491065238908425,772.1483005799964,0.7720387918801797,16,22,49,47.90403407632289,228.80172413793105,279.6465517241379,False,,,,,,,,,,,,,,,,,,,,,,,,,,,,,,,,,,
2.25,3.0,1.3333333333333333,410,247,163,3.13680000000204,1421.5325370398493,-1418.3957370398473,51.533742331288344,0.890073414955562,-0.8511644154187991,3594.8967253199517,3.555034407676541,41,18,104,-8.701814337667775,243.40030674846625,324.53374233128835,221,138,83,5382.101600000009,719.6007333599174,4662.500866640093,60.24096385542169,2.007787455769809,4.7934103055388055,772.1483005799964,0.7720387918801797,14,19,50,56.17470923662762,229.09337349397592,305.4578313253012,False,,,,,,,,,,,,,,,,,,,,,,,,,,,,,,,,,,
2.5,0.25,0.1,410,55,355,189.83079999999984,3095.3659723996843,-2905.5351723996846,85.91549295774648,0.6577985962927033,-2.956339385846909,3403.4874152797274,3.3966942070507424,23,305,27,-8.184606119435731,270.2323943661972,27.02323943661972,221,28,193,1126.4436999999978,1676.2691494198116,-549.8254494198134,88.60103626943005,0.8406538432143366,-1.276948595747124,1325.4133547599486,1.3171815732628644,8,168,17,-2.848836525491261,258.860103626943,25.8860103626943,False,,,,,,,,,,,,,,,,,,,,,,,,,,,,,,,,,,
2.5,0.5,0.2,410,96,314,2245.686700000003,2737.994026939719,-492.30732693971623,78.02547770700637,0.9572888123451658,-0.3571410653904675,2571.151562459927,2.5563176221192254,30,240,44,-1.5678577291073765,270.3423566878981,54.068471337579616,221,57,164,1528.0267999999946,1423.4091955198708,104.61760448012421,77.4390243902439,1.0205064522664498,0.20922998990261532,1440.3130849599838,1.4278735813449834,10,120,34,0.6379122224397817,257.6524390243902,51.53048780487805,False,,,,,,,,,,,,,,,,,,,,,,,,,,,,,,,,,,
2.5,0.75,0.3,410,145,265,2449.212100000004,2310.583413459758,138.6286865402456,70.18867924528301,1.010908279176826,0.10688711319546154,1666.443514059938,1.6537039336953558,31,171,63,0.5231271190197948,270.1792452830189,81.05377358490566,221,73,148,2729.3129999999965,1284.3532921198594,1444.959707880137,72.97297297297297,1.2635139838699134,2.213609821501263,944.6899243599619,0.9277550948628681,11,100,37,9.763241269460385,257.19594594594594,77.15878378378379,False,,,,,,,,,,,,,,,,,,,,,,,,,,,,,,,,,,
2.5,1.0,0.4,410,181,229,2025.0606999999864,1997.0393866997742,28.02131330021325,63.75545851528385,1.0021358042750097,0.03353573696291268,2179.0905995799403,2.1442669329018225,32,124,73,0.12236381353804913,270.5240174672489,108.20960698689956,221,92,129,2676.192899999998,1119.1732548198975,1557.0196451801005,65.89147286821705,1.2698826932758287,2.1582517234196685,921.1105677599844,0.9014917435106119,13,75,41,12.069919730078299,256.5891472868217,102.63565891472868,False,,,,,,,,,,,,,,,,,,,,,,,,,,,,,,,,,,
2.5,1.25,0.5,410,201,209,3822.6757999999923,1823.2300883998068,1999.4457116001868,62.67942583732058,1.165188440824051,1.1994879699611907,2099.420102379954,2.0445547324160063,30,101,78,9.566725892823861,270.7894736842105,135.39473684210526,221,100,121,3555.1452999999974,1049.5283126198872,2505.6169873801114,65.28925619834712,1.4493267765017874,3.4294918420711538,948.336017759997,0.9223116261820183,13,62,46,20.707578408100094,255.6611570247934,127.8305785123967,False,,,,,,,,,,,,,,,,,,,,,,,,,,,,,,,,,,
2.5,1.5,0.6,410,221,189,1198.4744000000023,1648.7083415198258,-450.2339415198235,56.08465608465608,0.9657799764245892,-0.25570226643373517,2697.865260559891,2.671140133975773,33,70,86,-2.3821901667715526,270.63492063492066,162.38095238095238,221,110,111,3215.0202999999988,962.7862672199125,2252.2340327800866,60.36036036036037,1.3901679410626617,3.126031487905314,1196.849517399969,1.1569455004590863,14,48,49,20.29039669171249,255.9009009009009,153.54054054054055,False,,,,,,,,,,,,,,,,,,,,,,,,,,,,,,,,,,
2.5,1.75,0.7,410,231,179,1316.3286000000044,1561.398771199832,-245.07017119982726,55.3072625698324,0.9810708068779717,-0.12771386172926352,2785.6698188398877,2.757627950223647,32,57,90,-1.3691071016750127,270.58659217877096,189.41061452513966,221,116,105,4486.509899999994,910.7523161399,3575.7575838600937,62.857142857142854,1.6786563458647128,4.676266755021888,1063.8899053999776,1.0167177842501547,13,44,48,34.05483413200089,256.14285714285717,179.3,False,,,,,,,,,,,,,,,,,,,,,,,,,,,,,,,,,,
2.5,2.0,0.8,410,238,172,-98.20699999999354,1500.5953012398368,-1598.8023012398305,52.90697674418605,0.8826975075182204,-0.9411925820954804,3631.4236979198904,3.5947989486613485,35,42,95,-9.295362216510643,270.93023255813955,216.74418604651163,221,122,99,4940.561299999999,858.7765782199166,4081.7847217800813,63.63636363636363,1.7842179613640279,4.994605404225517,1097.3421293999854,1.0433078903123387,13,37,49,41.230148704849306,256.1363636363636,204.9090909090909,False,,,,,,,,,,,,,,,,,,,,,,,,,,,,,,,,,,
2.5,2.25,0.9,410,240,170,-330.1244999999968,1483.0101579398488,-1813.1346579398446,51.76470588235295,0.8680131324298058,-1.0613196461071714,4000.2825070198887,3.9655118626737846,36,34,100,-10.665497987881439,270.80882352941177,243.72794117647058,221,127,94,5081.471299999999,815.0712662199111,4266.400033780087,61.702127659574465,1.8165566054372868,5.08845279334762,987.0875793999876,0.93781935571357,13,35,46,45.38723440191582,255.31914893617022,229.7872340425532,False,,,,,,,,,,,,,,,,,,,,,,,,,,,,,,,,,,
2.5,2.5,1.0,410,247,163,-227.57329999999573,1421.934043699861,-1649.507343699856,52.14723926380368,0.8737972716424386,-0.953936826644208,3982.8722348799056,3.9437383991051815,34,28,101,-10.11967695521384,270.92024539877303,270.92024539877303,221,136,85,4805.2095000000045,736.9467607399182,4068.2627392600866,62.35294117647059,1.8316706629341266,4.873410785674,964.9688986999827,0.9187272291365289,13,25,47,47.86191457953043,254.61764705882354,254.61764705882354,False,,,,,,,,,,,,,,,,,,,,,,,,,,,,,,,,,,
2.5,2.75,1.1,410,249,161,165.36170000000538,1404.4081786998556,-1239.0464786998498,52.79503105590062,0.9047089231902053,-0.6955224507880715,3888.863783879904,3.846255734653397,34,24,103,-7.69594086148975,270.7919254658385,297.87111801242236,221,136,85,5258.16170000001,736.9599413799172,4521.201758620091,61.1764705882353,1.920533193228381,5.142371433949709,875.9600986999721,0.8311040670011501,13,22,50,53.19060892494225,254.61764705882354,280.07941176470587,False,,,,,,,,,,,,,,,,,,,,,,,,,,,,,,,,,,
2.5,3.0,1.2,410,253,157,-158.85079999999047,1369.431045999865,-1528.281845999856,52.22929936305732,0.8805093981873708,-0.874324760996014,3823.3661663798994,3.782054863004887,34,18,105,-9.734279273884432,270.7484076433121,324.8980891719745,221,140,81,5764.41170000001,702.3508393799196,5062.06086062009,62.96296296296296,2.14462322485455,5.469835667794606,698.2401160000009,0.6613237583761875,11,19,51,62.49457852617395,254.96913580246914,305.962962962963,False,,,,,,,,,,,,,,,,,,,,,,,,,,,,,,,,,,
2.75,0.25,0.09090909090909091,410,61,349,62.30230000000131,3043.0616448196943,-2980.759344819693,85.95988538681948,0.6481568563861136,-2.934815237195771,3478.711587699727,3.471768235396518,19,300,30,-8.540857721546399,297.18123209169056,27.016475644699142,221,28,193,1187.6936999999978,1676.2256994198124,-488.53199941981455,89.11917098445595,0.8564153390837357,-1.0936809009780162,1425.4333547599672,1.4173690155429248,7,169,17,-2.5312538830042204,284.7461139896373,25.8860103626943,False,,,,,,,,,,,,,,,,,,,,,,,,,,,,,,,,,,
2.75,0.5,0.18181818181818182,410,102,308,1794.2867000000026,2685.690425059722,-891.4037250597194,77.92207792207793,0.9237704605420823,-0.6244042973764302,2723.06883833991,2.7046002938643836,26,235,47,-2.8941679385055825,297.29464285714283,54.05357142857143,221,57,164,1558.2767999999946,1423.3509455198664,134.92585448012835,78.04878048780488,1.0264233118138746,0.2564032811106879,1587.9036703999736,1.5751444793874012,9,121,34,0.8227186248788314,283.4176829268293,51.53048780487805,False,,,,,,,,,,,,,,,,,,,,,,,,,,,,,,,,,,
2.75,0.75,0.2727272727272727,410,149,261,1840.9421000000034,2275.758613179758,-434.8165131797545,70.11494252873564,0.9667060688232504,-0.2565932722067945,2187.5221722198185,2.168667504407428,28,168,65,-1.6659636520297108,297.1369731800766,81.03735632183908,221,74,147,2777.712999999996,1275.7473201198554,1501.965679880141,73.46938775510205,1.2767873155655143,2.2601871181838877,1044.9599743599683,1.0270697312987616,9,100,38,10.217453604626808,283.2125850340136,77.23979591836735,False,,,,,,,,,,,,,,,,,,,,,,,,,,,,,,,,,,
2.75,1.0,0.36363636363636365,410,184,226,1350.350699999988,1970.9060624197696,-620.555362419781,63.716814159292035,0.9542425427655928,-0.35138614066597296,2534.319027179925,2.4976911332039284,30,122,74,-2.745820187698146,297.49889380530976,108.18141592920354,221,93,128,3009.842899999998,1110.6233328198973,1899.2195671801003,67.1875,1.344968320698091,2.67099149616321,1017.8799177600013,0.9970146062305495,10,76,42,14.837652868594533,282.583984375,102.7578125,False,,,,,,,,,,,,,,,,,,,,,,,,,,,,,,,,,,
2.75,1.25,0.45454545454545453,410,203,207,2952.880799999993,1805.8175991198004,1147.0632008801929,62.31884057971014,1.0902096773103336,0.6605599210672164,2430.18125237996,2.3755871255409136,29,100,78,5.541368120194169,297.7705314009662,135.3502415458937,221,103,118,3803.9852999999976,1023.8912672198912,2780.0940327801068,66.94915254237289,1.5241076381796617,3.8177897495404403,1045.1053677599994,1.0169692909087973,10,62,46,23.56011892186531,282.41101694915255,128.36864406779662,False,,,,,,,,,,,,,,,,,,,,,,,,,,,,,,,,,,
2.75,1.5,0.5454545454545454,410,224,186,129.639400000002,1622.7530924798143,-1493.1136924798125,55.376344086021504,0.8918020223188146,-0.8321613331560024,3666.6776445198775,3.6281211541147456,31,68,87,-8.027492970321573,297.7983870967742,162.43548387096774,221,113,108,3463.260299999997,937.1408418199154,2526.1194581800814,62.03703703703704,1.4591586539539851,3.4833728234913983,926.0806699999957,0.8951773561630945,10,48,50,23.389994983148902,282.7916666666667,154.25,False,,,,,,,,,,,,,,,,,,,,,,,,,,,,,,,,,,
2.75,1.75,0.6363636363636364,410,234,176,224.24360000000394,1535.4481721598224,-1311.2045721598174,54.54545454545454,0.9033211138266996,-0.7116530395348889,3777.736852799877,3.737407158743353,30,55,91,-7.450025978180781,297.75,189.47727272727272,221,118,103,4770.309899999992,893.6145027399033,3876.69539726009,64.07766990291263,1.779785790787414,5.027595292211951,881.3307199999836,0.8413013805867944,9,44,50,37.63781939087466,282.63592233009706,179.85922330097088,False,,,,,,,,,,,,,,,,,,,,,,,,,,,,,,,,,,
2.75,2.0,0.7272727272727273,410,241,169,-1319.2919999999938,1474.6492021998288,-2793.9412021998223,52.071005917159766,0.8049506115403458,-1.5563296060760599,4752.49523187989,4.70166903468381,33,40,96,-16.532196462720844,298.1390532544379,216.8284023668639,221,124,97,5224.861299999997,841.6301648199196,4383.231135180077,64.94845360824742,1.893166833846912,5.490964403284295,876.2145497599995,0.841665435932345,9,37,51,45.18794984721729,282.6829896907216,205.58762886597938,False,,,,,,,,,,,,,,,,,,,,,,,,,,,,,,,,,,
2.75,2.25,0.8181818181818182,410,244,166,-1747.450199999998,1448.3312710398395,-3195.781471039839,50.602409638554214,0.778961289484584,-1.7564641635063305,5308.861953119878,5.25947419571419,34,32,100,-19.251695608673728,298.0436746987952,243.8539156626506,221,129,92,5366.271299999997,797.9162528199164,4568.355047180082,63.04347826086957,1.927119226104851,5.566750414163655,852.4692997599923,0.8231695877405261,9,35,48,49.656033121522626,281.8152173913044,230.57608695652175,False,,,,,,,,,,,,,,,,,,,,,,,,,,,,,,,,,,
2.75,2.5,0.9090909090909091,410,251,159,-1689.6089999999979,1387.2556147998512,-3076.864614799848,50.943396226415096,0.7768089984356645,-1.6745562733847061,5336.162138979897,5.280479403581158,33,26,100,-19.351349778615397,298.17610062893084,271.0691823899371,221,138,83,5178.663000000003,719.8007780399239,4458.86222196008,63.85542168674698,1.9705245267786118,5.474793029603902,828.7240497599996,0.7953084429570798,9,26,48,53.72123158988048,281.12951807228916,255.5722891566265,False,,,,,,,,,,,,,,,,,,,,,,,,,,,,,,,,,,
2.75,2.75,1.0,410,253,157,-1346.673999999997,1369.7291497998463,-2716.403149799843,51.59235668789809,0.8019861381454251,-1.4448243567331243,5292.153087979896,5.230952077684117,33,22,102,-17.30193089044486,298.03343949044586,298.03343949044586,221,138,83,5653.365200000008,719.8096086799214,4933.555591320087,62.65060240963856,2.0692325903430655,5.733881565062395,804.9787997599924,0.7705944213004863,9,23,51,59.44042881108538,281.12951807228916,281.12951807228916,False,,,,,,,,,,,,,,,,,,,,,,,,,,,,,,,,,,
2.75,3.0,1.0909090909090908,410,257,153,-1720.8864999999926,1334.7514170998556,-3055.6379170998484,50.98039215686274,0.7737480945724345,-1.6496234822822018,5276.6548704798915,5.2164313624856895,33,16,104,-19.971489654247375,297.98856209150324,325.078431372549,221,142,79,6206.215200000011,685.1911866799244,5521.024013320087,64.55696202531645,2.3465190397046545,6.090327872299055,766.0106017599901,0.731193195881919,8,20,51,69.88637991544414,281.57911392405066,307.17721518987344,False,,,,,,,,,,,,,,,,,,,,,,,,,,,,,,,,,,
3.0,0.25,0.08333333333333333,410,61,349,619.8077000000031,3043.1155458996927,-2423.3078458996897,86.24641833810888,0.6945536929086309,-2.401748078384867,2921.2600887797307,2.9154293846657646,15,301,33,-6.943575489683925,324.1977077363897,27.016475644699142,221,30,191,1242.0336999999963,1658.9164714198166,-416.8827714198202,89.00523560209425,0.8735591402035924,-0.9215171416637397,1410.4311489199317,1.4031957884951523,5,167,19,-2.182632311098535,310.6806282722513,25.89005235602094,False,,,,,,,,,,,,,,,,,,,,,,,,,,,,,,,,,,
3.0,0.5,0.16666666666666666,410,102,308,2337.822100000005,2685.7149201397187,-347.8928201397132,78.24675324675324,0.9689310547265333,-0.2421289184221605,2246.178191419909,2.230944040434036,21,236,51,-1.1295221433107572,324.32142857142856,54.05357142857143,221,58,163,1433.6667999999936,1414.6523115198688,19.014488480125294,77.91411042944786,1.003673982609826,0.044577735519297154,1712.0170923999685,1.6999768851547838,7,120,36,0.11665330355905089,309.0368098159509,51.50613496932515,False,,,,,,,,,,,,,,,,,,,,,,,,,,,,,,,,,,
3.0,0.75,0.25,410,149,261,2130.1175000000085,2275.742836259757,-145.62533625974913,70.49808429118774,0.9886637826204516,-0.07572696975968805,1916.3556931199273,1.897993690490983,24,169,68,-0.5579514799224105,324.14942528735634,81.03735632183908,221,76,145,3002.4529999999954,1258.4040161198604,1744.0489838801354,74.48275862068967,1.3373771086439863,2.65933540483731,1115.5840963599621,1.0981904454565732,7,100,38,12.027924026759555,309.06206896551726,77.26551724137931,False,,,,,,,,,,,,,,,,,,,,,,,,,,,,,,,,,,
3.0,1.0,0.3333333333333333,410,186,224,2160.8276999999925,1953.4691494997746,207.35855050021814,64.28571428571429,1.016203308067897,0.14143800655915917,2672.5180971799273,2.6200548688791585,24,123,77,0.9257078147331167,324.46875,108.15625,221,95,126,3093.3328999999976,1093.3082788199017,2000.024621180096,67.46031746031747,1.3771932787403152,2.824527521620747,1114.649267759989,1.0937907054966838,9,75,42,15.87321127920711,308.3809523809524,102.7936507936508,False,,,,,,,,,,,,,,,,,,,,,,,,,,,,,,,,,,
3.0,1.25,0.4166666666666667,410,204,206,3887.347799999996,1797.1075321998069,2090.2402678001895,63.59223300970874,1.172302545931252,1.2088617139266253,2760.9424023799656,2.6841870196300284,24,103,79,10.146797416505775,324.84466019417476,135.35194174757282,221,105,116,3954.5252999999975,1006.5742032198928,2947.9510967801048,67.24137931034483,1.5888220788309666,4.10359935630312,1141.8747177600017,1.1131377657221169,8,61,47,25.413371523966422,308.19827586206895,128.41594827586206,False,,,,,,,,,,,,,,,,,,,,,,,,,,,,,,,,,,
3.0,1.5,0.5,410,226,184,1130.166400000004,1605.1446535598257,-474.9782535598224,56.52173913043478,0.963561564444228,-0.2600303817259025,3032.4507475998835,3.00056339084557,25,70,89,-2.5814035519555567,324.7826086956522,162.3913043478261,221,115,106,3586.3002999999962,919.8292778199186,2666.4710221800783,62.264150943396224,1.512441338957002,3.7134271012111397,1011.9601877599926,0.9855944563180036,8,47,51,25.155387001698852,308.6320754716981,154.31603773584905,False,,,,,,,,,,,,,,,,,,,,,,,,,,,,,,,,,,
3.0,1.75,0.5833333333333334,410,237,173,1494.4906000000055,1509.0400412398333,-14.549441239827104,56.06936416184971,0.9988426159212802,0.00931062879525008,2864.990263879896,2.834404708210088,24,57,92,-0.08410081641518558,324.64161849710985,189.3742774566474,221,120,101,4893.099899999992,876.3139887399038,4016.7859112600877,64.35643564356435,1.8645998313746015,5.260973680091842,963.4599877599976,0.9305364831252602,7,43,51,39.77015753722859,308.46534653465346,179.9381188118812,False,,,,,,,,,,,,,,,,,,,,,,,,,,,,,,,,,,
3.0,2.0,0.6666666666666666,410,244,166,-326.9137999999938,1448.2753450398395,-1775.189145039833,53.01204819277109,0.8679874819108091,-1.0024919446061316,4117.651716719891,4.073614938579665,27,41,98,-10.69391051228815,325.06626506024094,216.710843373494,221,127,94,5487.051299999994,815.721590819923,4671.329709180071,65.95744680851064,2.06019654020941,5.942352423239947,839.0252017599996,0.8078110867931522,6,36,52,49.69499690617097,308.8404255319149,205.89361702127658,False,,,,,,,,,,,,,,,,,,,,,,,,,,,,,,,,,,
3.0,2.25,0.75,410,247,163,-757.571999999998,1421.9474138798525,-2179.5194138798506,51.533742331288344,0.8398250011376257,-1.2128344747654698,4676.508437959899,4.6330033955837475,28,33,102,-13.371284747729145,324.95705521472394,243.71779141104295,221,132,89,5600.711299999995,772.0132288199184,4828.698071180076,64.04494382022472,2.090971272257576,5.950986980040123,839.0252017599996,0.8122941678109891,6,34,49,54.255034507641305,307.8876404494382,230.91573033707866,False,,,,,,,,,,,,,,,,,,,,,,,,,,,,,,,,,,
3.0,2.5,0.8333333333333334,410,254,156,-649.9807999999969,1360.8722076398644,-2010.8530076398606,51.92307692307693,0.8442273108333092,-1.1063022747355187,4654.05907381991,4.605494069011575,27,27,102,-12.890083382306798,325.09615384615387,270.91346153846155,221,141,80,5385.353000000001,693.9033040399277,4691.449695960073,65.0,2.146251618021598,5.811897941986634,839.0252017599996,0.8074905556293671,6,25,49,58.64312119950091,307.1625,255.96875,False,,,,,,,,,,,,,,,,,,,,,,,,,,,,,,,,,,
3.0,2.75,0.9166666666666666,410,256,154,-283.2957999999957,1343.3409926398608,-1626.6367926398561,52.5974025974026,0.873328201037011,-0.8715323872582685,4586.295272819916,4.533257142677979,27,23,104,-10.562576575583481,324.93506493506493,297.85714285714283,221,141,80,5933.315200000005,693.8974826799245,5239.417717320081,63.74999999999999,2.273963667727753,6.160006217941402,839.0252017599996,0.8049052064487491,6,23,51,65.49272146650101,307.1625,281.565625,False,,,,,,,,,,,,,,,,,,,,,,,,,,,,,,,,,,
3.0,3.0,1.0,410,261,149,-792.9482999999926,1299.768779939869,-2092.717079939862,52.348993288590606,0.8342558484034895,-1.1463813896830461,4697.642575319915,4.644027449424263,27,16,106,-14.045081073421892,325.1275167785235,325.1275167785235,221,144,77,6342.515200000011,667.8879706799273,5674.627229320083,64.93506493506493,2.5128063557580305,6.315579189751753,839.0252017599996,0.8025979045368161,6,20,51,73.69645752363743,307.3246753246753,307.3246753246753,False,,,,,,,,,,,,,,,,,,,,,,,,,,,,,,,,,,
