entry_time,exit_time,direction,entry_price,exit_price,shares,entry_z,exit_z,duration_bars,gross_pnl,costs,net_pnl,exit_reason
2024-08-23 12:48:00-04:00,2024-08-23 13:23:00-04:00,LONG,126.92538,127.78443800000001,157,-2.7977023283818196,0.729382368850546,35,142.86999999999946,9.096893999998752,133.77310600000072,TAKE_PROFIT
2024-08-26 13:03:00-04:00,2024-08-26 13:51:00-04:00,LONG,126.69753444,126.034788,157,-2.308189512281411,0.498315180982498,48,-96.11540000000022,9.034791079998566,-105.15019107999879,TAKE_PROFIT
2024-08-26 15:46:00-04:00,2024-08-26 15:49:00-04:00,LONG,126.29025299999999,126.364722,158,-1.6164113924482553,1.63330440496821,3,19.75,9.089897999998788,10.660102000001212,TAKE_PROFIT
2024-08-30 15:52:00-04:00,2024-08-30 15:56:00-04:00,LONG,119.253846,119.156164,167,-2.758971065670075,-2.3384384576101023,4,-8.349999999999525,9.131893999999111,-17.481893999998636,TAKE_PROFIT
2024-09-03 10:46:00-04:00,2024-09-03 11:09:00-04:00,LONG,110.52710099999999,110.73784800000001,180,-2.407575765761006,0.5857443615430606,23,45.90000000000174,9.22553999999702,36.67446000000472,TAKE_PROFIT
2024-09-03 12:10:00-04:00,2024-09-03 12:42:00-04:00,LONG,110.28205200000001,110.337928,181,-2.1989874182601037,0.8165659451844497,32,18.09999999999897,9.253443999999366,8.846555999999605,TAKE_PROFIT
2024-09-05 12:55:00-04:00,2024-09-05 14:53:00-04:00,LONG,106.811358,107.22855,187,-2.955848420545947,-0.1626802063240222,118,86.01999999999883,9.314095999998829,76.705904,TAKE_PROFIT
2024-09-06 14:06:00-04:00,2024-09-06 14:21:00-04:00,SHORT,102.23954800000001,102.080412,195,2.617041697344748,0.4984097816193344,15,39.000000000000554,9.333479999997058,29.666520000003494,TAKE_PROFIT
2024-09-11 12:01:00-04:00,2024-09-11 12:44:00-04:00,SHORT,111.162763,112.29245399999999,179,2.742745706722103,-0.09480053668831517,43,-194.2149999999989,9.252689000000046,-203.46768899999893,TAKE_PROFIT
2024-09-20 14:28:00-04:00,2024-09-20 14:53:00-04:00,SHORT,115.75774382,115.918179,172,2.760679893887139,-0.3556111770454562,25,-19.62519999999887,9.173650959999968,-28.798850959998838,TAKE_PROFIT
2024-09-23 10:44:00-04:00,2024-09-23 11:33:00-04:00,LONG,115.393074,115.641867,173,-2.631169113943742,0.7359120486536427,49,51.035000000000295,9.204810999999212,41.830189000001084,TAKE_PROFIT
2024-09-23 11:49:00-04:00,2024-09-23 12:28:00-04:00,SHORT,116.06758184,115.608117,172,2.6913801218338556,-0.1370862942068636,39,86.99760000000134,9.173647519999683,77.82395248000165,TAKE_PROFIT
2024-09-24 10:46:00-04:00,2024-09-24 11:22:00-04:00,LONG,115.76314799999999,116.9371079,172,-2.216369436429142,0.5873707409094594,36,209.92600000000022,9.2088971999978,200.7171028000024,TAKE_PROFIT
2024-09-24 11:43:00-04:00,2024-09-24 14:39:00-04:00,SHORT,119.39111700000001,121.259247,167,2.812236305006409,0.2074639738777676,176,-303.93999999999886,9.206710000000076,-313.14670999999896,TAKE_PROFIT
2024-09-24 15:14:00-04:00,2024-09-24 15:52:00-04:00,LONG,120.9181788,121.07578,165,-2.4581823477005393,0.2368402539511605,38,33.98999999999816,9.140802000000177,24.849197999997983,TAKE_PROFIT
2024-09-26 10:55:00-04:00,2024-09-26 11:43:00-04:00,LONG,123.68463197999999,123.71525199999999,161,-2.9429156106459082,0.1595828101076794,48,12.89610000000026,9.093276780000158,3.8028232200001018,TAKE_PROFIT
2024-09-26 15:28:00-04:00,2024-09-26 15:41:00-04:00,SHORT,124.35112480000001,123.954786,160,2.8386654676982,-0.23511772977468928,13,71.35999999999967,9.065791999998165,62.294208000001504,TAKE_PROFIT
2024-09-27 13:02:00-04:00,2024-09-27 13:37:00-04:00,LONG,120.93488214,120.29673584000001,165,-2.85111153327823,0.1430461210717988,35,-97.33350000000002,9.115639499998052,-106.44913949999807,TAKE_PROFIT
2024-09-30 14:14:00-04:00,2024-09-30 14:38:00-04:00,SHORT,120.32593,119.83376195999999,166,3.0629417428042354,-0.07189624078042443,24,89.67319999999978,9.135305359998135,80.53789464000164,TAKE_PROFIT
2024-10-02 13:52:00-04:00,2024-10-02 14:20:00-04:00,LONG,118.44818489999999,118.70245476000001,168,-3.1021246660443977,1.029600737353709,28,50.68560000000184,9.144263519998118,41.54133648000372,TAKE_PROFIT
2024-10-04 09:59:00-04:00,2024-10-04 10:52:00-04:00,SHORT,123.15906326000001,123.364668,162,2.7810811839348317,-0.6084641442333626,53,-25.32060000000027,9.121367879997152,-34.44196787999742,TAKE_PROFIT
2024-10-08 13:52:00-04:00,2024-10-08 14:05:00-04:00,SHORT,132.348525,132.366468,151,2.414595136069139,-0.9712122229545678,13,5.284999999999485,9.05139299999986,-3.7663930000003756,TAKE_PROFIT
2024-10-09 14:30:00-04:00,2024-10-09 15:10:00-04:00,SHORT,132.613472,132.251445,150,3.1945821538174535,0.637035528353877,40,62.249999999998806,8.995949999997027,53.25405000000178,TAKE_PROFIT
2024-10-14 14:37:00-04:00,2024-10-14 14:39:00-04:00,LONG,138.68773199999998,138.80223400000003,144,-1.40821694731329,-0.04681191844468285,2,24.480000000002292,8.999711999995913,15.480288000006379,TAKE_PROFIT
2024-10-15 09:48:00-04:00,2024-10-15 10:49:00-04:00,LONG,136.14862427999998,132.043586,146,-2.2041604451291956,0.17636210506110908,61,-591.5044000000001,8.853188879996035,-600.3575888799962,TAKE_PROFIT
2024-10-16 13:14:00-04:00,2024-10-16 14:13:00-04:00,SHORT,135.08797700000002,135.94708398,148,2.7325454827781823,-0.22431914983927748,59,-119.12520000000052,9.058633039996321,-128.18383303999684,TAKE_PROFIT
2024-10-16 14:23:00-04:00,2024-10-16 14:41:00-04:00,LONG,136.0532052,136.25284398,147,-2.7958006572054144,0.2133621178732896,18,37.35269999999912,9.03479934000109,28.317900659998028,TAKE_PROFIT
2024-10-16 15:41:00-04:00,2024-10-16 15:56:00-04:00,LONG,135.53710199999998,135.59787500000002,147,-2.6904160244691164,-1.63563539985253,15,16.905000000001337,9.000368999995434,7.904631000005903,TAKE_PROFIT
2024-10-18 13:32:00-04:00,2024-10-18 14:12:00-04:00,SHORT,138.292336,138.257646,144,2.493856526554731,0.00045973397225256625,40,12.960000000000491,8.97263999999878,3.9873600000017113,TAKE_PROFIT
2024-10-21 10:47:00-04:00,2024-10-21 11:48:00-04:00,SHORT,140.241946,141.063207,142,2.515305565900476,-0.4293794849375406,61,-108.62999999999806,8.9830620000009,-117.61306199999896,TAKE_PROFIT
2024-10-23 10:06:00-04:00,2024-10-23 10:33:00-04:00,LONG,139.19783399999997,140.4549034,143,-2.643653348316697,0.33788259263329024,27,187.75900000000237,8.99907579999745,178.75992420000492,TAKE_PROFIT
2024-10-24 14:25:00-04:00,2024-10-24 15:13:00-04:00,SHORT,139.97110018,140.0535051,142,2.822890735673823,-0.7823526150432158,48,-3.748799999999335,8.946698639998914,-12.695498639998249,TAKE_PROFIT
2024-10-24 15:32:00-04:00,2024-10-24 15:56:00-04:00,SHORT,140.69175601999999,140.488092,142,2.5258698373468174,0.0846255803190267,24,36.90579999999824,8.979509159999537,27.9262908399987,TAKE_PROFIT
2024-10-25 12:19:00-04:00,2024-10-25 13:04:00-04:00,LONG,143.518698,143.281338,139,-2.271800458836304,0.3129265403162627,45,-25.020000000000948,8.946039999998407,-33.96603999999935,TAKE_PROFIT
2024-10-28 13:07:00-04:00,2024-10-28 14:37:00-04:00,SHORT,140.82192998,141.068208,142,2.7088080040879605,0.7374817236113903,90,-26.965799999999206,8.999678840001565,-35.96547884000077,TAKE_PROFIT
2024-10-29 12:47:00-04:00,2024-10-29 14:17:00-04:00,LONG,141.468288,141.366721,141,-2.8280540885313927,0.5620353307593385,90,-6.344999999998237,8.962947000000161,-15.307946999998398,TAKE_PROFIT
2024-10-29 15:37:00-04:00,2024-10-29 15:56:00-04:00,LONG,141.923379,141.341726,140,-2.966425109249223,-2.354839068415819,19,-73.5000000000008,8.911420000001595,-82.4114200000024,TAKE_PROFIT
2024-10-30 12:52:00-04:00,2024-10-30 13:34:00-04:00,SHORT,140.17195999999998,139.567908,142,2.8208586594007605,-0.4938426297916231,42,93.71999999999952,8.93861600000011,84.7813839999994,TAKE_PROFIT
2024-10-30 14:12:00-04:00,2024-10-30 14:50:00-04:00,SHORT,140.06188202,140.03800199999998,142,2.7674848709962965,0.18841986164825184,38,11.345800000001304,8.948837159996259,2.3969628400050453,TAKE_PROFIT
2024-10-30 15:53:00-04:00,2024-10-30 15:56:00-04:00,SHORT,139.882018,139.372869,142,2.747575327943482,1.3021114052072793,3,80.22999999999968,8.924842000002599,71.30515799999708,TAKE_PROFIT
2024-10-31 11:54:00-04:00,2024-10-31 12:14:00-04:00,LONG,132.49649399999998,133.478299,150,-2.930269120548555,0.22776817065809798,20,155.2499999999995,9.029249999998218,146.22075000000126,TAKE_PROFIT
2024-10-31 14:54:00-04:00,2024-10-31 15:01:00-04:00,LONG,132.186432,132.92840900000002,151,-2.8547222689138274,0.788960392909319,7,120.0450000000024,9.063472999999403,110.981527000003,TAKE_PROFIT
2024-11-01 11:10:00-04:00,2024-11-01 11:32:00-04:00,LONG,136.08711198,136.852624,146,-2.8787145325118932,0.03419360813423227,22,119.73459999999949,8.991845080001164,110.74275491999832,TAKE_PROFIT
2024-11-04 11:15:00-05:00,2024-11-04 12:17:00-05:00,SHORT,138.76064232,137.347464,144,2.694743288321294,-0.516929073593278,62,211.44960000000037,8.959921920002405,202.48967807999796,TAKE_PROFIT
2024-11-05 15:42:00-05:00,2024-11-05 15:53:00-05:00,LONG,139.452885,139.59207600000002,143,-2.504442968619177,0.01770457768298309,11,27.884999999999025,8.981686999997459,18.903313000001567,TAKE_PROFIT
2024-11-07 13:17:00-05:00,2024-11-07 13:32:00-05:00,LONG,147.72954,147.74044600000002,135,-2.5673993398218458,0.5709889023016308,15,9.450000000002916,8.922689999998319,0.5273100000045972,TAKE_PROFIT
2024-11-07 15:18:00-05:00,2024-11-07 15:44:00-05:00,LONG,148.36976802,148.275339,134,-2.948622495716155,-0.0007348246262566578,26,-4.703399999999988,8.888088680000932,-13.59148868000092,TAKE_PROFIT
2024-11-08 11:05:00-05:00,2024-11-08 11:13:00-05:00,LONG,146.594313,147.350524,136,-2.38550887342028,0.9107006344132781,8,110.83999999999969,8.947303999998669,101.89269600000102,TAKE_PROFIT
2024-11-08 15:18:00-05:00,2024-11-08 15:56:00-05:00,SHORT,147.290536,147.609516,135,2.4546901815743785,1.4560404487472527,38,-35.10000000000261,8.907299999998806,-44.007300000001415,TAKE_PROFIT
2024-11-11 14:42:00-05:00,2024-11-11 15:29:00-05:00,SHORT,145.20715276,145.399074,137,2.735274980641918,-0.5172099595747176,47,-18.330600000001084,8.921609879998808,-27.252209879999892,TAKE_PROFIT
2024-11-13 11:38:00-05:00,2024-11-13 12:25:00-05:00,LONG,146.989392,147.010592,136,-2.9741167409841793,0.3022267169470128,47,10.879999999997835,8.948799999998757,1.9311999999990785,TAKE_PROFIT
2024-11-14 10:02:00-05:00,2024-11-14 11:44:00-05:00,SHORT,147.81783052,148.85896584,135,2.621086101979906,-0.10185722482464808,102,-132.542999999999,8.955268200000326,-141.49826819999933,TAKE_PROFIT
2024-11-15 10:24:00-05:00,2024-11-15 10:55:00-05:00,LONG,142.44848399999998,142.9654012,140,-2.0032206265211485,-0.024106335930855833,31,80.36000000000172,8.971591999998491,71.38840800000322,TAKE_PROFIT
2024-11-18 15:19:00-05:00,2024-11-18 15:42:00-05:00,SHORT,140.93180800000002,140.403075,141,2.8881520210931657,-0.01907945676841696,23,82.48500000000112,8.920646999998757,73.56435300000237,TAKE_PROFIT
2024-11-22 14:16:00-05:00,2024-11-22 14:36:00-05:00,LONG,141.39217278,141.83162800000002,141,-2.1370596939016715,0.866045598616089,20,69.95010000000178,8.973913979999883,60.9761860200019,TAKE_PROFIT
2024-11-27 13:16:00-05:00,2024-11-27 13:28:00-05:00,LONG,133.42688004000001,133.47320002,149,-2.3918989102772117,0.38247442380580804,12,14.85529999999767,8.996622979998754,5.858677019998915,TAKE_PROFIT
2024-11-27 15:05:00-05:00,2024-11-27 15:56:00-05:00,SHORT,134.888017,135.067008,148,2.1495719609449124,1.42478392610071,51,-18.5,9.026667999999459,-27.52666799999946,TAKE_PROFIT
2024-12-04 15:49:00-05:00,2024-12-04 15:56:00-05:00,LONG,145.034001,145.07098,137,-2.730266150630563,-0.9891749859493364,7,13.014999999999844,8.907876999999527,4.107123000000318,TAKE_PROFIT
2024-12-05 13:28:00-05:00,2024-12-05 14:08:00-05:00,LONG,144.78085038,144.676059,138,-2.540614988404937,0.18880875179472473,40,-6.472199999999134,8.955010440000128,-15.427210439999262,TAKE_PROFIT
2024-12-06 14:33:00-05:00,2024-12-06 14:45:00-05:00,SHORT,142.561482,142.473489,140,1.9434869949846225,-0.3011895604061756,12,20.300000000001432,8.960979999999818,11.339020000001614,TAKE_PROFIT
2024-12-09 13:57:00-05:00,2024-12-09 15:19:00-05:00,LONG,139.147824,138.292336,143,-2.7913377903329666,0.5783697207029738,82,-114.40000000000163,8.935783999999552,-123.33578400000118,TAKE_PROFIT
2024-12-10 14:40:00-05:00,2024-12-10 14:45:00-05:00,LONG,135.217038,135.60377382,147,-2.662676749256959,0.1763357996377344,5,64.81229999999988,8.991134460002204,55.82116553999768,TAKE_PROFIT
2024-12-10 14:58:00-05:00,2024-12-10 15:15:00-05:00,LONG,135.02049870000002,134.913012,148,-2.116579060900781,0.20487456143323549,17,-7.918000000002053,9.026031599999383,-16.944031600001438,TAKE_PROFIT
2024-12-11 15:54:00-05:00,2024-12-11 15:56:00-05:00,LONG,139.26784800000001,139.31213200000002,143,-2.1520905115054885,-0.9314545425972323,2,14.299999999999187,8.968387999998521,5.331612000000666,TAKE_PROFIT
2024-12-16 13:08:00-05:00,2024-12-16 13:20:00-05:00,SHORT,131.89201631999998,131.561307,151,2.7180761465914896,-0.19340124804240327,12,57.89339999999919,9.01329268000181,48.88010731999738,TAKE_PROFIT
2024-12-16 14:36:00-05:00,2024-12-16 14:56:00-05:00,SHORT,132.22355,131.91637799999998,151,2.4396702350100195,-0.19518518260817552,20,54.36000000000206,9.034028000000786,45.32597200000127,TAKE_PROFIT
2024-12-17 11:42:00-05:00,2024-12-17 13:01:00-05:00,SHORT,130.19395600000001,130.72614,153,2.8976527959975718,-0.13188872982131444,79,-73.43999999999843,9.055151999997351,-82.49515199999578,TAKE_PROFIT
2024-12-18 14:11:00-05:00,2024-12-18 14:51:00-05:00,LONG,133.966788,133.713252,149,-2.724980648001092,1.1385465673137105,40,-29.799999999998306,9.019864000001228,-38.819863999999534,TAKE_PROFIT
2024-12-19 14:01:00-05:00,2024-12-19 14:23:00-05:00,SHORT,132.70525364,132.206436,150,2.5484107331184216,0.1102628079020281,22,82.76999999999788,8.997353999998086,73.7726459999998,TAKE_PROFIT
2024-12-19 15:38:00-05:00,2024-12-19 15:42:00-05:00,LONG,131.11611797999998,131.558683,152,-1.516249132970655,0.1781033547152347,4,75.2552000000012,9.0493169599985,66.2058830400027,TAKE_PROFIT
2024-12-20 13:18:00-05:00,2024-12-20 13:54:00-05:00,LONG,133.736742,134.028189,149,-2.6580671028526615,0.6806914128204548,36,51.40499999999983,9.022396999999067,42.38260300000076,TAKE_PROFIT
2024-12-23 13:04:00-05:00,2024-12-23 14:32:00-05:00,SHORT,138.46230200000002,139.22753994,144,1.6624404597873192,0.21966383297502842,88,-102.19679999999971,9.005463359999073,-111.20226335999878,TAKE_PROFIT
2024-12-24 11:53:00-05:00,2024-12-24 12:26:00-05:00,LONG,140.7976539,140.91371162000002,142,-2.784201299751973,-0.10197482922316538,33,24.480800000001466,8.994603759999364,15.486196240002101,TAKE_PROFIT
2024-12-26 15:39:00-05:00,2024-12-26 15:42:00-05:00,LONG,140.01789798000001,140.176959,142,-2.8262141153790603,0.29569085680833834,3,30.544200000000956,8.951535160001555,21.5926648399994,TAKE_PROFIT
2024-12-27 11:31:00-05:00,2024-12-27 12:00:00-05:00,SHORT,136.71255202,136.057206,146,2.9308967366863943,0.19211923505474035,29,103.64540000000068,8.986881080001249,94.65851891999942,TAKE_PROFIT
2024-12-30 13:55:00-05:00,2024-12-30 14:22:00-05:00,LONG,139.437882,139.042186,143,-2.713038231462665,0.09335887628159621,27,-48.62000000000049,8.965528000001678,-57.585528000002164,TAKE_PROFIT
2025-01-03 11:34:00-05:00,2025-01-03 12:15:00-05:00,LONG,143.45908608,143.701254,139,-2.7847849269189613,-0.2199214935734423,41,41.644399999999735,8.956059119997763,32.688340880001974,TAKE_PROFIT
2025-01-03 12:46:00-05:00,2025-01-03 13:18:00-05:00,SHORT,144.1291684,144.218838,138,3.151718179759678,-0.7995345997087518,32,-4.416000000001475,8.924404799999584,-13.340404800001059,TAKE_PROFIT
2025-01-03 15:47:00-05:00,2025-01-03 15:56:00-05:00,SHORT,144.536087,144.358866,138,2.7724573913950854,0.44933753379351593,9,32.42999999999796,8.939501999997551,23.490498000000407,TAKE_PROFIT
2025-01-06 14:13:00-05:00,2025-01-06 14:42:00-05:00,LONG,150.095013,150.299934,133,-2.795719113004129,0.29763298379138386,29,35.245000000001966,8.921507000000236,26.32349300000173,TAKE_PROFIT
2025-01-06 15:38:00-05:00,2025-01-06 15:56:00-05:00,LONG,150.29005199999997,149.260142,133,-2.727152062046433,-2.067416746449186,18,-129.00999999999985,8.899029999996504,-137.90902999999636,TAKE_PROFIT
2025-01-07 14:14:00-05:00,2025-01-07 15:03:00-05:00,LONG,142.148424,141.21175200000002,140,-2.322486300717214,1.260467435186533,49,-123.19999999999936,8.914079999998858,-132.1140799999982,TAKE_PROFIT
2025-01-10 15:16:00-05:00,2025-01-10 15:53:00-05:00,SHORT,135.86272202,135.75714599999998,147,2.075154084817557,0.01190044463070403,37,23.50530000000319,9.014625059998881,14.490674940004308,TAKE_PROFIT
2025-01-15 10:57:00-05:00,2025-01-15 12:03:00-05:00,SHORT,135.162962,133.94688402,147,2.6883759164441736,0.19994040393987356,66,186.67530000000102,8.940836940001848,177.73446305999917,TAKE_PROFIT
2025-01-16 13:16:00-05:00,2025-01-16 13:42:00-05:00,LONG,134.841963,134.083178,148,-2.1705796515695526,0.1998130783195139,26,-104.33999999999764,8.996180000000718,-113.33617999999836,TAKE_PROFIT
2025-01-22 13:47:00-05:00,2025-01-22 14:55:00-05:00,SHORT,147.350524,147.54770364,135,2.65103128986664,0.6487328647852841,68,-18.657000000001602,8.907251399998621,-27.564251400000224,TAKE_PROFIT
2025-01-27 11:31:00-05:00,2025-01-27 11:52:00-05:00,LONG,119.17383000000001,120.485898,167,-2.9943048838194684,0.24436384931923735,21,227.1199999999999,9.173644000000497,217.94635599999938,TAKE_PROFIT
2025-01-28 13:57:00-05:00,2025-01-28 14:30:00-05:00,SHORT,126.5551839,126.79535399999999,158,2.482434699932256,-0.13704193996849592,33,-29.940999999999264,9.111875799998534,-39.0528757999978,TAKE_PROFIT
2025-01-28 15:45:00-05:00,2025-01-28 15:56:00-05:00,SHORT,127.699455,128.405676,156,2.4177603733463897,1.5448805851541603,11,-102.18000000000018,9.082475999999717,-111.2624759999999,TAKE_PROFIT
2025-01-31 13:36:00-05:00,2025-01-31 14:32:00-05:00,SHORT,124.02019100000001,122.78975304,161,2.5466812343430236,0.10588042750407578,56,206.04780000000142,9.074288439998588,196.97351156000283,TAKE_PROFIT
2025-02-04 15:54:00-05:00,2025-02-04 15:56:00-05:00,LONG,118.48369199999999,118.58627800000001,168,-2.8937539035547024,-2.04350286008015,2,25.200000000000955,9.141551999998184,16.05844800000277,TAKE_PROFIT
2025-02-05 13:30:00-05:00,2025-02-05 14:21:00-05:00,LONG,123.25464600000001,123.47010104,162,-2.152958221637737,-0.11118440193323811,51,42.89759999999902,9.127883519999855,33.76971647999916,TAKE_PROFIT
2025-02-06 10:41:00-05:00,2025-02-06 11:17:00-05:00,SHORT,126.544686,126.805356,158,2.4360787054223243,-0.0531403927065043,36,-33.18000000000126,9.111859999999472,-42.29186000000073,TAKE_PROFIT
2025-02-06 11:43:00-05:00,2025-02-06 12:38:00-05:00,SHORT,127.004594,127.730541,157,2.3102961064127547,-0.801909129262617,55,-105.97499999999955,9.097679000001232,-115.07267900000079,TAKE_PROFIT
2025-02-06 14:38:00-05:00,2025-02-06 15:25:00-05:00,SHORT,127.404514,128.055606,156,2.725767914359667,-0.4594894521443252,47,-93.59999999999911,9.062352000001754,-102.66235200000087,TAKE_PROFIT
2025-02-06 15:49:00-05:00,2025-02-06 15:56:00-05:00,LONG,128.22063899999998,128.57927899999999,155,-2.8335813095787032,-2.165609710439295,7,63.54999999999947,9.045799999998188,54.50420000000128,TAKE_PROFIT
2025-02-10 11:48:00-05:00,2025-02-10 12:06:00-05:00,LONG,133.26084683999997,133.533288,150,-2.338858996144165,-0.12970293178023398,18,48.87000000000228,9.053825999998072,39.81617400000421,TAKE_PROFIT
2025-02-12 14:08:00-05:00,2025-02-12 14:21:00-05:00,LONG,130.48499178,130.70385399999998,153,-2.57307549642561,0.30763519416030255,13,41.478299999998455,9.063380340001972,32.414919659996485,TAKE_PROFIT
2025-02-18 10:37:00-05:00,2025-02-18 11:14:00-05:00,LONG,139.9989942,140.98169801999998,142,-2.8250357084291613,0.5834163434000292,37,147.52379999999772,8.973857560000084,138.54994243999764,TAKE_PROFIT
2025-02-18 15:38:00-05:00,2025-02-18 15:56:00-05:00,LONG,138.96778799999998,138.80223400000003,143,-3.036321015015235,-1.7672436222640155,18,-15.729999999997887,8.945221999996045,-24.67522199999393,TAKE_PROFIT
2025-02-19 10:33:00-05:00,2025-02-19 11:12:00-05:00,SHORT,139.976999,140.083011,142,2.8038887253264164,-0.48338021961557226,39,-7.100000000001614,8.947703999997344,-16.04770399999896,TAKE_PROFIT
2025-02-21 12:07:00-05:00,2025-02-21 12:36:00-05:00,SHORT,139.64706500000003,138.53780202,143,2.675717426888193,-0.07621336503506261,29,166.58070000000245,8.957093859996798,157.62360614000565,TAKE_PROFIT
2025-02-24 14:12:00-05:00,2025-02-24 14:59:00-05:00,LONG,133.56670799999998,132.62347,149,-2.699345056167153,-0.2531378456235957,47,-132.60999999999797,8.975461999998991,-141.58546199999697,TAKE_PROFIT
2025-02-26 12:37:00-05:00,2025-02-26 13:38:00-05:00,SHORT,132.43350800000002,130.41607799999997,151,2.443213451701567,0.07244292569611356,61,312.57000000000323,8.995069999996145,303.5749300000071,TAKE_PROFIT
2025-03-04 12:54:00-05:00,2025-03-04 13:09:00-05:00,SHORT,115.76564223999999,116.408277,172,1.331323903135012,-0.8163790657768629,15,-102.54640000000177,9.19077871999945,-111.73717872000122,TAKE_PROFIT
2025-03-04 15:53:00-05:00,2025-03-04 15:56:00-05:00,SHORT,115.146966,116.188233,173,2.866439482516359,2.040907591934045,3,-172.1350000000008,9.21519099999759,-181.35019099999838,TAKE_PROFIT
2025-03-05 14:08:00-05:00,2025-03-05 14:59:00-05:00,LONG,117.62351999999998,117.696456,170,-2.991795555493089,0.5434644380203056,51,20.400000000000773,9.190879999998602,11.209120000002171,TAKE_PROFIT
2025-03-05 15:52:00-05:00,2025-03-05 15:56:00-05:00,SHORT,117.556484,117.69543438,170,2.280848802644011,-0.17029095129667157,4,-15.622999999999223,9.188564600000293,-24.811564599999514,TAKE_PROFIT
2025-03-06 10:09:00-05:00,2025-03-06 11:16:00-05:00,LONG,114.78295200000001,114.64706600000001,174,-2.3958358492711325,0.2065224446427048,67,-15.660000000000593,9.202163999999282,-24.862163999999876,TAKE_PROFIT
2025-03-07 14:53:00-05:00,2025-03-07 15:48:00-05:00,SHORT,111.76764200000001,112.16242799999999,178,2.4279396931638866,-0.8942059223889678,55,-62.29999999999899,9.217907999997825,-71.51790799999681,TAKE_PROFIT
2025-03-12 12:41:00-04:00,2025-03-12 13:12:00-04:00,SHORT,115.98679800000001,115.76314799999999,172,2.4832538993768094,-0.12145833395706544,31,46.44000000000176,9.176199999998225,37.263800000003535,TAKE_PROFIT
2025-03-14 14:42:00-04:00,2025-03-14 15:10:00-04:00,LONG,120.58401198,120.89591598000001,165,-2.674250472322206,-0.49754583642247,28,59.433000000001,9.12383999999892,50.30916000000208,TAKE_PROFIT
2025-03-14 15:41:00-04:00,2025-03-14 15:56:00-04:00,SHORT,120.85592398,121.604316,165,2.7753581127344615,1.6551986704178023,15,-115.48349999999992,9.15618329999961,-124.63968329999953,TAKE_PROFIT
2025-03-17 15:36:00-04:00,2025-03-17 15:55:00-04:00,LONG,120.204036,119.971001,166,-2.3514872163274374,1.767203106340508,19,-30.710000000000377,9.135809999999786,-39.845810000000164,TAKE_PROFIT
2025-03-19 12:13:00-04:00,2025-03-19 12:20:00-04:00,SHORT,117.80533422,117.408477,169,2.5868325608439346,0.5840667278153199,7,75.01909999999988,9.133229819999691,65.88587018000018,TAKE_PROFIT
2025-03-19 14:46:00-04:00,2025-03-19 15:56:00-04:00,LONG,119.10881699999999,117.74644599999999,167,-2.4381469502704496,-1.625935222750959,70,-219.60499999999962,9.079956999999713,-228.68495699999934,TAKE_PROFIT
2025-03-21 11:43:00-04:00,2025-03-21 12:10:00-04:00,SHORT,116.31663202,116.92338000000001,171,2.496069281149395,-0.05451283996108594,27,-95.77710000000096,9.173804580000517,-104.95090458000148,TAKE_PROFIT
2025-03-24 13:20:00-04:00,2025-03-24 13:36:00-04:00,LONG,121.44928499999999,121.785638,164,-2.9389779546760635,0.19077603034443893,16,63.14000000000084,9.126107999998087,54.013892000002755,TAKE_PROFIT
2025-03-24 15:38:00-04:00,2025-03-24 15:56:00-04:00,LONG,121.549305,121.580679,164,-2.683881979336114,-3.0200082739662237,18,13.11999999999972,9.12266399999979,3.9973359999999296,TAKE_PROFIT
2025-03-25 15:37:00-04:00,2025-03-25 15:41:00-04:00,SHORT,121.040787,121.02920099999999,165,0.9405314465682598,-1.7769914774213726,4,9.900000000000375,9.143309999999003,0.7566900000013721,TAKE_PROFIT
2025-03-26 11:59:00-04:00,2025-03-26 12:39:00-04:00,LONG,114.13282199999999,114.132169,175,-2.5714172574011616,0.7891063737149341,40,7.875000000000298,9.214274999997775,-1.3392749999974765,TAKE_PROFIT
2025-03-26 13:41:00-04:00,2025-03-26 13:55:00-04:00,LONG,113.0115978,113.187358,176,-2.6366884108062507,-0.6016871658109041,14,38.89599999999814,9.194204799998289,29.70179519999985,TAKE_PROFIT
2025-03-27 12:08:00-04:00,2025-03-27 12:36:00-04:00,LONG,112.32245999999999,112.4775,178,-2.3373392015805563,-0.1395331529516423,28,35.600000000000506,9.248879999998044,26.35112000000246,TAKE_PROFIT
2025-03-28 15:51:00-04:00,2025-03-28 15:56:00-04:00,LONG,109.491894,109.70305499999999,182,-1.9728530808817013,-2.052980779366844,5,46.40999999999917,9.252698000001004,37.15730199999817,TAKE_PROFIT
2025-03-31 12:42:00-04:00,2025-03-31 13:00:00-04:00,SHORT,105.998796,105.40107599999999,188,2.2808258056340347,-0.2219302944980547,18,120.3200000000001,9.264639999998307,111.0553600000018,TAKE_PROFIT
2025-04-01 11:20:00-04:00,2025-04-01 12:36:00-04:00,SHORT,109.03318900000001,109.156827,183,2.4464874028936197,-0.628699560054915,76,-14.639999999999688,9.266754000000256,-23.906753999999943,TAKE_PROFIT
2025-04-01 14:04:00-04:00,2025-04-01 14:41:00-04:00,LONG,108.191634,107.988398,184,-2.7632142981508254,0.15009608247572356,37,-29.439999999999372,9.243423999998743,-38.68342399999811,TAKE_PROFIT
2025-04-02 11:23:00-04:00,2025-04-02 12:05:00-04:00,SHORT,109.77804,109.84196399999999,182,2.3669707271770455,-0.30817611940833145,42,-3.639999999999276,9.268167999998155,-12.908167999997431,TAKE_PROFIT
2025-04-03 10:52:00-04:00,2025-04-03 11:32:00-04:00,LONG,102.73954379999999,103.39431700000002,194,-2.5441428214528123,0.22313369668285515,40,135.02400000000236,9.35599919999802,125.66800080000434,TAKE_PROFIT
2025-04-07 14:31:00-04:00,2025-04-07 14:37:00-04:00,LONG,97.629522,98.650266,204,-2.7114860381868344,-0.990270584932186,6,216.24000000000046,9.436223999998905,206.80377600000156,TAKE_PROFIT
2025-04-09 13:30:00-04:00,2025-04-09 14:12:00-04:00,LONG,106.491294,111.002795,187,-2.1641100476137956,0.036494896770150526,42,851.7850000000012,9.443312999999451,842.3416870000018,TAKE_PROFIT
2025-04-11 13:46:00-04:00,2025-04-11 13:53:00-04:00,LONG,110.382072,111.01779200000001,181,-2.8131611530760345,-0.04074378182763713,7,123.08000000000123,9.281679999997525,113.79832000000371,TAKE_PROFIT
2025-04-14 10:52:00-04:00,2025-04-14 11:06:00-04:00,LONG,112.56590868,112.07758,177,-2.965962201834322,0.9582057180751645,14,-78.48180000000197,9.191376359999676,-87.67317636000165,TAKE_PROFIT
2025-04-14 15:52:00-04:00,2025-04-14 15:56:00-04:00,SHORT,111.22775,110.90227602,179,1.6006146738597775,2.1569736643114266,4,66.21210000000022,9.205257580000549,57.00684241999967,TAKE_PROFIT
2025-04-15 13:32:00-04:00,2025-04-15 13:50:00-04:00,LONG,112.13242199999999,112.51249299999999,178,-2.154413805538486,1.3356615765907875,18,75.6499999999995,9.243361999999328,66.40663800000017,TAKE_PROFIT
2025-04-16 13:35:00-04:00,2025-04-16 14:16:00-04:00,SHORT,103.284339,102.10541699999999,193,2.9829895795573576,-0.20385520093401252,41,235.46000000000254,9.279053999999775,226.18094600000276,TAKE_PROFIT
2025-04-21 15:24:00-04:00,2025-04-21 15:56:00-04:00,LONG,95.689134,96.84502712000001,209,-2.890821885318921,-1.2926461606653072,32,249.62960000000035,9.510937919997012,240.11866208000333,TAKE_PROFIT
2025-04-22 12:02:00-04:00,2025-04-22 13:08:00-04:00,LONG,99.279852,99.165163,201,-2.549839836033923,-0.5310236063708523,66,-15.075000000000571,9.384488999999125,-24.459488999999696,TAKE_PROFIT
2025-04-22 13:19:00-04:00,2025-04-22 14:06:00-04:00,SHORT,98.650266,98.249646,202,2.928895451169669,-0.5602493452379633,47,88.87999999999954,9.368759999998828,79.51124000000071,TAKE_PROFIT
2025-04-22 15:47:00-04:00,2025-04-22 15:54:00-04:00,LONG,98.16402888,98.290338,203,-2.505956455887283,-1.0434659765953354,7,33.61679999999954,9.397048639999149,24.219751360000394,TAKE_PROFIT
2025-04-23 11:14:00-04:00,2025-04-23 13:08:00-04:00,SHORT,104.18915799999999,104.20083600000001,191,2.793567804943099,-0.329006186998081,114,5.729999999997503,9.297498000000868,-3.567498000003365,TAKE_PROFIT
2025-04-23 15:33:00-04:00,2025-04-23 15:56:00-04:00,LONG,102.5205,102.809434,195,-2.862900228916704,-1.221165728413343,23,64.34999999999967,9.37287000000014,54.977129999999526,TAKE_PROFIT
2025-04-25 11:39:00-04:00,2025-04-25 12:04:00-04:00,SHORT,108.868222,108.81995964,183,2.771365971042291,-0.333846234555895,25,16.799400000001157,9.2483881199994,7.551011880001758,TAKE_PROFIT
2025-04-28 15:21:00-04:00,2025-04-28 15:45:00-04:00,SHORT,108.10357496,108.291654,185,2.1815170542723132,-0.18638836760877442,24,-26.787999999998036,9.301622400000296,-36.08962239999833,TAKE_PROFIT
2025-04-30 15:53:00-04:00,2025-04-30 15:56:00-04:00,LONG,108.456687,108.618272,184,-3.064893804869327,-2.561126213261687,3,37.719999999999686,9.276359999999261,28.443640000000425,TAKE_PROFIT
2025-05-02 15:51:00-04:00,2025-05-02 15:53:00-04:00,SHORT,114.217152,114.202836,175,1.0926092742150106,-0.4729625963128452,2,10.499999999997911,9.219699999999,1.2802999999989115,TAKE_PROFIT
2025-05-05 10:03:00-04:00,2025-05-05 11:13:00-04:00,LONG,113.952786,113.557284,175,-2.806674090641114,0.5998990059182142,70,-61.25000000000149,9.187849999999832,-70.43785000000132,TAKE_PROFIT
2025-05-05 15:02:00-04:00,2025-05-05 15:56:00-04:00,SHORT,114.197156,113.96278799999999,175,1.9073882123506036,1.7769765261001746,54,49.0000000000002,9.210599999997106,39.78940000000309,TAKE_PROFIT
2025-05-06 12:27:00-04:00,2025-05-06 13:17:00-04:00,SHORT,113.037388,113.06190785999999,176,3.1035846078246854,0.4774386711011522,50,3.6432000000008884,9.190695359998045,-5.547495359997157,TAKE_PROFIT
2025-05-06 13:45:00-04:00,2025-05-06 14:43:00-04:00,SHORT,112.767442,113.747745,177,2.9339761597360012,0.4464312649657393,58,-165.4949999999979,9.257631000000725,-174.75263099999862,TAKE_PROFIT
2025-05-07 10:54:00-04:00,2025-05-07 12:17:00-04:00,SHORT,113.307334,113.72274,176,3.1914691284525314,-0.12833576677728753,83,-65.1200000000008,9.22345599999997,-74.34345600000077,TAKE_PROFIT
2025-05-08 09:50:00-04:00,2025-05-08 09:58:00-04:00,LONG,116.85836699999999,117.521491,171,-2.102620177122689,0.45731218033538773,8,121.41000000000136,9.212795999999567,112.19720400000179,TAKE_PROFIT
2025-05-09 10:23:00-04:00,2025-05-09 11:07:00-04:00,LONG,116.833362,116.446706,171,-2.789516247301178,0.305205960169526,44,-58.14000000000058,9.175175999997347,-67.31517599999793,TAKE_PROFIT
2025-05-09 13:48:00-04:00,2025-05-09 13:59:00-04:00,LONG,116.54330399999999,116.78663800000001,171,-2.5998564057633913,0.9273455576093906,11,49.59000000000107,9.17688599999789,40.413114000003176,TAKE_PROFIT
2025-05-12 15:38:00-04:00,2025-05-12 15:51:00-04:00,LONG,122.26444799999999,122.84042699999999,163,-2.761107784408055,0.941981441483659,13,101.875,9.131422999999382,92.74357700000061,TAKE_PROFIT
2025-05-13 14:03:00-04:00,2025-05-13 14:29:00-04:00,LONG,130.13102099999998,130.42291020000002,153,-2.597214614786853,0.0877446822232762,26,52.632000000003444,9.043952399996927,43.58804760000652,TAKE_PROFIT
2025-05-15 12:21:00-04:00,2025-05-15 13:32:00-04:00,SHORT,135.002994,136.04220299999997,148,2.5310157480806605,-0.6632453508880634,71,-145.7799999999978,9.058931999997922,-154.83893199999574,TAKE_PROFIT
2025-05-15 14:23:00-04:00,2025-05-15 14:29:00-04:00,LONG,134.87817024,135.292936,148,-2.792261942876264,0.16264868064039759,6,69.38239999999814,9.03306751999895,60.34933247999919,TAKE_PROFIT
2025-05-21 11:10:00-04:00,2025-05-21 11:42:00-04:00,LONG,135.32706000000002,136.15276400000002,147,-3.1193149863879026,0.47671013017180763,32,129.35999999999933,9.010511999999071,120.34948800000026,TAKE_PROFIT
2025-05-21 13:04:00-04:00,2025-05-21 14:10:00-04:00,SHORT,136.842626,133.486692,146,2.91475126027572,0.36167781373015045,66,497.8599999999995,8.915636000000868,488.94436399999864,TAKE_PROFIT
2025-05-22 11:42:00-04:00,2025-05-22 12:00:00-04:00,LONG,132.841563,133.393316,150,-2.352855371349728,0.8520087888096676,18,90.74999999999847,9.03704999999984,81.71294999999863,TAKE_PROFIT
2025-05-22 13:57:00-04:00,2025-05-22 14:34:00-04:00,LONG,133.466688,133.513292,149,-2.6761132203588884,0.3227441516842647,37,14.899999999999153,8.999003999998841,5.900996000000312,TAKE_PROFIT
2025-05-27 14:04:00-04:00,2025-05-27 14:47:00-04:00,LONG,135.37696997999998,135.257943,147,-3.1091100410328565,0.2443662756640138,43,-9.540299999999178,8.985666059996792,-18.52596605999597,TAKE_PROFIT
2025-05-27 14:57:00-04:00,2025-05-27 15:25:00-04:00,SHORT,135.31293200000002,135.222039,147,2.847382458375791,0.6130205407603261,28,21.315000000001504,8.98272899999819,12.332271000003313,TAKE_PROFIT
2025-05-28 11:35:00-04:00,2025-05-28 12:37:00-04:00,SHORT,135.74704516,136.01219700000001,147,2.9831887313299292,-0.9669742487077093,62,-30.987600000000896,9.01872048000141,-40.0063204800023,TAKE_PROFIT
2025-05-28 13:31:00-04:00,2025-05-28 14:29:00-04:00,SHORT,136.307733,136.67232900000002,146,2.525413088664619,-0.15678536157628487,58,-45.26000000000033,8.993016000000532,-54.25301600000086,TAKE_PROFIT
2025-05-28 15:38:00-04:00,2025-05-28 15:56:00-04:00,LONG,136.212237,135.162962,146,-2.5573430218618958,-1.796876328192063,18,-145.27000000000066,8.94614999999852,-154.21614999999917,TAKE_PROFIT
2025-05-29 13:50:00-04:00,2025-05-29 14:11:00-04:00,LONG,138.48629172,139.21225198000002,144,-2.757784500836577,0.05750538294483397,21,112.53600000000324,9.005722560000056,103.53027744000319,TAKE_PROFIT
2025-05-29 15:34:00-04:00,2025-05-29 15:55:00-04:00,LONG,138.68773199999998,139.08217800000003,144,-2.7115348659063607,-0.2986005483499664,21,64.80000000000246,9.007775999996017,55.79222400000644,TAKE_PROFIT
2025-06-02 14:10:00-04:00,2025-06-02 15:56:00-04:00,LONG,137.262447,137.21755100000001,145,-2.658197456254074,-1.8002686383864153,106,1.4499999999986812,8.974919999997852,-7.52491999999917,TAKE_PROFIT
2025-06-03 11:51:00-04:00,2025-06-03 14:17:00-04:00,LONG,141.27824999999999,140.516891,141,-2.300006875378327,1.0421840573502317,146,-99.40500000000176,8.933618999998066,-108.33861899999982,TAKE_PROFIT
2025-06-04 12:58:00-04:00,2025-06-04 13:41:00-04:00,LONG,140.463087,140.806833,142,-2.633023878767246,-0.08078138177934284,43,56.80000000000081,8.982067999999373,47.817932000001434,TAKE_PROFIT
2025-06-05 10:43:00-04:00,2025-06-05 11:45:00-04:00,LONG,142.00839599999998,143.80623300000002,140,-2.978086485923199,0.5788088795157512,62,259.70000000000255,8.982819999996405,250.71718000000615,TAKE_PROFIT
2025-06-05 12:19:00-04:00,2025-06-05 13:16:00-04:00,SHORT,142.74144600000002,141.758346,140,2.481490135756087,-0.08659029520072836,57,145.60000000000286,8.945999999997849,136.65400000000503,TAKE_PROFIT
2025-06-06 11:22:00-04:00,2025-06-06 11:40:00-04:00,SHORT,141.681658,141.768348,141,2.339772377939571,0.16571543502670813,18,-4.23000000000016,8.980290000000457,-13.210290000000617,TAKE_PROFIT
2025-06-06 15:22:00-04:00,2025-06-06 15:47:00-04:00,SHORT,142.011592,141.88337099999998,140,3.0144889707241713,-0.47986655543502016,25,25.90000000000032,8.929059999996849,16.97094000000347,TAKE_PROFIT
2025-06-09 15:40:00-04:00,2025-06-09 15:51:00-04:00,LONG,142.52349900000002,142.66246180000002,140,-1.9082399975059041,0.1602809807589149,11,27.439999999999714,8.965207999999489,18.474792000000225,TAKE_PROFIT
2025-06-11 12:23:00-04:00,2025-06-11 13:02:00-04:00,LONG,143.06860799999998,143.441306,139,-2.0731541493516903,-0.2899566380239898,39,59.77000000000095,8.937977999999008,50.83202200000194,TAKE_PROFIT
2025-06-12 10:44:00-04:00,2025-06-12 11:27:00-04:00,SHORT,144.7965349,144.31885799999998,138,2.6077320329113656,0.1713553671851968,43,73.89900000000182,8.94558779999709,64.95341220000473,TAKE_PROFIT
2025-06-12 11:59:00-04:00,2025-06-12 12:55:00-04:00,LONG,144.3003543,144.201154,138,-3.100876685412055,0.9305114739850493,56,-5.727000000001851,8.928641399999085,-14.655641400000937,TAKE_PROFIT
2025-06-13 12:45:00-04:00,2025-06-13 13:09:00-04:00,SHORT,143.22135,142.99869402,139,3.0163345234048244,-0.5718537651696062,24,38.9060999999997,8.929918779997864,29.976181220001834,TAKE_PROFIT
2025-06-17 11:40:00-04:00,2025-06-17 11:50:00-04:00,LONG,144.31885799999998,144.596075,138,-2.13696085984514,0.2055016299264296,10,46.2300000000011,8.940053999996158,37.28994600000494,TAKE_PROFIT
2025-06-18 09:49:00-04:00,2025-06-18 09:51:00-04:00,SHORT,144.31113200000001,144.26884800000002,138,1.76225177020306,0.5974314927427812,2,13.799999999999216,8.93080799999989,4.869191999999325,TAKE_PROFIT
2025-06-18 11:42:00-04:00,2025-06-18 13:40:00-04:00,SHORT,145.27094000000002,144.973989,137,2.489302620510588,-0.2809674836726671,118,48.63500000000249,8.91171299999763,39.72328700000486,TAKE_PROFIT
2025-06-24 14:34:00-04:00,2025-06-24 14:57:00-04:00,LONG,147.259446,147.375519,135,-2.4485111965215762,0.631890481496443,23,23.625000000001535,8.900145000001523,14.724855000000012,TAKE_PROFIT
2025-06-27 11:25:00-04:00,2025-06-27 12:08:00-04:00,SHORT,157.913411,158.051604,126,2.712051370293076,-0.45381402680044325,43,-9.450000000002149,8.844317999997992,-18.29431800000014,TAKE_PROFIT
2025-06-27 14:44:00-04:00,2025-06-27 15:11:00-04:00,LONG,155.73113999999998,156.333727,128,-2.558114630425549,0.23400854124830459,27,85.12000000000262,8.884863999999013,76.2351360000036,TAKE_PROFIT
2025-06-30 14:35:00-04:00,2025-06-30 14:57:00-04:00,LONG,157.23144,157.66845999999998,127,-2.9607200385771826,0.6686626822005518,22,63.5,8.887460000001301,54.6125399999987,TAKE_PROFIT
2025-07-01 10:25:00-04:00,2025-07-01 11:32:00-04:00,LONG,155.226039,153.179358,128,-2.458873817699084,0.08318591300289883,67,-254.0799999999981,8.791167999999104,-262.8711679999972,TAKE_PROFIT
2025-07-02 10:56:00-04:00,2025-07-02 11:17:00-04:00,SHORT,157.16855999999999,156.76134599999997,127,2.8686412136026327,0.12185179604711764,21,59.689999999999856,8.862821999998534,50.827178000001325,TAKE_PROFIT
2025-07-03 10:24:00-04:00,2025-07-03 10:47:00-04:00,SHORT,160.53618634,159.95198399999998,124,2.77174979159366,-0.39576072003046764,23,80.38920000000076,8.816109839998438,71.57309016000232,TAKE_PROFIT
2025-07-10 11:17:00-04:00,2025-07-10 11:29:00-04:00,LONG,161.962386,162.62736802,123,-1.8790632331805133,-0.23834974543723514,12,89.77769999999833,8.845911539998763,80.93178845999957,TAKE_PROFIT
2025-07-11 12:05:00-04:00,2025-07-11 12:31:00-04:00,LONG,166.24334202,166.601673,120,-2.2911288783492423,0.08049237659706154,26,50.987999999997555,8.828282399996933,42.15971760000062,TAKE_PROFIT
2025-07-16 11:16:00-04:00,2025-07-16 11:34:00-04:00,SHORT,170.47369844000002,169.868967,117,2.5607428489019264,-0.4568890071612019,18,78.71759999999944,8.783021519996721,69.93457848000271,TAKE_PROFIT
2025-07-16 12:54:00-04:00,2025-07-16 13:28:00-04:00,SHORT,170.975798,170.969187,116,2.7350535060118313,-0.04377088601493178,34,8.699999999998681,8.745123999999565,-0.045124000000884124,TAKE_PROFIT
2025-07-16 15:42:00-04:00,2025-07-16 15:56:00-04:00,SHORT,171.305732,171.444282,116,2.753335444506173,1.9895600920470278,14,-8.119999999999209,8.76379999999857,-16.883799999997777,TAKE_PROFIT
2025-07-17 12:27:00-04:00,2025-07-17 12:33:00-04:00,SHORT,173.980197,173.48969100000002,114,2.981687101305822,0.05958760057697941,6,63.83999999999702,8.720315999999057,55.11968399999796,TAKE_PROFIT
2025-07-17 13:53:00-04:00,2025-07-17 14:34:00-04:00,LONG,173.219637,173.355322,115,-2.8462453086404045,0.20499461266479804,41,23.57499999999817,8.776224999998725,14.798774999999445,TAKE_PROFIT
2025-07-17 14:48:00-04:00,2025-07-17 15:08:00-04:00,SHORT,173.620269,173.439681,115,2.9393542435334097,-0.5085665689945842,20,28.75,8.787379999999978,19.962620000000022,TAKE_PROFIT
2025-07-18 10:18:00-04:00,2025-07-18 11:20:00-04:00,LONG,172.30435398,172.095574,116,-3.149052881068152,0.1155653761824084,62,-16.22840000000133,8.80207767999899,-25.030477680000317,TAKE_PROFIT
2025-07-18 15:02:00-04:00,2025-07-18 15:22:00-04:00,LONG,172.07440799999998,172.18725566,116,-1.9937405920009021,-0.05624191540196994,20,21.077200000000744,8.798871439997457,12.278328560003287,TAKE_PROFIT
2025-07-21 12:24:00-04:00,2025-07-21 12:42:00-04:00,LONG,171.64432200000002,172.21555,116,-2.879989474790013,0.13629491553380227,18,74.23999999999842,8.78955199999949,65.45044799999893,TAKE_PROFIT
2025-07-21 15:49:00-04:00,2025-07-21 15:56:00-04:00,LONG,171.67952903999998,171.370719,116,-2.4507207232134585,-2.8931509858851476,7,-27.86319999999853,8.770764639997866,-36.63396463999639,TAKE_PROFIT
2025-07-22 14:19:00-04:00,2025-07-22 14:37:00-04:00,LONG,167.738541,168.096374,119,-1.9721601940040978,0.15117872321134526,18,50.57499999999797,8.825872999998042,41.74912699999993,TAKE_PROFIT
2025-07-22 15:48:00-04:00,2025-07-22 15:56:00-04:00,LONG,167.638521,167.1755582,119,-2.253586077682982,-3.004038282625997,8,-47.123999999998404,8.801573199999867,-55.92557319999827,TAKE_PROFIT
2025-07-23 13:41:00-04:00,2025-07-23 13:52:00-04:00,LONG,169.148823,169.146164,118,-2.312013432702227,0.0765015385320724,11,7.669999999999732,8.809761999999047,-1.1397619999993154,TAKE_PROFIT
2025-07-24 12:14:00-04:00,2025-07-24 13:05:00-04:00,SHORT,172.84122484,173.249643,115,2.3904505773124374,-1.1955592222051155,51,-39.00800000000061,8.765088399998994,-47.7730883999996,TAKE_PROFIT
2025-07-25 12:15:00-04:00,2025-07-25 13:05:00-04:00,LONG,174.37986899999999,174.13556592,114,-2.8048598056950493,-0.12127197344664954,50,-19.904399999999782,8.744151119997978,-28.648551119997762,TAKE_PROFIT
2025-07-30 13:37:00-04:00,2025-07-30 13:52:00-04:00,LONG,178.975788,178.94420399999998,111,-2.8666393289096894,0.33880816133485464,15,4.439999999999117,8.722824000000157,-4.282824000001041,TAKE_PROFIT
2025-08-01 12:58:00-04:00,2025-08-01 13:24:00-04:00,SHORT,174.435106,173.504694,114,2.6802370195079783,0.3436027162966415,26,114.0,8.731032000001163,105.26896799999884,TAKE_PROFIT
2025-08-04 13:47:00-04:00,2025-08-04 14:35:00-04:00,SHORT,178.98919500000002,179.340861,111,2.898562916305528,-0.014995737466769627,48,-31.080000000000126,8.731925999996106,-39.811925999996234,TAKE_PROFIT
2025-08-05 12:05:00-04:00,2025-08-05 12:48:00-04:00,SHORT,177.604472,177.125418,112,2.6431948788856006,-0.252183632323211,43,61.59999999999809,8.729951999999125,52.87004799999897,TAKE_PROFIT
2025-08-06 15:26:00-04:00,2025-08-06 15:56:00-04:00,SHORT,179.654062,179.43588,111,2.3279982511486543,0.15053431818158142,30,32.18999999999912,8.748797999997675,23.44120200000144,TAKE_PROFIT
2025-08-07 15:25:00-04:00,2025-08-07 15:56:00-04:00,LONG,179.455884,180.218949,111,-2.90766404408193,0.15047577182377464,31,92.68500000000088,8.76178499999959,83.92321500000129,TAKE_PROFIT
2025-08-08 12:36:00-04:00,2025-08-08 13:36:00-04:00,LONG,182.621517,182.093574,109,-3.08245078373092,0.0244363842890364,60,-49.59500000000136,8.713787000001014,-58.308787000002376,TAKE_PROFIT
2025-08-11 15:31:00-04:00,2025-08-11 15:41:00-04:00,LONG,182.121417,182.52338802,109,-3.183349000619389,0.8356664752840163,10,51.76409999999902,8.71225882000004,43.05184117999898,TAKE_PROFIT
2025-08-12 13:58:00-04:00,2025-08-12 14:53:00-04:00,SHORT,182.7689389,182.966586,109,2.3238835959192334,-0.3428711996031057,55,-13.570500000001289,8.73603389999999,-22.306533900001277,TAKE_PROFIT
2025-08-14 11:29:00-04:00,2025-08-14 11:47:00-04:00,LONG,181.2287385,181.73364600000002,110,-2.8235616138310324,0.0922798700062861,18,63.525000000001626,8.75517499999832,54.76982500000331,TAKE_PROFIT
2025-08-26 13:39:00-04:00,2025-08-26 13:52:00-04:00,SHORT,181.533686,181.2582444,110,2.821145580106535,0.1791946785641294,13,38.279999999998324,8.751423999999037,29.528575999999287,TAKE_PROFIT
2025-08-27 12:29:00-04:00,2025-08-27 12:41:00-04:00,LONG,181.326258,181.703652,110,-2.681152212436716,0.2770242415560254,12,49.500000000001876,8.756660000000824,40.743340000001055,TAKE_PROFIT
2025-08-27 15:18:00-04:00,2025-08-27 15:30:00-04:00,LONG,181.17132701999998,181.628667,110,-2.560518487346085,-0.7347989863654454,12,58.28899999999976,8.751602199996587,49.53739780000318,TAKE_PROFIT
2025-08-28 14:26:00-04:00,2025-08-28 15:09:00-04:00,SHORT,180.64736330000002,180.84806238000002,110,3.0133032356461396,0.18547167074661094,43,-14.12399999999991,8.722898799999275,-22.846898799999185,TAKE_PROFIT
2025-08-29 13:07:00-04:00,2025-08-29 13:44:00-04:00,LONG,173.889771,173.880217,115,-2.3909463146967167,0.5334426803697248,37,6.9000000000002615,8.803710000001239,-1.9037100000009772,TAKE_PROFIT
2025-09-09 14:15:00-04:00,2025-09-09 15:56:00-04:00,SHORT,168.40131300000002,170.759145,118,2.6282493713935247,1.307843376316891,101,-270.21999999999906,8.830175999997813,-279.0501759999969,TAKE_PROFIT
2025-09-10 11:46:00-04:00,2025-09-10 12:23:00-04:00,LONG,178.13562,177.504492,112,-2.0619535077224294,0.09608445028470594,37,-62.720000000000255,8.750335999998592,-71.47033599999885,TAKE_PROFIT
2025-09-11 13:47:00-04:00,2025-09-11 14:07:00-04:00,LONG,176.775348,177.104572,113,-2.6722550674912737,0.4393864747675923,20,45.19999999999743,8.788687999999443,36.41131199999799,TAKE_PROFIT
2025-09-11 15:14:00-04:00,2025-09-11 15:55:00-04:00,LONG,177.130419,177.219549,112,-2.7006472347961785,0.6506094066103378,41,17.919999999999618,8.721439999998333,9.198560000001285,TAKE_PROFIT
2025-09-15 11:19:00-04:00,2025-09-15 12:11:00-04:00,SHORT,176.00989098,177.120417,113,2.7888731965787326,0.1305325647144648,52,-117.50870000000194,8.771740259999067,-126.280440260001,TAKE_PROFIT
2025-09-16 12:00:00-04:00,2025-09-16 12:51:00-04:00,LONG,175.350063,175.169959,114,-2.9672494902624167,-0.17203511787382375,51,-12.539999999998315,8.78985600000169,-21.329856000000007,TAKE_PROFIT
2025-09-17 14:16:00-04:00,2025-09-17 15:01:00-04:00,LONG,169.223838,169.91601,118,-2.3239015468482096,0.8531598553027564,45,89.67999999999893,8.829703999999005,80.85029599999993,TAKE_PROFIT
2025-09-23 13:43:00-04:00,2025-09-23 14:27:00-04:00,SHORT,177.66446,177.99559200000002,112,2.335249115743293,0.05234607319471735,44,-29.120000000002165,8.750784000000644,-37.87078400000281,TAKE_PROFIT
2025-09-24 11:16:00-04:00,2025-09-24 11:23:00-04:00,SHORT,178.20965094,178.37006688,112,2.268118443224129,-0.2561657942506951,7,-9.979200000000219,8.771385280000581,-18.7505852800008,TAKE_PROFIT
2025-09-24 12:02:00-04:00,2025-09-24 12:28:00-04:00,SHORT,176.284736,176.445282,113,2.831602572086397,-0.33960164924900893,26,-10.170000000000385,8.762697999997616,-18.932697999998002,TAKE_PROFIT
2025-09-25 14:04:00-04:00,2025-09-25 14:13:00-04:00,SHORT,175.599873,176.38737042,113,2.6730230991113455,-0.2640932842906708,9,-81.03230000000184,8.745908459997484,-89.77820845999932,TAKE_PROFIT
2025-09-29 11:18:00-04:00,2025-09-29 12:10:00-04:00,SHORT,182.593474,181.81635599999998,109,2.946240685019399,-1.6643473683257872,52,92.64999999999938,8.707137999999214,83.94286200000016,TAKE_PROFIT
2025-10-01 10:35:00-04:00,2025-10-01 11:19:00-04:00,SHORT,187.14256400000002,186.892371,106,3.0783187233029405,0.07381781083407582,44,34.45000000000181,8.671541999999231,25.778458000002576,TAKE_PROFIT
2025-10-01 15:31:00-04:00,2025-10-01 15:54:00-04:00,LONG,187.212435,187.26254,106,-2.9933006233344397,0.5744845318440891,23,13.25,8.680869999999782,4.569130000000218,TAKE_PROFIT
2025-10-02 14:01:00-04:00,2025-10-02 14:11:00-04:00,LONG,188.872767,189.08027638000002,105,-2.494169346338894,0.41588709587448497,10,29.725499999998988,8.67201509999849,21.053484900000498,TAKE_PROFIT
2025-10-03 12:43:00-04:00,2025-10-03 14:13:00-04:00,LONG,187.897572,186.71265,106,-2.607015383076814,0.157154003138233,90,-117.66000000000145,8.683731999998582,-126.34373200000003,TAKE_PROFIT
2025-10-09 14:30:00-04:00,2025-10-09 15:05:00-04:00,LONG,192.578508,192.75764076000002,103,-2.7906478770464394,0.32347209381653197,35,26.388600000000707,8.658925719999072,17.729674280001635,TAKE_PROFIT
2025-10-10 11:06:00-04:00,2025-10-10 12:05:00-04:00,LONG,192.518496,189.222148,103,-2.131002281522461,0.29356147763053686,59,-331.65999999999985,8.584843999999574,-340.24484399999943,TAKE_PROFIT
2025-10-13 14:05:00-04:00,2025-10-13 14:58:00-04:00,LONG,188.26764599999998,187.467499,106,-2.607593391195932,0.3248061232867718,53,-76.8499999999994,8.70758199999862,-85.55758199999802,TAKE_PROFIT
2025-10-16 11:34:00-04:00,2025-10-16 12:59:00-04:00,SHORT,182.37551760000002,181.40557386,109,2.63026161853758,-0.5226340355638156,85,113.65429999999961,8.693432339997509,104.9608676600021,TAKE_PROFIT
2025-10-16 13:28:00-04:00,2025-10-16 14:44:00-04:00,SHORT,182.16356,181.01619599999998,109,2.624928974723751,0.12961616669872442,76,132.97999999999988,8.680323999998757,124.29967600000111,TAKE_PROFIT
2025-10-17 15:37:00-04:00,2025-10-17 15:56:00-04:00,LONG,183.291651,183.08337600000002,109,-2.7870887710675794,-0.7805621092122131,19,-14.714999999999009,8.74997499999949,-23.464974999998496,TAKE_PROFIT
2025-10-20 10:25:00-04:00,2025-10-20 10:41:00-04:00,SHORT,184.308131,184.001793,108,2.8629580641334558,-0.2919860352202481,16,41.03999999999951,8.711495999998334,32.328504000001175,TAKE_PROFIT
2025-10-21 14:11:00-04:00,2025-10-21 15:03:00-04:00,LONG,181.401273,181.23374600000002,110,-2.400287211044395,0.0008506826380026461,52,-10.449999999999875,8.747969999997753,-19.19796999999763,TAKE_PROFIT
2025-10-23 13:40:00-04:00,2025-10-23 15:09:00-04:00,SHORT,182.58347600000002,182.781549,109,3.113324644141824,0.10984351843847612,89,-13.625,8.727956999999316,-22.352956999999314,TAKE_PROFIT
2025-10-23 15:53:00-04:00,2025-10-23 15:56:00-04:00,LONG,182.11641600000002,182.1115704,109,-2.536040232655632,-1.7472035754952764,3,7.411999999998216,8.703170399999317,-1.2911704000011017,TAKE_PROFIT
2025-10-28 13:15:00-04:00,2025-10-28 13:30:00-04:00,SHORT,195.990794,194.628918,102,2.999993444530096,0.5110961865521819,15,146.87999999999977,8.682648000000258,138.1973519999995,TAKE_PROFIT
2025-11-03 12:00:00-05:00,2025-11-03 13:35:00-05:00,SHORT,209.128166,210.607113,95,2.3010174002338237,-0.6088802883904709,95,-132.52500000000097,8.639964999999513,-141.16496500000048,TAKE_PROFIT
2025-11-04 15:26:00-05:00,2025-11-04 15:41:00-05:00,SHORT,199.51009000000002,199.529898,100,2.539045103089889,0.3717112253329393,15,6.000000000000227,8.680799999998566,-2.6807999999983387,TAKE_PROFIT
2025-11-04 15:52:00-05:00,2025-11-04 15:55:00-05:00,SHORT,199.370118,198.56510508,100,2.593648162083758,-0.2901434088580928,3,88.4600000000006,8.658708000001024,79.80129199999958,TAKE_PROFIT
2025-11-05 10:51:00-05:00,2025-11-05 11:29:00-05:00,SHORT,201.499692,202.270446,99,2.9364897478771748,-0.10754564222635772,38,-68.30999999999977,8.687645999998482,-76.99764599999826,TAKE_PROFIT
2025-11-07 11:08:00-05:00,2025-11-07 11:23:00-05:00,LONG,179.9639856,180.498893,111,-2.635599642619669,0.35202189683553514,15,67.37699999999992,8.779278599998959,58.597721400000964,TAKE_PROFIT
2025-11-11 11:50:00-05:00,2025-11-11 12:10:00-05:00,LONG,192.16842599999998,192.801432,104,-2.377053283643884,0.5782136842123003,20,73.84000000000083,8.73537599999843,65.1046240000024,TAKE_PROFIT
2025-11-12 14:00:00-05:00,2025-11-12 14:13:00-05:00,LONG,192.38846999999998,192.521488,103,-2.418256002621707,0.06934544624262007,13,21.63000000000082,8.650145999998639,12.979854000002181,TAKE_PROFIT
2025-11-13 11:47:00-05:00,2025-11-13 12:00:00-05:00,SHORT,185.922808,185.68713,107,2.722485330239408,-0.1596909377809791,13,33.17000000000024,8.701453999999478,24.468546000000764,TAKE_PROFIT
2025-11-13 14:41:00-05:00,2025-11-13 15:36:00-05:00,SHORT,185.95280200000002,186.757344,107,2.9305525171196902,-0.36108913982758994,55,-78.1099999999989,8.724993999997826,-86.83499399999673,TAKE_PROFIT
2025-11-14 13:02:00-05:00,2025-11-14 13:56:00-05:00,SHORT,189.16715900000003,189.64792200000002,105,3.1504954123482762,-0.04903984294195715,54,-42.52500000000012,8.690114999999466,-51.215114999999585,TAKE_PROFIT
2025-11-17 12:43:00-05:00,2025-11-17 13:47:00-05:00,SHORT,187.352522,187.297452,106,2.5701523372543775,-0.5773896686768368,64,13.779999999999518,8.684579999999453,5.095420000000065,TAKE_PROFIT
2025-11-18 12:34:00-05:00,2025-11-18 12:39:00-05:00,SHORT,181.61357002,182.726538,110,2.87302154352775,-0.7275031426427425,5,-114.41099999999949,8.785477800001349,-123.19647780000084,TAKE_PROFIT
2025-11-20 15:42:00-05:00,2025-11-20 15:56:00-05:00,SHORT,180.66386,181.216236,110,2.921760426923897,1.7308341617539187,14,-52.800000000002,8.731359999999047,-61.531360000001044,TAKE_PROFIT
2025-11-21 12:03:00-05:00,2025-11-21 12:39:00-05:00,LONG,180.28605,181.203752,110,-2.1531722169519174,-0.08536661956422631,36,108.900000000001,8.722779999998824,100.17722000000218,TAKE_PROFIT
2025-11-21 13:39:00-05:00,2025-11-21 13:49:00-05:00,LONG,180.23603999999997,183.408311,110,-2.9226497190820373,0.5620718161557808,10,356.9500000000005,8.770189999997928,348.1798100000026,TAKE_PROFIT
2025-12-01 15:42:00-05:00,2025-12-01 15:47:00-05:00,SHORT,179.634066,179.345862,111,2.7419011738256134,1.3078839598055043,5,39.95999999999836,8.746356000000686,31.21364399999767,TAKE_PROFIT
2025-12-02 11:08:00-05:00,2025-12-02 11:55:00-05:00,LONG,182.366466,181.51369000000003,109,-3.0352299071035405,0.18181498503773078,47,-85.02000000000012,8.695583999997405,-93.71558399999753,TAKE_PROFIT
2025-12-02 15:40:00-05:00,2025-12-02 15:47:00-05:00,LONG,181.14142103999998,181.47869699999998,110,-2.369577970719476,0.8363480985603662,7,45.077999999998895,8.74764439999895,36.33035559999995,TAKE_PROFIT
2025-12-03 10:39:00-05:00,2025-12-03 10:55:00-05:00,SHORT,181.52538766,180.816156,110,1.9805435660021051,0.27276174903924505,16,85.98700000000008,8.741517400000038,77.24548260000005,TAKE_PROFIT
2025-12-04 14:18:00-05:00,2025-12-04 14:37:00-05:00,LONG,182.82655799999998,183.10337199999998,109,-2.536695211016069,0.3451819091178353,19,38.14999999999938,8.740273999999198,29.409726000000184,TAKE_PROFIT
2025-12-04 15:53:00-05:00,2025-12-04 15:56:00-05:00,SHORT,183.283336,183.191631,109,3.129640300093563,2.106218771978275,3,17.984999999999133,8.752155000000181,9.232844999998951,TAKE_PROFIT
2025-12-09 13:38:00-05:00,2025-12-09 13:54:00-05:00,LONG,184.79525166,184.84302399999999,108,-1.3252997079384485,0.24706401182980967,16,13.143600000000447,8.740187280001038,4.403412719999409,TAKE_PROFIT
2025-12-09 14:59:00-05:00,2025-12-09 15:33:00-05:00,LONG,184.29185099999998,184.338125,108,-2.247122154521654,0.03149436103015967,34,12.960000000000491,8.7184079999993,4.241592000001191,TAKE_PROFIT
2025-12-10 12:57:00-05:00,2025-12-10 13:13:00-05:00,SHORT,183.18365594000002,182.86156499999998,109,2.391839773269188,-0.6396689685268976,16,43.0877000000022,8.742787539998057,34.344912460004146,TAKE_PROFIT
2025-12-15 13:51:00-05:00,2025-12-15 13:58:00-05:00,LONG,176.96118516,177.444504,113,-2.6889223204385027,-0.17291695718357733,7,62.62459999999777,8.800571079999887,53.824028919997886,TAKE_PROFIT
2025-12-15 14:38:00-05:00,2025-12-15 15:36:00-05:00,LONG,176.725338,176.299733,113,-2.640009328477037,1.1028030419465664,58,-40.114999999998844,8.769365000000054,-48.884364999998894,TAKE_PROFIT
2025-12-16 14:15:00-05:00,2025-12-16 15:33:00-05:00,LONG,176.17522799999998,177.329527,113,-2.8804538793635426,1.5457211829042974,78,138.42500000000257,8.780212999998358,129.64478700000421,TAKE_PROFIT
2025-12-17 11:03:00-05:00,2025-12-17 11:54:00-05:00,LONG,171.59851283999998,170.99079500000002,116,-2.288257053800019,1.0783116973606308,51,-62.54719999999929,8.760069439996515,-71.3072694399958,TAKE_PROFIT
2025-12-18 11:11:00-05:00,2025-12-18 11:40:00-05:00,LONG,175.17502799999997,175.474898,114,-2.7509279758997005,0.16064400356350134,29,42.18000000000052,8.792819999997446,33.38718000000307,TAKE_PROFIT
2025-12-18 15:29:00-05:00,2025-12-18 15:56:00-05:00,LONG,174.73494,174.41511,114,-2.661259716153709,-0.08910275256173365,27,-28.5,8.758619999999551,-37.25861999999955,TAKE_PROFIT
2025-12-19 11:41:00-05:00,2025-12-19 12:28:00-05:00,SHORT,179.95390202000002,180.41597597999998,111,2.387303344195348,-0.40621786233098783,47,-43.289999999998486,8.777209559998125,-52.06720955999661,TAKE_PROFIT
2025-12-19 14:13:00-05:00,2025-12-19 14:56:00-05:00,SHORT,180.16895900000003,180.546102,111,2.674776088740932,-0.13371609889554206,43,-33.8549999999976,8.784872999998084,-42.63987299999569,TAKE_PROFIT
2025-12-22 14:27:00-05:00,2025-12-22 14:35:00-05:00,SHORT,183.42830700000002,183.466686,109,2.292821571760161,-0.910968886868506,8,3.8149999999996282,8.76131099999875,-4.946310999999122,TAKE_PROFIT
2025-12-29 14:24:00-05:00,2025-12-29 15:24:00-05:00,LONG,187.33746000000002,187.952402,106,-2.802005765757236,0.48656172952669224,60,73.13999999999976,8.69814800000135,64.4418519999984,TAKE_PROFIT
2025-12-30 14:06:00-05:00,2025-12-30 14:09:00-05:00,SHORT,187.952402,188.072607,106,2.2765991702518438,0.04216294200675916,3,-4.769999999998674,8.713730000001174,-13.483729999999849,TAKE_PROFIT
2026-01-05 12:03:00-05:00,2026-01-05 12:44:00-05:00,LONG,188.88777,187.682456,105,-3.3257456581110962,0.12044293062095925,41,-118.64999999999952,8.642969999999124,-127.29296999999865,TAKE_PROFIT
2026-01-09 12:18:00-05:00,2026-01-09 12:58:00-05:00,LONG,184.95698399999998,185.07307798,108,-2.5752171705996107,0.0800345976040621,40,20.530800000000113,8.748650159998334,11.782149840001779,TAKE_PROFIT
2026-01-12 12:25:00-05:00,2026-01-12 12:49:00-05:00,SHORT,186.52268800000002,185.902173,107,2.6165054616965575,-0.1725562487369789,24,74.36499999999927,8.71889499999802,65.64610500000126,TAKE_PROFIT
2026-01-12 15:04:00-05:00,2026-01-12 15:56:00-05:00,LONG,186.357264,185.16296,107,-2.8722752407877983,-2.1779011862457356,52,-119.84000000000049,8.699527999998258,-128.53952799999874,TAKE_PROFIT
2026-01-15 11:48:00-05:00,2026-01-15 12:36:00-05:00,SHORT,188.257341,188.342661,106,2.9325357086575963,0.28023876433410355,48,-1.0600000000020486,8.725919999997512,-9.78591999999956,TAKE_PROFIT
2026-01-20 12:27:00-05:00,2026-01-20 15:13:00-05:00,SHORT,180.028987,179.15062296,111,2.616907186892452,-0.03681185588661841,166,105.47219999999948,8.750791559998573,96.7214084400009,TAKE_PROFIT
2026-01-21 14:32:00-05:00,2026-01-21 15:17:00-05:00,LONG,183.126618,184.923008,109,-2.570008282129774,0.131631026600593,45,203.8300000000005,8.786490000000237,195.04351000000025,TAKE_PROFIT
2026-01-29 12:25:00-05:00,2026-01-29 13:34:00-05:00,SHORT,189.56208,189.8789682,105,2.522115508775585,-0.18785774782147616,69,-25.305000000001456,8.703260999997909,-34.008260999999365,TAKE_PROFIT
2026-01-29 15:17:00-05:00,2026-01-29 15:47:00-05:00,SHORT,191.21175,191.008194,104,2.8450675740195455,0.1133721172294155,30,29.12000000000012,8.678176000000965,20.44182399999915,TAKE_PROFIT
2026-01-30 10:22:00-05:00,2026-01-30 10:28:00-05:00,SHORT,193.071378,192.198432,103,2.2840816350272584,-0.7773023313382684,6,97.85000000000176,8.657562000000407,89.19243800000135,TAKE_PROFIT
2026-01-30 10:50:00-05:00,2026-01-30 11:12:00-05:00,SHORT,194.34102402,192.95858399999997,102,2.871268288154489,0.20552174791836858,22,148.90980000000047,8.614917959998595,140.29488204000188,TAKE_PROFIT
2026-02-05 11:36:00-05:00,2026-02-05 12:21:00-05:00,SHORT,174.800033,174.574908,114,2.456402009435434,0.007890599693537956,45,33.630000000001814,8.76374999999956,24.866250000002253,TAKE_PROFIT
2026-02-06 15:44:00-05:00,2026-02-06 15:56:00-05:00,SHORT,186.16775900000002,186.07720799999998,107,3.048149122616689,0.2703358158420419,12,17.65500000000219,8.715042999998621,8.939957000003568,TAKE_PROFIT
2026-02-09 13:37:00-05:00,2026-02-09 14:53:00-05:00,LONG,191.003193,191.191754,104,-2.7658028503855205,0.2349752307661662,76,27.55999999999858,8.677655999999322,18.882343999999257,TAKE_PROFIT
2026-02-10 15:17:00-05:00,2026-02-10 15:56:00-05:00,SHORT,188.922208,188.697732,105,2.7635733620079517,1.3672782092820421,39,31.500000000001194,8.665020000000155,22.83498000000104,TAKE_PROFIT
2026-02-12 13:00:00-05:00,2026-02-12 13:08:00-05:00,SHORT,189.61706900000001,189.58791,105,2.8691350456693585,0.3500235102296833,8,11.024999999998926,8.698304999996694,2.326695000002232,TAKE_PROFIT
2026-02-13 15:27:00-05:00,2026-02-13 15:56:00-05:00,SHORT,182.35852100000002,182.70653399999998,109,2.6904944295587514,1.152101377772685,29,-29.97499999999752,8.72141699999724,-38.69641699999476,TAKE_PROFIT
2026-02-17 10:54:00-05:00,2026-02-17 13:35:00-05:00,SHORT,181.42020870000002,185.23703999999998,110,2.6634406251902507,-0.47413382769200274,161,-411.78499999999815,8.836442999997605,-420.62144299999574,TAKE_PROFIT
2026-02-18 13:45:00-05:00,2026-02-18 13:56:00-05:00,LONG,188.477688,188.807231,106,-3.0045462198587725,0.2315106845305916,11,42.93000000000012,8.740442000000012,34.189558000000105,TAKE_PROFIT
2026-02-19 15:36:00-05:00,2026-02-19 15:56:00-05:00,SHORT,187.042584,187.567506,106,2.21098931176181,1.6282086660945105,20,-47.699999999998795,8.683732000001594,-56.38373200000039,TAKE_PROFIT
2026-02-24 13:32:00-05:00,2026-02-24 14:32:00-05:00,LONG,192.928578,192.626467,103,-2.555221545365305,0.05833552272350153,60,-23.174999999999415,8.663433000000222,-31.838432999999636,TAKE_PROFIT
2026-02-25 14:07:00-05:00,2026-02-25 14:59:00-05:00,SHORT,197.020588,197.144421,101,2.8855982576675245,0.15969664382129298,52,-4.544999999998737,8.669133000000308,-13.214132999999045,TAKE_PROFIT
2026-02-25 15:16:00-05:00,2026-02-25 15:43:00-05:00,LONG,196.83936,197.035585,101,-2.8616123447592297,0.5000385164358755,27,27.774999999997704,8.663274999997874,19.11172499999983,TAKE_PROFIT
2026-02-27 14:54:00-05:00,2026-02-27 15:10:00-05:00,SHORT,179.12406802,178.875768,111,2.573510865227043,-0.662143921499953,16,35.508899999998874,8.724597779997067,26.784302220001805,TAKE_PROFIT
2026-03-03 13:25:00-05:00,2026-03-03 14:11:00-05:00,LONG,180.36606600000002,179.804032,110,-2.69743483083533,-0.049308014389422575,46,-53.900000000001,8.693740000000236,-62.59374000000123,TAKE_PROFIT
2026-03-06 15:14:00-05:00,2026-03-06 15:51:00-05:00,LONG,178.67932872,178.094374,111,-3.0793454194283396,0.34727371554965547,37,-57.00959999999964,8.697373920001821,-65.70697392000146,TAKE_PROFIT
2026-03-09 14:58:00-04:00,2026-03-09 15:13:00-04:00,LONG,179.490891,180.018989,111,-2.6477956653342773,-0.32798284197030575,15,66.59999999999937,8.758121999999373,57.841877999999994,TAKE_PROFIT
2026-03-10 11:17:00-04:00,2026-03-10 11:44:00-04:00,SHORT,186.007791,185.85716399999998,107,2.526512413214256,-0.4799720907665619,27,24.07499999999939,8.706910999997865,15.368089000001527,TAKE_PROFIT
2026-03-12 15:04:00-04:00,2026-03-12 15:19:00-04:00,SHORT,182.988395,183.10661399999998,109,2.5639760389397286,-1.5164648587772154,15,-4.904999999998637,8.74387099999941,-13.648870999998048,TAKE_PROFIT
2026-03-19 12:07:00-04:00,2026-03-19 12:44:00-04:00,SHORT,178.71425,178.44068099999998,111,2.6666956876724703,-0.6608591097217552,37,38.294999999999874,8.705840999998868,29.589159000001004,TAKE_PROFIT
2026-03-19 14:23:00-04:00,2026-03-19 14:44:00-04:00,SHORT,179.049183,178.295652,111,2.5091237296487994,-0.3099629788341581,21,91.57500000000189,8.710059000000838,82.86494100000105,TAKE_PROFIT
2026-03-20 13:33:00-04:00,2026-03-20 15:47:00-04:00,LONG,174.859965,172.855422,114,-2.8088694077993908,0.4800222142531582,134,-220.59000000000026,8.725901999997914,-229.31590199999818,TAKE_PROFIT
2026-03-23 13:37:00-04:00,2026-03-23 13:42:00-04:00,LONG,175.95518399999997,175.874818,113,-2.796026111126916,-0.4343237898594803,5,-1.1299999999989723,8.742357999997584,-9.872357999996556,TAKE_PROFIT
2026-03-23 15:38:00-04:00,2026-03-23 15:46:00-04:00,SHORT,176.429707,176.57530799999998,113,2.3438951397879277,-0.09771131984160562,8,-8.474999999998715,8.768912999997983,-17.2439129999967,TAKE_PROFIT
2026-03-25 13:35:00-04:00,2026-03-25 13:45:00-04:00,LONG,178.820757,179.32412800000003,111,-2.7917192373195925,-0.036735042058515556,10,63.82500000000189,8.72781899999701,55.09718100000488,TAKE_PROFIT
2026-03-25 14:40:00-04:00,2026-03-25 14:47:00-04:00,SHORT,179.009191,178.85586401999998,111,1.7353825633871658,-0.07017276949105725,7,24.963899999999,8.721605219998692,16.242294780000307,TAKE_PROFIT
2026-03-25 15:03:00-04:00,2026-03-25 15:15:00-04:00,LONG,178.0356,178.42430800000002,112,-2.132672947390223,0.33758266911912743,12,51.52000000000089,8.768703999996783,42.75129600000411,TAKE_PROFIT
2026-03-27 13:43:00-04:00,2026-03-27 14:31:00-04:00,SHORT,167.96630002,168.0336,119,2.411266953151366,-0.23433882530146682,48,-0.011900000000395039,8.829797619999768,-8.841697620000163,TAKE_PROFIT
2026-03-27 15:36:00-04:00,2026-03-27 15:41:00-04:00,LONG,167.413476,167.306532,119,-2.5255345593159904,1.8516493406914525,5,-4.759999999999053,8.79933600000078,-13.559335999999833,TAKE_PROFIT
2026-03-30 13:23:00-04:00,2026-03-30 14:38:00-04:00,SHORT,166.001793,165.963186,120,2.773249687916402,0.7070341534394501,75,12.599999999998772,8.807160000000604,3.7928399999981686,TAKE_PROFIT
2026-04-01 12:47:00-04:00,2026-04-01 13:49:00-04:00,LONG,176.83536,176.499693,113,-2.541335838365604,-0.4494950449996256,62,-29.94500000000167,8.776370999998424,-38.72137100000009,TAKE_PROFIT
2026-04-01 14:24:00-04:00,2026-04-01 15:21:00-04:00,SHORT,175.11487002,175.98519,114,3.014510438983953,0.2680307311612199,57,-91.21139999999843,8.803077719998894,-100.01447771999733,TAKE_PROFIT
2026-04-06 12:35:00-04:00,2026-04-06 13:06:00-04:00,LONG,177.18543,176.71465,112,-2.7105708913301476,0.8829164763670717,31,-44.80000000000064,8.711359999998317,-53.51135999999895,TAKE_PROFIT
2026-04-06 14:23:00-04:00,2026-04-06 14:54:00-04:00,LONG,176.995392,177.2135502,112,-2.8100567920241026,-0.02366747898254864,31,32.367999999998574,8.718281600001214,23.64971839999736,TAKE_PROFIT
2026-04-16 15:37:00-04:00,2026-04-16 15:45:00-04:00,SHORT,198.430306,198.319656,100,1.9628994235460642,-0.2686009937227412,8,18.999999999999773,8.635000000000513,10.36499999999926,TAKE_PROFIT
2026-04-17 15:17:00-04:00,2026-04-17 15:56:00-04:00,SHORT,201.164759,201.52529700000002,99,2.9238369601027157,0.8308273590618646,39,-27.720000000000113,8.666262000001824,-36.386262000001935,TAKE_PROFIT
2026-04-20 10:53:00-04:00,2026-04-20 11:28:00-04:00,SHORT,198.750242,199.18983,100,2.8462918200030156,0.17403203771789325,35,-36.000000000001364,8.65880000000011,-44.65880000000148,TAKE_PROFIT
2026-04-28 14:07:00-04:00,2026-04-28 15:41:00-04:00,SHORT,211.68765399999998,213.927777,94,2.3113458704838106,-0.5917660100629579,94,-202.5700000000001,8.659562000000944,-211.22956200000104,TAKE_PROFIT
2026-05-01 14:07:00-04:00,2026-05-01 15:15:00-04:00,LONG,199.314855,198.980196,100,-2.4146487002411066,0.6513880032780159,68,-25.499999999999545,8.665899999999237,-34.165899999998786,TAKE_PROFIT
2026-05-04 11:17:00-04:00,2026-05-04 12:18:00-04:00,LONG,196.934379,195.86082000000002,101,-2.917044653246939,1.535899423271842,61,-100.49500000000046,8.641458999998413,-109.13645899999887,TAKE_PROFIT
2026-05-11 10:54:00-04:00,2026-05-11 11:39:00-04:00,SHORT,221.760639,221.234238,90,3.116472334353581,-0.044062273279697105,45,55.35000000000082,8.603910000001468,46.74608999999935,TAKE_PROFIT
2026-05-11 14:31:00-04:00,2026-05-11 14:58:00-04:00,SHORT,221.245742,220.569105,90,2.621035481584923,-0.9592391680721843,27,68.84999999999877,8.582669999998819,60.26732999999995,TAKE_PROFIT
2026-05-12 11:27:00-04:00,2026-05-12 11:39:00-04:00,LONG,215.44308,217.391513,92,-2.9430789411098264,0.24365354283236826,12,187.2199999999997,8.60816400000021,178.61183599999947,TAKE_PROFIT
2026-05-12 12:58:00-04:00,2026-05-12 13:19:00-04:00,LONG,216.14321999999999,217.15655999999998,92,-3.0063162838822604,0.2214146649714895,21,101.19999999999948,8.616719999999527,92.58327999999995,TAKE_PROFIT
2026-05-14 13:14:00-04:00,2026-05-14 13:54:00-04:00,LONG,234.23443752,234.613068,85,-2.2378458401869845,0.298448107615933,40,40.15399999999943,8.56540919999958,31.58859079999985,TAKE_PROFIT
2026-05-15 13:38:00-04:00,2026-05-15 14:20:00-04:00,SHORT,229.988993,230.01099299999998,86,2.7786890014286616,0.20920083344269752,42,6.019999999999413,8.51399999999867,-2.4939999999992573,TAKE_PROFIT
2026-05-18 12:30:00-04:00,2026-05-18 12:33:00-04:00,SHORT,220.375916,220.299051,90,2.48844184717812,-1.8204659085323145,3,14.849999999999284,8.562149999999468,6.287849999999816,TAKE_PROFIT
2026-05-22 13:26:00-04:00,2026-05-22 13:31:00-04:00,SHORT,218.016388,217.903572,91,2.2915690792100816,0.17700764602886668,5,18.199999999998965,8.570743999998115,9.62925600000085,TAKE_PROFIT
2026-05-26 15:45:00-04:00,2026-05-26 15:56:00-04:00,SHORT,214.217148,214.672926,93,1.8901949442263268,2.1851797024068813,11,-34.41000000000042,8.628353999997803,-43.03835399999822,TAKE_PROFIT
2026-05-27 12:08:00-04:00,2026-05-27 12:35:00-04:00,SHORT,210.522887,210.46208399999998,95,2.81639244507304,-0.25336735478150935,27,13.775000000000972,8.663714999998952,5.11128500000202,TAKE_PROFIT
2026-05-27 15:02:00-04:00,2026-05-27 15:07:00-04:00,LONG,212.752542,213.127366,94,-2.841539741246818,0.3642483296376425,5,43.239999999998076,8.664543999999053,34.57545599999902,TAKE_PROFIT
2026-05-29 12:15:00-04:00,2026-05-29 13:21:00-04:00,SHORT,216.586674,216.40327200000002,92,2.630984025701616,-0.28148920910273995,66,24.839999999998327,8.611016000000854,16.228983999997475,TAKE_PROFIT
2026-05-29 14:33:00-04:00,2026-05-29 15:26:00-04:00,SHORT,216.97659600000003,217.033398,92,2.0015741465794643,-0.4516966355323609,53,2.7600000000001046,8.62978399999792,-5.869783999997816,TAKE_PROFIT
2026-06-01 12:18:00-04:00,2026-06-01 13:15:00-04:00,SHORT,220.765838,221.74634039999998,90,2.929992502708673,-0.28620278346674377,57,-80.27999999999963,8.59521599999835,-88.87521599999798,TAKE_PROFIT
2026-06-03 15:39:00-04:00,2026-06-03 15:56:00-04:00,LONG,215.58310799999998,215.20695,92,-2.9924971950367816,-0.46561885507231204,17,-26.679999999999268,8.570535999998464,-35.25053599999773,TAKE_PROFIT
2026-06-09 11:42:00-04:00,2026-06-09 12:11:00-04:00,SHORT,204.519088,201.720336,97,2.4713350986051004,0.06430980474256705,29,279.35999999999956,8.560055999998836,270.7999440000007,TAKE_PROFIT
2026-06-10 14:06:00-04:00,2026-06-10 14:39:00-04:00,LONG,203.24063999999998,201.85962,98,-2.8972412360129325,0.10209951156972141,33,-127.39999999999833,8.62595999999953,-136.02595999999787,TAKE_PROFIT
2026-06-12 15:35:00-04:00,2026-06-12 15:54:00-04:00,LONG,204.11071397999999,204.624067,97,-2.6211632442939643,0.9131836228702135,19,57.72470000000021,8.608457059999152,49.11624294000106,TAKE_PROFIT
2026-06-15 13:23:00-04:00,2026-06-15 13:37:00-04:00,SHORT,212.467498,212.37256602,94,1.658714671961253,-0.34481850044557977,14,16.91060000000033,8.644993879999147,8.265606120001182,TAKE_PROFIT
2026-06-17 11:06:00-04:00,2026-06-17 12:05:00-04:00,LONG,206.321256,206.6361645,96,-2.242712441005034,0.5943208410354884,59,38.160000000000764,8.600784000000633,29.55921600000013,TAKE_PROFIT
2026-06-18 11:47:00-04:00,2026-06-18 12:05:00-04:00,LONG,207.921576,209.21814799999999,96,-2.870989676734248,1.0730835046386857,18,132.47999999999956,8.681087999999793,123.79891199999977,TAKE_PROFIT
2026-06-18 12:34:00-04:00,2026-06-18 13:11:00-04:00,SHORT,210.45989960000003,210.347061,95,2.859343574238904,-0.4725303569256872,37,18.71500000000026,8.66033299999723,10.054667000003029,TAKE_PROFIT
2026-06-18 15:52:00-04:00,2026-06-18 15:56:00-04:00,SHORT,211.05778,211.057203,94,2.9050866768761168,1.5784447056638276,4,7.990000000000748,8.59376199999876,-0.603761999998012,TAKE_PROFIT
2026-06-24 11:14:00-04:00,2026-06-24 11:38:00-04:00,SHORT,200.84972202000003,200.880168,99,2.2614277798459095,0.7327172516787466,24,4.940100000000797,8.647252019997596,-3.7071520199967996,TAKE_PROFIT
2026-06-25 14:00:00-04:00,2026-06-25 14:29:00-04:00,LONG,194.828958,195.665859,102,-2.7446130680895364,0.17723422547802528,29,93.33000000000209,8.680098000000898,84.64990200000119,TAKE_PROFIT
2026-06-29 15:11:00-04:00,2026-06-29 15:56:00-04:00,SHORT,194.301132,194.953983,102,2.9007723106294216,1.2832830002354665,45,-58.64999999999884,8.654802000000986,-67.30480199999982,TAKE_PROFIT
2026-06-30 13:44:00-04:00,2026-06-30 13:51:00-04:00,SHORT,198.65016202,198.169626,100,2.6917595398097944,-0.012580944988357254,7,55.989999999999895,8.636397999998234,47.35360200000166,TAKE_PROFIT
2026-07-02 09:55:00-04:00,2026-07-02 09:56:00-04:00,LONG,198.43697946,198.650262,100,-0.8836455335921002,-0.1884717736793337,1,29.26999999999964,8.641746000000193,20.628253999999448,TAKE_PROFIT
2026-07-02 12:50:00-04:00,2026-07-02 12:58:00-04:00,SHORT,193.85262172,193.258644,103,2.015337347342039,-0.2390173438010807,8,69.15420000000057,8.695494840000773,60.458705159999795,TAKE_PROFIT
2026-07-07 15:42:00-04:00,2026-07-07 15:56:00-04:00,LONG,195.659124,196.54068400000003,102,-2.9207946556147175,0.5605047801614395,14,97.92000000000081,8.714879999997153,89.20512000000366,TAKE_PROFIT
2026-07-09 13:09:00-04:00,2026-07-09 14:12:00-04:00,SHORT,202.92040780000002,203.130618,98,2.7139844747742696,-0.1582288264728905,63,-12.641999999999086,8.644599599998706,-21.286599599997793,TAKE_PROFIT
2026-07-13 12:07:00-04:00,2026-07-13 14:06:00-04:00,LONG,205.921176,204.339124,97,-2.8880603797847955,0.3362170306426689,119,-145.5,8.638044000000432,-154.13804400000043,TAKE_PROFIT
2026-07-14 15:31:00-04:00,2026-07-14 15:43:00-04:00,LONG,211.257243,211.79763200000002,94,-2.771479200528054,-0.07247094950170542,12,58.75,8.611433999996889,50.13856600000311,TAKE_PROFIT
2026-07-17 11:58:00-04:00,2026-07-17 13:15:00-04:00,LONG,205.23103799999998,206.123767,97,-2.987321108302584,-0.7099195610233586,77,94.57499999999945,8.65928699999918,85.91571300000027,TAKE_PROFIT
2026-07-20 13:45:00-04:00,2026-07-20 14:13:00-04:00,SHORT,203.939204,204.800952,98,2.772681124885701,-0.05351390215762155,28,-76.44000000000011,8.69730400000045,-85.13730400000057,TAKE_PROFIT
2026-07-20 14:46:00-04:00,2026-07-20 15:01:00-04:00,SHORT,203.45430100000002,203.480688,98,2.2127735858755813,0.06011555863832851,15,5.3900000000006685,8.661925999997855,-3.271925999997187,TAKE_PROFIT
2026-07-22 11:00:00-04:00,2026-07-22 13:11:00-04:00,SHORT,209.178156,213.902772,95,2.47650335025145,-0.19299251535981876,131,-440.80000000000143,8.703519999998356,-449.5035199999998,TAKE_PROFIT
2026-07-23 12:06:00-04:00,2026-07-23 13:36:00-04:00,SHORT,208.87821599999998,209.43187799999998,95,2.5856991788103745,-0.8869821444338308,90,-44.64999999999989,8.61289000000037,-53.26289000000026,TAKE_PROFIT
2026-07-23 14:10:00-04:00,2026-07-23 15:17:00-04:00,LONG,208.396671,207.66845800000002,95,-2.512698432032616,-0.2391949289173485,67,-61.27499999999827,8.57023500000006,-69.84523499999833,TAKE_PROFIT
2026-07-24 12:07:00-04:00,2026-07-24 12:52:00-04:00,SHORT,210.97269702000003,209.94198,94,2.814189570954271,-0.42137662586394614,45,104.80060000000054,8.571200119998123,96.22939988000242,TAKE_PROFIT
2026-07-24 13:41:00-04:00,2026-07-24 13:43:00-04:00,SHORT,210.097972,209.94198,95,1.2711313877562156,-0.643980776210913,2,22.799999999998164,8.645759999998383,14.154239999999781,TAKE_PROFIT
2026-07-24 14:14:00-04:00,2026-07-24 15:50:00-04:00,LONG,209.201832,205.84882199999998,95,-2.4369676002989547,0.6081789440248289,96,-310.650000000001,8.55095000000015,-319.20095000000117,TAKE_PROFIT
2026-07-29 14:09:00-04:00,2026-07-29 14:20:00-04:00,SHORT,193.746243,192.648522,103,2.4178614041624087,0.09635645320209649,11,121.02499999999824,8.680737000000445,112.3442629999978,TAKE_PROFIT
2026-08-03 13:21:00-04:00,2026-08-03 13:42:00-04:00,SHORT,207.698452,207.851562,96,2.6549565022534747,-0.17572672542483114,21,-6.719999999999345,8.650560000000471,-15.370559999999816,TAKE_PROFIT
2026-08-04 12:36:00-04:00,2026-08-04 13:05:00-04:00,LONG,210.052002,211.047782,95,-2.862154794659342,0.44907487160734166,29,102.60000000000119,8.665899999998835,93.93410000000236,TAKE_PROFIT
2026-08-07 15:03:00-04:00,2026-08-07 15:33:00-04:00,SHORT,222.50549,222.49408992,89,2.5811782986834544,0.1265779049412793,30,8.935600000000676,8.543992879999289,0.3916071200013871,TAKE_PROFIT
2026-08-10 12:31:00-04:00,2026-08-10 13:11:00-04:00,LONG,218.52369599999997,218.1558601,91,-2.7583918421449765,0.3999833599862206,40,-25.525499999999028,8.584566899997355,-34.11006689999638,TAKE_PROFIT
2026-08-12 14:05:00-04:00,2026-08-12 14:14:00-04:00,LONG,223.45498206,223.850221,89,-2.307372475971136,0.5466850353066607,9,43.13830000000033,8.585034339999178,34.55326566000115,TAKE_PROFIT
2026-08-13 11:47:00-04:00,2026-08-13 12:30:00-04:00,SHORT,224.685054,225.34506000000002,89,2.9711993358014883,-0.22943670122151902,43,-50.73000000000192,8.633533999998955,-59.363534000000875,TAKE_PROFIT
2026-08-18 12:24:00-04:00,2026-08-18 12:41:00-04:00,LONG,219.833958,219.921007,90,-2.2445900215143597,-0.11294719945076212,17,15.750000000001023,8.54559000000035,7.2044100000006726,TAKE_PROFIT
