beta_mode,beta_days,window,z_entry,hook_delta,hook_timeout,exit_band,z_lockout,direction,trades,net_pnl,gross_pnl,costs,net_return_pct,gross_return_pct,net_sharpe,gross_sharpe,net_sortino,max_drawdown_pct,win_rate_pct,profit_factor,gross_profit_factor,avg_net_trade,median_net_trade,avg_duration,long_net_pnl,short_net_pnl
dynamic_rolling,5,60,3.0,0.05,5,0.0,4.5,both,326,3829.740536500292,6771.327700000011,2941.587163499719,3.8297405365002914,6.771327700000011,2.106809043492751,3.718744156163203,3.697098838679055,1.3334927631399478,58.58895705521472,1.4054870040443757,1.815650944501814,11.747670357362859,11.274070000001892,34.11963190184049,3467.4684886201667,362.27204788012585
dynamic_rolling,5,60,3.0,0.05,10,0.0,4.5,both,326,3829.740536500292,6771.327700000011,2941.587163499719,3.8297405365002914,6.771327700000011,2.106809043492751,3.718744156163203,3.697098838679055,1.3334927631399478,58.58895705521472,1.4054870040443757,1.815650944501814,11.747670357362859,11.274070000001892,34.11963190184049,3467.4684886201667,362.27204788012585
dynamic_rolling,5,60,3.0,0.05,20,0.0,4.5,both,326,3829.740536500292,6771.327700000011,2941.587163499719,3.8297405365002914,6.771327700000011,2.106809043492751,3.718744156163203,3.697098838679055,1.3334927631399478,58.58895705521472,1.4054870040443757,1.815650944501814,11.747670357362859,11.274070000001892,34.11963190184049,3467.4684886201667,362.27204788012585
dynamic_rolling,5,60,3.0,0.05,5,0.0,,both,338,3900.4079528402976,6949.940200000015,3049.532247159717,3.9004079528402977,6.949940200000014,2.082536921604435,3.703645332452824,3.668965813757674,1.3334927631399478,57.692307692307686,1.393779444519429,1.7993423897343417,11.539668499527508,10.870988499999115,33.94970414201183,3259.5381632001668,640.8697896401309
dynamic_rolling,5,60,3.0,0.05,10,0.0,,both,338,3900.4079528402976,6949.940200000015,3049.532247159717,3.9004079528402977,6.949940200000014,2.082536921604435,3.703645332452824,3.668965813757674,1.3334927631399478,57.692307692307686,1.393779444519429,1.7993423897343417,11.539668499527508,10.870988499999115,33.94970414201183,3259.5381632001668,640.8697896401309
dynamic_rolling,5,60,3.0,0.05,20,0.0,,both,338,3900.4079528402976,6949.940200000015,3049.532247159717,3.9004079528402977,6.949940200000014,2.082536921604435,3.703645332452824,3.668965813757674,1.3334927631399478,57.692307692307686,1.393779444519429,1.7993423897343417,11.539668499527508,10.870988499999115,33.94970414201183,3259.5381632001668,640.8697896401309
dynamic_rolling,5,60,3.0,0.15,5,0.0,4.5,both,326,3761.420928560312,6702.976400000023,2941.5554714397113,3.761420928560312,6.702976400000023,2.0488836200127962,3.648423033576148,3.5337113217780884,1.3339487718399614,59.20245398773007,1.3975299452623604,1.8044679850738827,11.538101007853717,11.646109999999382,33.969325153374236,3443.6290036201826,317.7919249401293
dynamic_rolling,5,60,3.0,0.15,10,0.0,4.5,both,326,3761.420928560312,6702.976400000023,2941.5554714397113,3.761420928560312,6.702976400000023,2.0488836200127962,3.648423033576148,3.5337113217780884,1.3339487718399614,59.20245398773007,1.3975299452623604,1.8044679850738827,11.538101007853717,11.646109999999382,33.969325153374236,3443.6290036201826,317.7919249401293
dynamic_rolling,5,60,3.0,0.0,0,0.0,4.5,both,334,4023.319000640356,7036.626200000037,3013.307199359681,4.023319000640356,7.036626200000037,2.0313013631201944,3.552296124393474,3.3907429869716577,1.2808834369999822,58.68263473053892,1.3991627807629066,1.7885341514442794,12.045865271378311,15.745447399999126,35.08083832335329,4120.710923440184,-97.3919227998276
dynamic_rolling,5,60,3.0,0.15,5,0.0,,both,338,3832.0883449003186,6881.588900000028,3049.5005550997093,3.8320883449003187,6.881588900000028,2.0271670888821887,3.6365230762681096,3.5131237196090694,1.3659026167399715,58.28402366863905,1.3862117730852783,1.7887198145359353,11.337539481953606,11.145497499999596,33.80473372781065,3235.6986782001845,596.3896667001347
dynamic_rolling,5,60,3.0,0.15,10,0.0,,both,338,3832.0883449003186,6881.588900000028,3049.5005550997093,3.8320883449003187,6.881588900000028,2.0271670888821887,3.6365230762681096,3.5131237196090694,1.3659026167399715,58.28402366863905,1.3862117730852783,1.7887198145359353,11.337539481953606,11.145497499999596,33.80473372781065,3235.6986782001845,596.3896667001347
dynamic_rolling,5,60,3.0,0.0,0,0.0,4.0,both,311,3969.81412236035,6775.811800000042,2805.997677639692,3.9698141223603503,6.775811800000042,2.015173724267025,3.435163169656282,3.3940252518187486,1.2025463657399813,59.163987138263664,1.4137142960086282,1.794313211228127,12.764675634599197,16.5968459999985,35.40192926045016,4231.5356787001865,-261.7215563398339
dynamic_rolling,5,60,3.0,0.0,0,0.0,,both,342,4082.1167927203714,7167.735800000042,3085.6190072796708,4.082116792720371,7.167735800000043,1.9815597493292734,3.4821200216822876,3.323773974237707,1.2808834369999822,57.89473684210527,1.3878298195413923,1.7685842352780592,11.936014013802255,14.806022320003152,34.941520467836256,3962.5297460201878,119.58704670018295
dynamic_rolling,5,60,3.0,0.05,5,0.0,3.5,both,220,3359.1910575802276,5345.877500000017,1986.6864424197893,3.3591910575802277,5.345877500000016,1.9331138476323986,3.0544486600249012,3.4505034610722234,1.2392743894199667,59.54545454545455,1.532580272496861,1.9625411835184992,15.269050261728307,14.60776497000216,34.731818181818184,2709.5695684801335,649.6214891000941
dynamic_rolling,5,60,3.0,0.05,10,0.0,3.5,both,220,3359.1910575802276,5345.877500000017,1986.6864424197893,3.3591910575802277,5.345877500000016,1.9331138476323986,3.0544486600249012,3.4505034610722234,1.2392743894199667,59.54545454545455,1.532580272496861,1.9625411835184992,15.269050261728307,14.60776497000216,34.731818181818184,2709.5695684801335,649.6214891000941
dynamic_rolling,5,60,3.0,0.05,20,0.0,3.5,both,220,3359.1910575802276,5345.877500000017,1986.6864424197893,3.3591910575802277,5.345877500000016,1.9331138476323986,3.0544486600249012,3.4505034610722234,1.2392743894199667,59.54545454545455,1.532580272496861,1.9625411835184992,15.269050261728307,14.60776497000216,34.731818181818184,2709.5695684801335,649.6214891000941
dynamic_rolling,5,60,3.0,0.15,5,0.0,3.5,both,218,3379.037249380247,5347.718300000034,1968.6810506197871,3.379037249380247,5.347718300000034,1.9223100502006794,3.0234659183465595,3.374724251906447,1.2397303981199803,60.550458715596335,1.5386847871600617,1.9649724691375314,15.50017086871673,14.761814999999729,34.481651376146786,2728.3453645601494,650.6918848200975
dynamic_rolling,5,60,3.0,0.15,10,0.0,3.5,both,218,3379.037249380247,5347.718300000034,1968.6810506197871,3.379037249380247,5.347718300000034,1.9223100502006794,3.0234659183465595,3.374724251906447,1.2397303981199803,60.550458715596335,1.5386847871600617,1.9649724691375314,15.50017086871673,14.761814999999729,34.481651376146786,2728.3453645601494,650.6918848200975
dynamic_rolling,5,60,3.0,0.0,0,0.0,3.5,both,252,3653.9264009402937,5930.226500000035,2276.3000990597416,3.6539264009402936,5.930226500000035,1.9020045716528096,3.073876815507406,3.170848867474206,1.2761097789399791,59.92063492063492,1.4628936817000098,1.8411240238653435,14.49970794023926,17.611424020002225,35.551587301587304,3469.2664395601587,184.65996138013486
dynamic_rolling,5,60,3.0,0.15,5,0.0,4.0,both,294,3486.7996837803103,6139.421700000032,2652.6220162197214,3.48679968378031,6.139421700000032,1.8807252160085868,3.2972906624575984,3.229802344513965,1.2701792864799646,58.843537414965986,1.3953800710804396,1.7883698813362081,11.859862870001056,11.274070000001892,34.673469387755105,3241.852938660182,244.94674512012722
dynamic_rolling,5,60,3.0,0.15,10,0.0,4.0,both,294,3486.7996837803103,6139.421700000032,2652.6220162197214,3.48679968378031,6.139421700000032,1.8807252160085868,3.2972906624575984,3.229802344513965,1.2701792864799646,58.843537414965986,1.3953800710804396,1.7883698813362081,11.859862870001056,11.274070000001892,34.673469387755105,3241.852938660182,244.94674512012722
dynamic_rolling,5,60,3.0,0.05,5,0.0,4.0,both,295,3448.8355625602935,6110.49880000002,2661.663237439727,3.4488355625602938,6.11049880000002,1.8716848780803128,3.298824442794334,3.2649346144770766,1.2697232777799508,57.96610169491525,1.387441382651275,1.7786113576795661,11.690968008678961,11.08187499999702,34.91525423728814,3255.6104076601678,193.22515490012444
dynamic_rolling,5,60,3.0,0.05,10,0.0,4.0,both,295,3448.8355625602935,6110.49880000002,2661.663237439727,3.4488355625602938,6.11049880000002,1.8716848780803128,3.298824442794334,3.2649346144770766,1.2697232777799508,57.96610169491525,1.387441382651275,1.7786113576795661,11.690968008678961,11.08187499999702,34.91525423728814,3255.6104076601678,193.22515490012444
dynamic_rolling,5,60,3.0,0.05,20,0.0,4.0,both,295,3448.8355625602935,6110.49880000002,2661.663237439727,3.4488355625602938,6.11049880000002,1.8716848780803128,3.298824442794334,3.2649346144770766,1.2697232777799508,57.96610169491525,1.387441382651275,1.7786113576795661,11.690968008678961,11.08187499999702,34.91525423728814,3255.6104076601678,193.22515490012444
dynamic_rolling,5,60,3.0,0.15,5,0.5,3.5,both,217,2783.90926212021,4743.398599999988,1959.4893378797778,2.78390926212021,4.743398599999988,1.4978272994479254,2.5353905803975736,2.5452881317210547,1.3310268075399945,57.14285714285714,1.3989713920958429,1.7664461680394834,12.829074940646128,12.029297159999041,42.73271889400922,2508.277686900104,275.63157522010556
dynamic_rolling,5,60,3.0,0.15,10,0.5,3.5,both,217,2783.90926212021,4743.398599999988,1959.4893378797778,2.78390926212021,4.743398599999988,1.4978272994479254,2.5353905803975736,2.5452881317210547,1.3310268075399945,57.14285714285714,1.3989713920958429,1.7664461680394834,12.829074940646128,12.029297159999041,42.73271889400922,2508.277686900104,275.63157522010556
dynamic_rolling,5,60,3.0,0.15,5,0.25,3.5,both,217,2767.380738460232,4726.930300000013,1959.5495615397808,2.7673807384602322,4.726930300000013,1.493234119337138,2.5346939755456073,2.5235950709533665,1.2958539270799374,58.06451612903226,1.4046173545725655,1.779781056290137,12.752906628848995,9.822174000007816,39.17972350230415,2650.5742219001277,116.80651656010428
dynamic_rolling,5,60,3.0,0.15,10,0.25,3.5,both,217,2767.380738460232,4726.930300000013,1959.5495615397808,2.7673807384602322,4.726930300000013,1.493234119337138,2.5346939755456073,2.5235950709533665,1.2958539270799374,58.06451612903226,1.4046173545725655,1.779781056290137,12.752906628848995,9.822174000007816,39.17972350230415,2650.5742219001277,116.80651656010428
dynamic_rolling,5,60,3.0,0.05,5,0.5,3.5,both,219,2744.700799420192,4722.202299999972,1977.5015005797795,2.744700799420192,4.722202299999972,1.4921971198458142,2.5488563811909337,2.5747463305427387,1.3041936522999895,57.077625570776256,1.3906262781549543,1.758191785242781,12.53288036264928,10.660102000001212,42.954337899543376,2502.0588789200892,242.6419205001028
dynamic_rolling,5,60,3.0,0.05,10,0.5,3.5,both,219,2744.700799420192,4722.202299999972,1977.5015005797795,2.744700799420192,4.722202299999972,1.4921971198458142,2.5488563811909337,2.5747463305427387,1.3041936522999895,57.077625570776256,1.3906262781549543,1.758191785242781,12.53288036264928,10.660102000001212,42.954337899543376,2502.0588789200892,242.6419205001028
dynamic_rolling,5,60,3.0,0.05,20,0.5,3.5,both,219,2744.700799420192,4722.202299999972,1977.5015005797795,2.744700799420192,4.722202299999972,1.4921971198458142,2.5488563811909337,2.5747463305427387,1.3041936522999895,57.077625570776256,1.3906262781549543,1.758191785242781,12.53288036264928,10.660102000001212,42.954337899543376,2502.0588789200892,242.6419205001028
dynamic_rolling,5,60,3.0,0.05,5,0.25,3.5,both,219,2691.920681660212,4669.484499999997,1977.563818339785,2.6919206816602115,4.669484499999997,1.463444443424041,2.521664272935769,2.493975374221626,1.3096981188799692,57.534246575342465,1.38927848555145,1.7621558300870792,12.291875258722428,8.846555999999605,39.42465753424658,2631.4684918201106,60.4521898400997
dynamic_rolling,5,60,3.0,0.05,10,0.25,3.5,both,219,2691.920681660212,4669.484499999997,1977.563818339785,2.6919206816602115,4.669484499999997,1.463444443424041,2.521664272935769,2.493975374221626,1.3096981188799692,57.534246575342465,1.38927848555145,1.7621558300870792,12.291875258722428,8.846555999999605,39.42465753424658,2631.4684918201106,60.4521898400997
dynamic_rolling,5,60,3.0,0.05,20,0.25,3.5,both,219,2691.920681660212,4669.484499999997,1977.563818339785,2.6919206816602115,4.669484499999997,1.463444443424041,2.521664272935769,2.493975374221626,1.3096981188799692,57.534246575342465,1.38927848555145,1.7621558300870792,12.291875258722428,8.846555999999605,39.42465753424658,2631.4684918201106,60.4521898400997
dynamic_rolling,5,60,3.0,0.05,5,0.5,4.5,both,322,2832.54827038025,5738.396499999959,2905.848229619709,2.83254827038025,5.738396499999959,1.4316666104681126,2.8923244923154696,2.4208045405517553,1.6605091242399648,57.14285714285714,1.267966027412695,1.6112308605051167,8.796733758944876,11.37095800000005,42.18012422360248,3395.230393020116,-562.6821226398658
dynamic_rolling,5,60,3.0,0.05,10,0.5,4.5,both,322,2832.54827038025,5738.396499999959,2905.848229619709,2.83254827038025,5.738396499999959,1.4316666104681126,2.8923244923154696,2.4208045405517553,1.6605091242399648,57.14285714285714,1.267966027412695,1.6112308605051167,8.796733758944876,11.37095800000005,42.18012422360248,3395.230393020116,-562.6821226398658
dynamic_rolling,5,60,3.0,0.05,20,0.5,4.5,both,322,2832.54827038025,5738.396499999959,2905.848229619709,2.83254827038025,5.738396499999959,1.4316666104681126,2.8923244923154696,2.4208045405517553,1.6605091242399648,57.14285714285714,1.267966027412695,1.6112308605051167,8.796733758944876,11.37095800000005,42.18012422360248,3395.230393020116,-562.6821226398658
dynamic_rolling,5,60,3.0,0.0,0,0.5,4.5,both,329,2979.980905920307,5948.5315999999775,2968.5506940796704,2.979980905920307,5.948531599999978,1.4165360673737768,2.8237810159697574,2.3078474874060446,1.5184042240999551,58.96656534954408,1.2673058755336999,1.595147472328013,9.057692723162027,13.178450999998722,43.006079027355625,4019.8011325401394,-1039.8202266198305
dynamic_rolling,5,60,3.0,0.15,5,0.5,4.5,both,322,2769.1930233402686,5675.01069999997,2905.817676659701,2.7691930233402684,5.675010699999969,1.3851704462096281,2.8325704319480107,2.3031527721309457,1.6806659602799336,57.14285714285714,1.261228487440305,1.602549123056434,8.599978333354871,11.991248579998096,42.03416149068323,3371.411403920133,-602.2183805798641
dynamic_rolling,5,60,3.0,0.15,10,0.5,4.5,both,322,2769.1930233402686,5675.01069999997,2905.817676659701,2.7691930233402684,5.675010699999969,1.3851704462096281,2.8325704319480107,2.3031527721309457,1.6806659602799336,57.14285714285714,1.261228487440305,1.602549123056434,8.599978333354871,11.991248579998096,42.03416149068323,3371.411403920133,-602.2183805798641
dynamic_rolling,5,60,3.0,0.0,0,0.5,4.0,both,307,2896.2374486603007,5666.4764999999825,2770.2390513396817,2.8962374486603006,5.666476499999982,1.3827585101386557,2.6992864413967275,2.2614076050588925,1.811860846459953,59.60912052117264,1.2702531663169714,1.5874144605567593,9.433998204105214,14.361963599999351,43.36156351791531,4116.098250380136,-1219.860801719833
fixed_1.75,10,120,3.0,0.0,0,0.25,,both,194,3159.2048718601686,4913.263100000011,1754.0582281398424,3.159204871860169,4.913263100000011,1.324820526374918,2.0399717786116938,2.096619416594089,1.8465673998199343,52.57731958762887,1.3131731036360517,1.5275451887030007,16.284561195155508,10.625561500003135,59.91752577319588,4456.546976240093,-1297.3421043799265
dynamic_rolling,5,60,3.0,0.05,5,0.5,,both,333,2673.94582900024,5678.726199999948,3004.7803709997083,2.67394582900024,5.678726199999948,1.3170667450958446,2.7865422620314604,2.1843657008896704,1.4680726958399317,56.75675675675676,1.2399615946958202,1.5731966886590005,8.029867354355074,10.660102000001212,41.846846846846844,3024.4291870201146,-350.4833580198748
dynamic_rolling,5,60,3.0,0.05,10,0.5,,both,333,2673.94582900024,5678.726199999948,3004.7803709997083,2.67394582900024,5.678726199999948,1.3170667450958446,2.7865422620314604,2.1843657008896704,1.4680726958399317,56.75675675675676,1.2399615946958202,1.5731966886590005,8.029867354355074,10.660102000001212,41.846846846846844,3024.4291870201146,-350.4833580198748
dynamic_rolling,5,60,3.0,0.05,20,0.5,,both,333,2673.94582900024,5678.726199999948,3004.7803709997083,2.67394582900024,5.678726199999948,1.3170667450958446,2.7865422620314604,2.1843657008896704,1.4680726958399317,56.75675675675676,1.2399615946958202,1.5731966886590005,8.029867354355074,10.660102000001212,41.846846846846844,3024.4291870201146,-350.4833580198748
fixed_1.75,10,120,3.0,0.0,0,0.5,,both,192,3155.070108700165,4891.078700000008,1736.0085912998434,3.155070108700165,4.891078700000008,1.3012728754624219,1.9969333691055937,2.031246227056581,1.7970102420999612,51.5625,1.3025658193099898,1.5075374269364379,16.432656816146693,10.585516000001533,64.63020833333333,4085.4594903000943,-930.389381599929
dynamic_rolling,5,60,3.0,0.0,0,0.5,,both,337,2824.0978573403168,5864.953699999976,3040.8558426596596,2.824097857340317,5.864953699999977,1.300720671755304,2.6979737037952756,2.090425849469849,1.4114578255599481,58.160237388724035,1.2408561613958329,1.557071303818627,8.380112336321414,12.943736640000738,42.724035608308604,3737.6526535401417,-913.5547961998242
dynamic_rolling,20,60,3.0,0.05,5,0.25,4.5,both,299,2169.0784209001686,4864.993699999954,2695.915279099785,2.1690784209001683,4.864993699999954,1.2917035252783224,2.8783680909592224,1.9030445007820032,1.8285225551199547,54.84949832775919,1.2107075650168353,1.5316929809495676,7.2544428792647775,8.742239999998892,37.1505016722408,1855.434380520104,313.6440403800641
dynamic_rolling,20,60,3.0,0.05,10,0.25,4.5,both,299,2169.0784209001686,4864.993699999954,2695.915279099785,2.1690784209001683,4.864993699999954,1.2917035252783224,2.8783680909592224,1.9030445007820032,1.8285225551199547,54.84949832775919,1.2107075650168353,1.5316929809495676,7.2544428792647775,8.742239999998892,37.1505016722408,1855.434380520104,313.6440403800641
dynamic_rolling,20,60,3.0,0.05,20,0.25,4.5,both,299,2169.0784209001686,4864.993699999954,2695.915279099785,2.1690784209001683,4.864993699999954,1.2917035252783224,2.8783680909592224,1.9030445007820032,1.8285225551199547,54.84949832775919,1.2107075650168353,1.5316929809495676,7.2544428792647775,8.742239999998892,37.1505016722408,1855.434380520104,313.6440403800641
dynamic_rolling,20,60,3.0,0.05,5,0.5,4.5,both,296,2249.110470160168,4918.358599999938,2669.2481298397697,2.249110470160168,4.918358599999937,1.2827569307107671,2.785855456409266,1.925802253521617,1.8007762799999765,53.71621621621622,1.2108893138332835,1.5171278433241613,7.598346182973541,7.732865999999575,41.12837837837838,2157.1597415001106,91.95072866005603
dynamic_rolling,20,60,3.0,0.05,10,0.5,4.5,both,296,2249.110470160168,4918.358599999938,2669.2481298397697,2.249110470160168,4.918358599999937,1.2827569307107671,2.785855456409266,1.925802253521617,1.8007762799999765,53.71621621621622,1.2108893138332835,1.5171278433241613,7.598346182973541,7.732865999999575,41.12837837837838,2157.1597415001106,91.95072866005603
dynamic_rolling,20,60,3.0,0.05,20,0.5,4.5,both,296,2249.110470160168,4918.358599999938,2669.2481298397697,2.249110470160168,4.918358599999937,1.2827569307107671,2.785855456409266,1.925802253521617,1.8007762799999765,53.71621621621622,1.2108893138332835,1.5171278433241613,7.598346182973541,7.732865999999575,41.12837837837838,2157.1597415001106,91.95072866005603
dynamic_rolling,5,60,3.0,0.15,5,0.5,,both,333,2610.5905819602585,5615.34039999996,3004.7498180397015,2.6105905819602584,5.61534039999996,1.273331899359331,2.7300979351062247,2.080421981988291,1.5171181400399363,56.75675675675676,1.2336448322472324,1.565083356818339,7.839611357238014,11.615270000000432,41.705705705705704,3000.610197920131,-390.0196159598735
dynamic_rolling,5,60,3.0,0.15,10,0.5,,both,333,2610.5905819602585,5615.34039999996,3004.7498180397015,2.6105905819602584,5.61534039999996,1.273331899359331,2.7300979351062247,2.080421981988291,1.5171181400399363,56.75675675675676,1.2336448322472324,1.565083356818339,7.839611357238014,11.615270000000432,41.705705705705704,3000.610197920131,-390.0196159598735
dynamic_rolling,5,60,3.0,0.05,5,0.25,4.5,both,325,2446.1121209202765,5378.707599999995,2932.5954790797186,2.4461121209202763,5.378707599999996,1.2644230026001917,2.7752586996845543,2.0649187875829607,1.6496372859399706,57.230769230769226,1.230221080870794,1.569892211196984,7.526498833600851,8.656615999999998,38.79692307692308,3358.6091648401375,-912.497043919861
dynamic_rolling,5,60,3.0,0.05,10,0.25,4.5,both,325,2446.1121209202765,5378.707599999995,2932.5954790797186,2.4461121209202763,5.378707599999996,1.2644230026001917,2.7752586996845543,2.0649187875829607,1.6496372859399706,57.230769230769226,1.230221080870794,1.569892211196984,7.526498833600851,8.656615999999998,38.79692307692308,3358.6091648401375,-912.497043919861
dynamic_rolling,5,60,3.0,0.05,20,0.25,4.5,both,325,2446.1121209202765,5378.707599999995,2932.5954790797186,2.4461121209202763,5.378707599999996,1.2644230026001917,2.7752586996845543,2.0649187875829607,1.6496372859399706,57.230769230769226,1.230221080870794,1.569892211196984,7.526498833600851,8.656615999999998,38.79692307692308,3358.6091648401375,-912.497043919861
dynamic_rolling,5,60,3.0,0.0,0,0.25,4.5,both,332,2620.3899933603407,5615.704000000022,2995.314006639681,2.6203899933603405,5.615704000000021,1.261891659941754,2.7024098922580504,1.9984721128248504,1.4287639952598692,59.036144578313255,1.2319537230249706,1.554207416406518,7.892740943856448,13.236280999999934,39.69578313253012,3982.8082530201573,-1362.4182596598152
dynamic_rolling,20,60,3.0,0.05,5,0.5,,both,311,2158.958033860173,4963.103699999928,2804.1456661397547,2.158958033860173,4.9631036999999285,1.223400086406415,2.7881443670236363,1.8435879089041638,1.976626134519989,53.054662379421224,1.193858280601913,1.501139004674512,6.941987247138821,6.633955999996459,41.20900321543408,1917.2510248601175,241.70700900005585
dynamic_rolling,20,60,3.0,0.05,10,0.5,,both,311,2158.958033860173,4963.103699999928,2804.1456661397547,2.158958033860173,4.9631036999999285,1.223400086406415,2.7881443670236363,1.8435879089041638,1.976626134519989,53.054662379421224,1.193858280601913,1.501139004674512,6.941987247138821,6.633955999996459,41.20900321543408,1917.2510248601175,241.70700900005585
dynamic_rolling,20,60,3.0,0.05,20,0.5,,both,311,2158.958033860173,4963.103699999928,2804.1456661397547,2.158958033860173,4.9631036999999285,1.223400086406415,2.7881443670236363,1.8435879089041638,1.976626134519989,53.054662379421224,1.193858280601913,1.501139004674512,6.941987247138821,6.633955999996459,41.20900321543408,1917.2510248601175,241.70700900005585
dynamic_rolling,5,60,3.0,0.15,5,0.25,4.5,both,325,2383.1763339802956,5315.741300000006,2932.5649660197105,2.3831763339802956,5.315741300000006,1.219088792923706,2.715831804389788,1.9667905368355791,1.6697941219799541,57.53846153846154,1.223741795162326,1.5615587148139307,7.332850258400909,8.756915220007043,38.652307692307694,3335.0996138401542,-951.9232798598593
dynamic_rolling,5,60,3.0,0.15,10,0.25,4.5,both,325,2383.1763339802956,5315.741300000006,2932.5649660197105,2.3831763339802956,5.315741300000006,1.219088792923706,2.715831804389788,1.9667905368355791,1.6697941219799541,57.53846153846154,1.223741795162326,1.5615587148139307,7.332850258400909,8.756915220007043,38.652307692307694,3335.0996138401542,-951.9232798598593
dynamic_rolling,5,60,3.0,0.0,0,0.25,4.0,both,310,2492.4340446603296,5289.431700000023,2796.997655339693,2.4924340446603295,5.289431700000023,1.2065662521714364,2.556142516629796,1.917408113527236,1.7450951916198827,59.03225806451613,1.2294680116795855,1.5413853199051826,8.040109821484934,14.637880320002392,40.16129032258065,4045.232146860156,-1552.7981021998246
dynamic_rolling,5,60,3.0,0.0,0,0.5,3.5,both,250,2471.1215051602467,4729.561799999973,2258.4402948397264,2.4711215051602466,4.729561799999973,1.205185498406366,2.292440301094476,1.9263918663280066,1.7118436135199737,58.8,1.2714363853707447,1.5752021323514567,9.884486020640987,14.264541800000732,43.976,3275.165127140109,-804.0436219798615
dynamic_rolling,5,60,3.0,0.0,0,0.25,,both,340,2542.6129628603567,5610.216500000024,3067.6035371396674,2.542612962860357,5.610216500000024,1.1766508364796378,2.594752642222818,1.8510605132377997,1.3674955982999526,58.235294117647065,1.214324743198228,1.5265196888146615,7.47827342017752,12.286669000001314,39.46764705882353,3700.659774020161,-1158.046811159803
dynamic_rolling,5,60,3.0,0.05,5,0.25,,both,336,2341.0960946802834,5372.612999999997,3031.5169053197133,2.3410960946802835,5.372612999999997,1.173711196173137,2.686264998512032,1.8979903222417507,1.4280991033199535,56.25,1.2092762642588386,1.5406780391736314,6.967547900834177,8.209360160001829,38.532738095238095,2987.807958840137,-646.7118641598536
dynamic_rolling,5,60,3.0,0.05,10,0.25,,both,336,2341.0960946802834,5372.612999999997,3031.5169053197133,2.3410960946802835,5.372612999999997,1.173711196173137,2.686264998512032,1.8979903222417507,1.4280991033199535,56.25,1.2092762642588386,1.5406780391736314,6.967547900834177,8.209360160001829,38.532738095238095,2987.807958840137,-646.7118641598536
dynamic_rolling,5,60,3.0,0.05,20,0.25,,both,336,2341.0960946802834,5372.612999999997,3031.5169053197133,2.3410960946802835,5.372612999999997,1.173711196173137,2.686264998512032,1.8979903222417507,1.4280991033199535,56.25,1.2092762642588386,1.5406780391736314,6.967547900834177,8.209360160001829,38.532738095238095,2987.807958840137,-646.7118641598536
dynamic_rolling,5,60,3.0,0.0,0,0.25,3.5,both,251,2356.583405620272,4623.827900000009,2267.2444943797373,2.356583405620272,4.623827900000009,1.1620344437984023,2.2678665156820794,1.8460563924581275,1.5211254335399134,58.964143426294825,1.2630514206794772,1.5722886081638392,9.388778508447299,14.42344064000014,40.745019920318725,3234.007500760134,-877.4240951398614
dynamic_rolling,20,60,3.0,0.05,5,0.5,4.0,both,273,2027.3753795601624,4489.387999999946,2462.012620439784,2.0273753795601626,4.489387999999947,1.158438249831148,2.5390664210421416,1.713945602537382,1.8905891980199812,53.47985347985348,1.2006348296388205,1.496968009926273,7.426283441612316,7.842060000000165,42.16849816849817,1992.575036800109,34.80034276005365
dynamic_rolling,20,60,3.0,0.05,10,0.5,4.0,both,273,2027.3753795601624,4489.387999999946,2462.012620439784,2.0273753795601626,4.489387999999947,1.158438249831148,2.5390664210421416,1.713945602537382,1.8905891980199812,53.47985347985348,1.2006348296388205,1.496968009926273,7.426283441612316,7.842060000000165,42.16849816849817,1992.575036800109,34.80034276005365
dynamic_rolling,20,60,3.0,0.05,20,0.5,4.0,both,273,2027.3753795601624,4489.387999999946,2462.012620439784,2.0273753795601626,4.489387999999947,1.158438249831148,2.5390664210421416,1.713945602537382,1.8905891980199812,53.47985347985348,1.2006348296388205,1.496968009926273,7.426283441612316,7.842060000000165,42.16849816849817,1992.575036800109,34.80034276005365
dynamic_rolling,20,60,3.0,0.05,5,0.25,,both,314,1904.8997370201726,4735.760899999947,2830.8611629797742,1.9048997370201726,4.7357608999999465,1.141760684999775,2.817855045436061,1.671452606346556,2.014933578939963,53.18471337579618,1.1772244942573666,1.497941722946413,6.066559672038766,7.128813999997722,37.26433121019108,1649.398887880106,255.50084914006658
dynamic_rolling,20,60,3.0,0.05,10,0.25,,both,314,1904.8997370201726,4735.760899999947,2830.8611629797742,1.9048997370201726,4.7357608999999465,1.141760684999775,2.817855045436061,1.671452606346556,2.014933578939963,53.18471337579618,1.1772244942573666,1.497941722946413,6.066559672038766,7.128813999997722,37.26433121019108,1649.398887880106,255.50084914006658
dynamic_rolling,20,60,3.0,0.05,20,0.25,,both,314,1904.8997370201726,4735.760899999947,2830.8611629797742,1.9048997370201726,4.7357608999999465,1.141760684999775,2.817855045436061,1.671452606346556,2.014933578939963,53.18471337579618,1.1772244942573666,1.497941722946413,6.066559672038766,7.128813999997722,37.26433121019108,1649.398887880106,255.50084914006658
dynamic_rolling,5,60,3.0,0.15,5,0.25,,both,336,2278.1603077403015,5309.646700000008,3031.486392259707,2.2781603077403014,5.309646700000008,1.1310936855471725,2.630348644314915,1.8090427653480528,1.4730206140199589,56.547619047619044,1.203170789445361,1.532843492138586,6.78023901113185,8.557976660000406,38.392857142857146,2964.2984078401537,-686.1381000998522
dynamic_rolling,5,60,3.0,0.15,10,0.25,,both,336,2278.1603077403015,5309.646700000008,3031.486392259707,2.2781603077403014,5.309646700000008,1.1310936855471725,2.630348644314915,1.8090427653480528,1.4730206140199589,56.547619047619044,1.203170789445361,1.532843492138586,6.78023901113185,8.557976660000406,38.392857142857146,2964.2984078401537,-686.1381000998522
dynamic_rolling,5,60,3.0,0.15,5,0.5,4.0,both,291,2203.404176980265,4829.262699999976,2625.8585230197104,2.2034041769802655,4.829262699999975,1.1024752198055452,2.402917775483472,1.8015642038708795,2.156024184799899,56.013745704467354,1.2172723800760812,1.533849542586354,7.5718356597259975,11.615270000000432,42.93127147766323,3041.90389036013,-838.499713379865
dynamic_rolling,5,60,3.0,0.15,10,0.5,4.0,both,291,2203.404176980265,4829.262699999976,2625.8585230197104,2.2034041769802655,4.829262699999975,1.1024752198055452,2.402917775483472,1.8015642038708795,2.156024184799899,56.013745704467354,1.2172723800760812,1.533849542586354,7.5718356597259975,11.615270000000432,42.93127147766323,3041.90389036013,-838.499713379865
dynamic_rolling,5,60,3.0,0.05,5,0.5,4.0,both,292,2162.6061208602478,4797.504299999964,2634.8981791397164,2.162606120860248,4.797504299999964,1.0907241326592145,2.404280861914443,1.8090754298047294,2.229938635919927,55.821917808219176,1.2118359390602182,1.526920176678616,7.406185345411807,9.90936350000223,43.14383561643836,3055.640863460116,-893.0347425998683
dynamic_rolling,5,60,3.0,0.05,10,0.5,4.0,both,292,2162.6061208602478,4797.504299999964,2634.8981791397164,2.162606120860248,4.797504299999964,1.0907241326592145,2.404280861914443,1.8090754298047294,2.229938635919927,55.821917808219176,1.2118359390602182,1.526920176678616,7.406185345411807,9.90936350000223,43.14383561643836,3055.640863460116,-893.0347425998683
dynamic_rolling,5,60,3.0,0.05,20,0.5,4.0,both,292,2162.6061208602478,4797.504299999964,2634.8981791397164,2.162606120860248,4.797504299999964,1.0907241326592145,2.404280861914443,1.8090754298047294,2.229938635919927,55.821917808219176,1.2118359390602182,1.526920176678616,7.406185345411807,9.90936350000223,43.14383561643836,3055.640863460116,-893.0347425998683
dynamic_rolling,20,60,3.0,0.05,5,0.25,4.0,both,276,1785.6524755201665,4274.3757999999625,2488.7233244797962,1.7856524755201664,4.274375799999962,1.0717627794747113,2.5387042919217904,1.545903999131128,1.8876342146199605,54.347826086956516,1.1824031006467322,1.49038375350252,6.46975534608756,8.658553999999338,38.01449275362319,1718.907363160107,66.74511236005952
dynamic_rolling,20,60,3.0,0.05,10,0.25,4.0,both,276,1785.6524755201665,4274.3757999999625,2488.7233244797962,1.7856524755201664,4.274375799999962,1.0717627794747113,2.5387042919217904,1.545903999131128,1.8876342146199605,54.347826086956516,1.1824031006467322,1.49038375350252,6.46975534608756,8.658553999999338,38.01449275362319,1718.907363160107,66.74511236005952
dynamic_rolling,20,60,3.0,0.05,20,0.25,4.0,both,276,1785.6524755201665,4274.3757999999625,2488.7233244797962,1.7856524755201664,4.274375799999962,1.0717627794747113,2.5387042919217904,1.545903999131128,1.8876342146199605,54.347826086956516,1.1824031006467322,1.49038375350252,6.46975534608756,8.658553999999338,38.01449275362319,1718.907363160107,66.74511236005952
dynamic_rolling,20,60,3.0,0.05,5,0.25,3.5,both,201,1613.369363100139,3424.5278999999814,1811.1585368998424,1.6133693631001391,3.4245278999999815,1.0715981034466342,2.2460793706277515,1.579241354736831,1.8479996049999752,54.22885572139303,1.2349573773699039,1.5624633773544137,8.026713249254422,8.756915220007043,39.582089552238806,928.6230625200944,684.7463005800438
dynamic_rolling,20,60,3.0,0.05,10,0.25,3.5,both,201,1613.369363100139,3424.5278999999814,1811.1585368998424,1.6133693631001391,3.4245278999999815,1.0715981034466342,2.2460793706277515,1.579241354736831,1.8479996049999752,54.22885572139303,1.2349573773699039,1.5624633773544137,8.026713249254422,8.756915220007043,39.582089552238806,928.6230625200944,684.7463005800438
dynamic_rolling,20,60,3.0,0.05,20,0.25,3.5,both,201,1613.369363100139,3424.5278999999814,1811.1585368998424,1.6133693631001391,3.4245278999999815,1.0715981034466342,2.2460793706277515,1.579241354736831,1.8479996049999752,54.22885572139303,1.2349573773699039,1.5624633773544137,8.026713249254422,8.756915220007043,39.582089552238806,928.6230625200944,684.7463005800438
dynamic_rolling,20,120,3.0,0.05,5,0.25,,both,173,2149.5743323801453,3711.2108999999928,1561.6365676198475,2.149574332380145,3.7112108999999927,1.0661956025405182,1.824142214337844,1.7137234866463111,1.7253058743399743,56.06936416184971,1.2949397652360384,1.5596653424620206,12.425285158266735,11.805849000000295,61.179190751445084,1026.143302580075,1123.4310298000705
dynamic_rolling,20,120,3.0,0.05,10,0.25,,both,173,2149.5743323801453,3711.2108999999928,1561.6365676198475,2.149574332380145,3.7112108999999927,1.0661956025405182,1.824142214337844,1.7137234866463111,1.7253058743399743,56.06936416184971,1.2949397652360384,1.5596653424620206,12.425285158266735,11.805849000000295,61.179190751445084,1026.143302580075,1123.4310298000705
dynamic_rolling,20,120,3.0,0.05,20,0.25,,both,173,2149.5743323801453,3711.2108999999928,1561.6365676198475,2.149574332380145,3.7112108999999927,1.0661956025405182,1.824142214337844,1.7137234866463111,1.7253058743399743,56.06936416184971,1.2949397652360384,1.5596653424620206,12.425285158266735,11.805849000000295,61.179190751445084,1026.143302580075,1123.4310298000705
fixed_1.75,10,120,3.0,0.0,0,0.0,,both,194,2391.682375880176,4145.601000000015,1753.918624119839,2.391682375880176,4.145601000000015,1.048457884975787,1.7995670446688397,1.734203320310467,1.9956310345998935,52.0618556701031,1.2441949981129239,1.460188181576432,12.328259669485444,9.781312000000845,54.05154639175258,3723.852444460096,-1332.170068579919
dynamic_rolling,20,60,3.0,0.05,5,0.5,3.5,both,199,1655.1299497001426,3448.538499999971,1793.4085502998284,1.6551299497001424,3.448538499999971,1.0422610630801095,2.1422338588451715,1.5415881221706944,1.8618109581399767,54.2713567839196,1.2293303816982197,1.5345684845812189,8.31723592814142,10.660102000001212,43.51256281407035,1041.3899227601041,613.7400269400387
dynamic_rolling,20,60,3.0,0.05,10,0.5,3.5,both,199,1655.1299497001426,3448.538499999971,1793.4085502998284,1.6551299497001424,3.448538499999971,1.0422610630801095,2.1422338588451715,1.5415881221706944,1.8618109581399767,54.2713567839196,1.2293303816982197,1.5345684845812189,8.31723592814142,10.660102000001212,43.51256281407035,1041.3899227601041,613.7400269400387
dynamic_rolling,20,60,3.0,0.05,20,0.5,3.5,both,199,1655.1299497001426,3448.538499999971,1793.4085502998284,1.6551299497001424,3.448538499999971,1.0422610630801095,2.1422338588451715,1.5415881221706944,1.8618109581399767,54.2713567839196,1.2293303816982197,1.5345684845812189,8.31723592814142,10.660102000001212,43.51256281407035,1041.3899227601041,613.7400269400387
dynamic_rolling,5,60,3.0,0.15,5,0.25,4.0,both,293,1949.7818516602924,4593.40310000001,2643.621248339718,1.9497818516602923,4.59340310000001,0.9921663325413881,2.3257989980940263,1.580919759303261,2.16792345449992,56.655290102389074,1.1940243465891598,1.5130533305028724,6.6545455688064585,8.756915220007043,39.658703071672356,3028.2966584601545,-1078.514806799862
dynamic_rolling,5,60,3.0,0.15,10,0.25,4.0,both,293,1949.7818516602924,4593.40310000001,2643.621248339718,1.9497818516602923,4.59340310000001,0.9921663325413881,2.3257989980940263,1.580919759303261,2.16792345449992,56.655290102389074,1.1940243465891598,1.5130533305028724,6.6545455688064585,8.756915220007043,39.658703071672356,3028.2966584601545,-1078.514806799862
dynamic_rolling,20,120,3.0,0.05,5,0.0,,both,173,1942.5960367601488,3504.202800000003,1561.6067632398544,1.9425960367601487,3.504202800000003,0.9829668109610136,1.7565624074520756,1.5661602316602035,1.7680223092999077,59.53757225433526,1.2664078982631428,1.5244676960964636,11.228878825203171,14.038847999999046,56.809248554913296,848.16390558006,1094.4321311800886
dynamic_rolling,20,120,3.0,0.05,10,0.0,,both,173,1942.5960367601488,3504.202800000003,1561.6067632398544,1.9425960367601487,3.504202800000003,0.9829668109610136,1.7565624074520756,1.5661602316602035,1.7680223092999077,59.53757225433526,1.2664078982631428,1.5244676960964636,11.228878825203171,14.038847999999046,56.809248554913296,848.16390558006,1094.4321311800886
dynamic_rolling,20,120,3.0,0.05,20,0.0,,both,173,1942.5960367601488,3504.202800000003,1561.6067632398544,1.9425960367601487,3.504202800000003,0.9829668109610136,1.7565624074520756,1.5661602316602035,1.7680223092999077,59.53757225433526,1.2664078982631428,1.5244676960964636,11.228878825203171,14.038847999999046,56.809248554913296,848.16390558006,1094.4321311800886
dynamic_rolling,5,60,3.0,0.05,5,0.25,4.0,both,294,1908.5643354402735,4561.2252,2652.660864559726,1.9085643354402735,4.5612252,0.9785044796134632,2.324878713259347,1.576557817384496,2.241837905619934,56.12244897959183,1.1885834303708052,1.5060211491309372,6.4917154266675965,8.629240000001529,39.88095238095238,3041.72419346014,-1133.159858019866
dynamic_rolling,5,60,3.0,0.05,10,0.25,4.0,both,294,1908.5643354402735,4561.2252,2652.660864559726,1.9085643354402735,4.5612252,0.9785044796134632,2.324878713259347,1.576557817384496,2.241837905619934,56.12244897959183,1.1885834303708052,1.5060211491309372,6.4917154266675965,8.629240000001529,39.88095238095238,3041.72419346014,-1133.159858019866
dynamic_rolling,5,60,3.0,0.05,20,0.25,4.0,both,294,1908.5643354402735,4561.2252,2652.660864559726,1.9085643354402735,4.5612252,0.9785044796134632,2.324878713259347,1.576557817384496,2.241837905619934,56.12244897959183,1.1885834303708052,1.5060211491309372,6.4917154266675965,8.629240000001529,39.88095238095238,3041.72419346014,-1133.159858019866
dynamic_rolling,30,60,3.0,0.05,5,0.0,,both,311,1846.8702438401715,4653.414999999956,2806.544756159785,1.8468702438401714,4.653414999999956,0.9663269252596566,2.4129602658483638,1.5824994805207344,1.7106237755999902,53.69774919614147,1.1780532245090851,1.5104355846277333,5.938489530032705,7.623671999998985,34.07717041800643,1996.816917860109,-149.94667401993678
dynamic_rolling,30,60,3.0,0.05,10,0.0,,both,311,1846.8702438401715,4653.414999999956,2806.544756159785,1.8468702438401714,4.653414999999956,0.9663269252596566,2.4129602658483638,1.5824994805207344,1.7106237755999902,53.69774919614147,1.1780532245090851,1.5104355846277333,5.938489530032705,7.623671999998985,34.07717041800643,1996.816917860109,-149.94667401993678
dynamic_rolling,30,60,3.0,0.05,20,0.0,,both,311,1846.8702438401715,4653.414999999956,2806.544756159785,1.8468702438401714,4.653414999999956,0.9663269252596566,2.4129602658483638,1.5824994805207344,1.7106237755999902,53.69774919614147,1.1780532245090851,1.5104355846277333,5.938489530032705,7.623671999998985,34.07717041800643,1996.816917860109,-149.94667401993678
dynamic_rolling,20,60,3.0,0.05,5,0.0,,both,321,1617.7318475601921,4511.541399999947,2893.809552439755,1.6177318475601923,4.511541399999947,0.954737193000671,2.6295073489218623,1.3482091313400957,2.090374124419992,54.82866043613706,1.1553319412736116,1.4921530105213667,5.039663076511502,7.623671999998985,32.33644859813084,1219.225306940137,398.506540620055
dynamic_rolling,20,60,3.0,0.05,10,0.0,,both,321,1617.7318475601921,4511.541399999947,2893.809552439755,1.6177318475601923,4.511541399999947,0.954737193000671,2.6295073489218623,1.3482091313400957,2.090374124419992,54.82866043613706,1.1553319412736116,1.4921530105213667,5.039663076511502,7.623671999998985,32.33644859813084,1219.225306940137,398.506540620055
dynamic_rolling,20,60,3.0,0.05,20,0.0,,both,321,1617.7318475601921,4511.541399999947,2893.809552439755,1.6177318475601923,4.511541399999947,0.954737193000671,2.6295073489218623,1.3482091313400957,2.090374124419992,54.82866043613706,1.1553319412736116,1.4921530105213667,5.039663076511502,7.623671999998985,32.33644859813084,1219.225306940137,398.506540620055
dynamic_rolling,20,120,3.0,0.05,5,0.25,4.5,both,165,1871.8177536201426,3361.0210999999936,1489.203346379851,1.8718177536201426,3.3610210999999937,0.9385995701579062,1.668998070341694,1.491051192083994,2.025076044339978,56.96969696969697,1.2614689213793715,1.5135069587089673,11.344350021940258,12.52374480000255,61.53939393939394,994.7124355800737,877.1053180400692
dynamic_rolling,20,120,3.0,0.05,10,0.25,4.5,both,165,1871.8177536201426,3361.0210999999936,1489.203346379851,1.8718177536201426,3.3610210999999937,0.9385995701579062,1.668998070341694,1.491051192083994,2.025076044339978,56.96969696969697,1.2614689213793715,1.5135069587089673,11.344350021940258,12.52374480000255,61.53939393939394,994.7124355800737,877.1053180400692
dynamic_rolling,20,120,3.0,0.05,20,0.25,4.5,both,165,1871.8177536201426,3361.0210999999936,1489.203346379851,1.8718177536201426,3.3610210999999937,0.9385995701579062,1.668998070341694,1.491051192083994,2.025076044339978,56.96969696969697,1.2614689213793715,1.5135069587089673,11.344350021940258,12.52374480000255,61.53939393939394,994.7124355800737,877.1053180400692
dynamic_rolling,20,60,3.0,0.05,5,0.0,4.5,both,303,1450.0793874801782,4182.027199999951,2731.947812519773,1.450079387480178,4.182027199999951,0.8759902545527706,2.50740735729407,1.2107907854369016,1.9481885711599898,55.44554455445545,1.1451049834492462,1.4736411790702808,4.785740552739862,7.904631000005903,32.73597359735974,1358.6434974601304,91.43589002004802
dynamic_rolling,20,60,3.0,0.05,10,0.0,4.5,both,303,1450.0793874801782,4182.027199999951,2731.947812519773,1.450079387480178,4.182027199999951,0.8759902545527706,2.50740735729407,1.2107907854369016,1.9481885711599898,55.44554455445545,1.1451049834492462,1.4736411790702808,4.785740552739862,7.904631000005903,32.73597359735974,1358.6434974601304,91.43589002004802
dynamic_rolling,20,60,3.0,0.05,20,0.0,4.5,both,303,1450.0793874801782,4182.027199999951,2731.947812519773,1.450079387480178,4.182027199999951,0.8759902545527706,2.50740735729407,1.2107907854369016,1.9481885711599898,55.44554455445545,1.1451049834492462,1.4736411790702808,4.785740552739862,7.904631000005903,32.73597359735974,1358.6434974601304,91.43589002004802
dynamic_rolling,20,120,3.0,0.05,5,0.0,4.5,both,165,1694.934475800139,3184.1020000000035,1489.1675241998646,1.6949344758001388,3.1841020000000033,0.8681345130407115,1.6144711518938888,1.367561735223508,2.067792479299911,60.60606060606061,1.2376391009316239,1.4853194650219352,10.272330156364479,14.604407999999369,57.24848484848485,816.7330385800591,878.2014372200798
dynamic_rolling,20,120,3.0,0.05,10,0.0,4.5,both,165,1694.934475800139,3184.1020000000035,1489.1675241998646,1.6949344758001388,3.1841020000000033,0.8681345130407115,1.6144711518938888,1.367561735223508,2.067792479299911,60.60606060606061,1.2376391009316239,1.4853194650219352,10.272330156364479,14.604407999999369,57.24848484848485,816.7330385800591,878.2014372200798
dynamic_rolling,20,120,3.0,0.05,20,0.0,4.5,both,165,1694.934475800139,3184.1020000000035,1489.1675241998646,1.6949344758001388,3.1841020000000033,0.8681345130407115,1.6144711518938888,1.367561735223508,2.067792479299911,60.60606060606061,1.2376391009316239,1.4853194650219352,10.272330156364479,14.604407999999369,57.24848484848485,816.7330385800591,878.2014372200798
fixed_1.75,10,120,3.0,0.0,0,0.25,4.5,both,187,1795.1365208401585,3484.9482000000035,1689.811679159845,1.7951365208401584,3.4849482000000034,0.8073719031288051,1.5521310068893428,1.1728752628583277,2.2053122403799352,52.94117647058824,1.181468414503345,1.3810511563368766,9.599660539252184,11.427128000001963,60.855614973262036,3217.3416262400897,-1422.2051053999312
dynamic_rolling,20,60,3.0,0.05,5,0.0,4.0,both,280,1312.6792720801648,3837.419199999955,2524.73992791979,1.3126792720801648,3.837419199999955,0.7912347896910549,2.286775010932069,1.0857956070550883,2.0013414226599853,55.35714285714286,1.1380077131445507,1.4553181520558935,4.6881402574291595,9.275967000001646,33.46071428571429,1305.2798441001278,7.399427980037148
dynamic_rolling,20,60,3.0,0.05,10,0.0,4.0,both,280,1312.6792720801648,3837.419199999955,2524.73992791979,1.3126792720801648,3.837419199999955,0.7912347896910549,2.286775010932069,1.0857956070550883,2.0013414226599853,55.35714285714286,1.1380077131445507,1.4553181520558935,4.6881402574291595,9.275967000001646,33.46071428571429,1305.2798441001278,7.399427980037148
dynamic_rolling,20,60,3.0,0.05,20,0.0,4.0,both,280,1312.6792720801648,3837.419199999955,2524.73992791979,1.3126792720801648,3.837419199999955,0.7912347896910549,2.286775010932069,1.0857956070550883,2.0013414226599853,55.35714285714286,1.1380077131445507,1.4553181520558935,4.6881402574291595,9.275967000001646,33.46071428571429,1305.2798441001278,7.399427980037148
fixed_1.75,10,120,3.0,0.0,0,0.5,4.5,both,185,1765.0965776801547,3436.8638000000024,1671.7672223198476,1.7650965776801548,3.436863800000002,0.7794530733333361,1.5020694648922022,1.1204658039363664,2.1557550826599616,51.35135135135135,1.172347087449786,1.362957403724163,9.54106258205489,9.743904000001105,65.73513513513514,2846.2541403000882,-1081.157562619933
dynamic_rolling,20,120,3.0,0.05,5,0.25,4.0,both,158,1482.6542885801468,2908.6366999999973,1425.9824114198505,1.4826542885801468,2.9086366999999975,0.7698862794766261,1.4954939183348972,1.2036505541098934,2.025076044339978,56.32911392405063,1.21438760930284,1.4602124273002184,9.383887902405993,10.452703500001144,62.36708860759494,932.6698205600757,549.9844680200707
dynamic_rolling,20,120,3.0,0.05,10,0.25,4.0,both,158,1482.6542885801468,2908.6366999999973,1425.9824114198505,1.4826542885801468,2.9086366999999975,0.7698862794766261,1.4954939183348972,1.2036505541098934,2.025076044339978,56.32911392405063,1.21438760930284,1.4602124273002184,9.383887902405993,10.452703500001144,62.36708860759494,932.6698205600757,549.9844680200707
dynamic_rolling,20,120,3.0,0.05,20,0.25,4.0,both,158,1482.6542885801468,2908.6366999999973,1425.9824114198505,1.4826542885801468,2.9086366999999975,0.7698862794766261,1.4954939183348972,1.2036505541098934,2.025076044339978,56.32911392405063,1.21438760930284,1.4602124273002184,9.383887902405993,10.452703500001144,62.36708860759494,932.6698205600757,549.9844680200707
dynamic_rolling,30,60,3.0,0.05,5,0.25,,both,303,1368.9195305601343,4103.092999999939,2734.1734694398046,1.3689195305601343,4.103092999999939,0.7490439660066339,2.229346665619242,1.1982053150007652,1.6035475287799634,51.81518151815182,1.1301607872725947,1.443067557459546,4.51788623947239,5.331612000000666,38.45544554455446,2009.7851318400822,-640.8656012799488
dynamic_rolling,30,60,3.0,0.05,10,0.25,,both,303,1368.9195305601343,4103.092999999939,2734.1734694398046,1.3689195305601343,4.103092999999939,0.7490439660066339,2.229346665619242,1.1982053150007652,1.6035475287799634,51.81518151815182,1.1301607872725947,1.443067557459546,4.51788623947239,5.331612000000666,38.45544554455446,2009.7851318400822,-640.8656012799488
dynamic_rolling,30,60,3.0,0.05,20,0.25,,both,303,1368.9195305601343,4103.092999999939,2734.1734694398046,1.3689195305601343,4.103092999999939,0.7490439660066339,2.229346665619242,1.1982053150007652,1.6035475287799634,51.81518151815182,1.1301607872725947,1.443067557459546,4.51788623947239,5.331612000000666,38.45544554455446,2009.7851318400822,-640.8656012799488
dynamic_rolling,30,60,3.0,0.05,5,0.0,4.5,both,296,1339.1144882401622,4009.9845999999543,2670.870111759792,1.3391144882401622,4.009984599999954,0.7365252666759788,2.1879923913936072,1.1619536231578713,1.675910820560006,54.391891891891895,1.1349657651957856,1.4587563789833191,4.5240354332437915,8.03181417000301,34.398648648648646,2223.2625148601064,-884.1480266199442
dynamic_rolling,30,60,3.0,0.05,10,0.0,4.5,both,296,1339.1144882401622,4009.9845999999543,2670.870111759792,1.3391144882401622,4.009984599999954,0.7365252666759788,2.1879923913936072,1.1619536231578713,1.675910820560006,54.391891891891895,1.1349657651957856,1.4587563789833191,4.5240354332437915,8.03181417000301,34.398648648648646,2223.2625148601064,-884.1480266199442
dynamic_rolling,30,60,3.0,0.05,20,0.0,4.5,both,296,1339.1144882401622,4009.9845999999543,2670.870111759792,1.3391144882401622,4.009984599999954,0.7365252666759788,2.1879923913936072,1.1619536231578713,1.675910820560006,54.391891891891895,1.1349657651957856,1.4587563789833191,4.5240354332437915,8.03181417000301,34.398648648648646,2223.2625148601064,-884.1480266199442
dynamic_rolling,20,120,3.0,0.05,5,0.0,3.5,both,133,1313.84165726012,2514.93670000001,1201.0950427398902,1.31384165726012,2.5149367000000105,0.7192667895774156,1.3668196275753115,1.1132873374554777,2.0577072926999826,61.65413533834586,1.2173747542668245,1.449169495062024,9.87850870120391,17.646720000000318,61.4812030075188,792.8099989800515,521.031658280068
dynamic_rolling,20,120,3.0,0.05,10,0.0,3.5,both,133,1313.84165726012,2514.93670000001,1201.0950427398902,1.31384165726012,2.5149367000000105,0.7192667895774156,1.3668196275753115,1.1132873374554777,2.0577072926999826,61.65413533834586,1.2173747542668245,1.449169495062024,9.87850870120391,17.646720000000318,61.4812030075188,792.8099989800515,521.031658280068
dynamic_rolling,20,120,3.0,0.05,20,0.0,3.5,both,133,1313.84165726012,2514.93670000001,1201.0950427398902,1.31384165726012,2.5149367000000105,0.7192667895774156,1.3668196275753115,1.1132873374554777,2.0577072926999826,61.65413533834586,1.2173747542668245,1.449169495062024,9.87850870120391,17.646720000000318,61.4812030075188,792.8099989800515,521.031658280068
dynamic_rolling,30,60,3.0,0.05,5,0.25,4.5,both,290,1292.0253965201282,3908.586199999943,2616.5608034798147,1.292025396520128,3.908586199999943,0.7159466255436343,2.14948449112568,1.1366524458096292,1.5962871263799754,53.103448275862064,1.1278863888068613,1.4380661040341434,4.455259988000442,7.764151500002444,38.610344827586204,2237.0019358400787,-944.9765393199514
dynamic_rolling,30,60,3.0,0.05,10,0.25,4.5,both,290,1292.0253965201282,3908.586199999943,2616.5608034798147,1.292025396520128,3.908586199999943,0.7159466255436343,2.14948449112568,1.1366524458096292,1.5962871263799754,53.103448275862064,1.1278863888068613,1.4380661040341434,4.455259988000442,7.764151500002444,38.610344827586204,2237.0019358400787,-944.9765393199514
dynamic_rolling,30,60,3.0,0.05,20,0.25,4.5,both,290,1292.0253965201282,3908.586199999943,2616.5608034798147,1.292025396520128,3.908586199999943,0.7159466255436343,2.14948449112568,1.1366524458096292,1.5962871263799754,53.103448275862064,1.1278863888068613,1.4380661040341434,4.455259988000442,7.764151500002444,38.610344827586204,2237.0019358400787,-944.9765393199514
dynamic_rolling,20,120,3.0,0.05,5,0.0,4.0,both,158,1305.7710107601426,2731.7176000000086,1425.946589239866,1.3057710107601426,2.7317176000000085,0.6931330824102244,1.434604798393614,1.0747441097600463,2.0577072926999826,60.12658227848101,1.1895360938882675,1.4311550978967693,8.264373485823688,13.060473159998448,57.88607594936709,754.6904235600608,551.0805872000818
dynamic_rolling,20,120,3.0,0.05,10,0.0,4.0,both,158,1305.7710107601426,2731.7176000000086,1425.946589239866,1.3057710107601426,2.7317176000000085,0.6931330824102244,1.434604798393614,1.0747441097600463,2.0577072926999826,60.12658227848101,1.1895360938882675,1.4311550978967693,8.264373485823688,13.060473159998448,57.88607594936709,754.6904235600608,551.0805872000818
dynamic_rolling,20,120,3.0,0.05,20,0.0,4.0,both,158,1305.7710107601426,2731.7176000000086,1425.946589239866,1.3057710107601426,2.7317176000000085,0.6931330824102244,1.434604798393614,1.0747441097600463,2.0577072926999826,60.12658227848101,1.1895360938882675,1.4311550978967693,8.264373485823688,13.060473159998448,57.88607594936709,754.6904235600608,551.0805872000818
dynamic_rolling,20,120,3.0,0.05,5,0.25,3.5,both,133,1261.4475036201163,2462.603099999995,1201.1555963798785,1.2614475036201163,2.4626030999999946,0.6814908329552664,1.3200910759811624,1.0549613524356891,2.025076044339978,57.14285714285714,1.2064732496693638,1.4380010054837027,9.484567696391853,14.038847999999046,66.2406015037594,918.0022555200604,343.44524810005566
dynamic_rolling,20,120,3.0,0.05,10,0.25,3.5,both,133,1261.4475036201163,2462.603099999995,1201.1555963798785,1.2614475036201163,2.4626030999999946,0.6814908329552664,1.3200910759811624,1.0549613524356891,2.025076044339978,57.14285714285714,1.2064732496693638,1.4380010054837027,9.484567696391853,14.038847999999046,66.2406015037594,918.0022555200604,343.44524810005566
dynamic_rolling,20,120,3.0,0.05,20,0.25,3.5,both,133,1261.4475036201163,2462.603099999995,1201.1555963798785,1.2614475036201163,2.4626030999999946,0.6814908329552664,1.3200910759811624,1.0549613524356891,2.025076044339978,57.14285714285714,1.2064732496693638,1.4380010054837027,9.484567696391853,14.038847999999046,66.2406015037594,918.0022555200604,343.44524810005566
dynamic_rolling,30,60,3.0,0.05,5,0.5,,both,299,1227.0122644801138,3924.803599999922,2697.791335519808,1.2270122644801138,3.9248035999999225,0.6585253659779411,2.087869065100517,1.09942835020501,1.701028862459978,50.836120401337794,1.110883103012315,1.4003810104137133,4.103719948094026,2.0834099999992457,42.929765886287626,1827.0757161400775,-600.0634516599632
dynamic_rolling,30,60,3.0,0.05,10,0.5,,both,299,1227.0122644801138,3924.803599999922,2697.791335519808,1.2270122644801138,3.9248035999999225,0.6585253659779411,2.087869065100517,1.09942835020501,1.701028862459978,50.836120401337794,1.110883103012315,1.4003810104137133,4.103719948094026,2.0834099999992457,42.929765886287626,1827.0757161400775,-600.0634516599632
dynamic_rolling,30,60,3.0,0.05,20,0.5,,both,299,1227.0122644801138,3924.803599999922,2697.791335519808,1.2270122644801138,3.9248035999999225,0.6585253659779411,2.087869065100517,1.09942835020501,1.701028862459978,50.836120401337794,1.110883103012315,1.4003810104137133,4.103719948094026,2.0834099999992457,42.929765886287626,1827.0757161400775,-600.0634516599632
fixed_1.75,10,120,3.0,0.0,0,0.25,4.0,both,180,1439.3982850401512,3065.2372000000028,1625.8389149598515,1.4393982850401512,3.065237200000003,0.6546365827452046,1.3777956356854566,0.9428908503733686,2.353052380419933,53.333333333333336,1.1489145994608825,1.3425034429547456,7.996657139111951,12.5437720000018,61.80555555555556,2658.784118440083,-1219.385833399932
dynamic_rolling,20,60,3.0,0.05,5,0.0,3.5,both,204,920.0537139401393,2758.3762999999717,1838.3225860598322,0.9200537139401394,2.7583762999999717,0.6157043831484544,1.8195035167547142,0.8408855510403309,1.9456438363599737,55.88235294117647,1.1323120157628201,1.44728057350086,4.510067225196761,10.999561000001414,34.450980392156865,587.3634281001067,332.69028584003365
dynamic_rolling,20,60,3.0,0.05,10,0.0,3.5,both,204,920.0537139401393,2758.3762999999717,1838.3225860598322,0.9200537139401394,2.7583762999999717,0.6157043831484544,1.8195035167547142,0.8408855510403309,1.9456438363599737,55.88235294117647,1.1323120157628201,1.44728057350086,4.510067225196761,10.999561000001414,34.450980392156865,587.3634281001067,332.69028584003365
dynamic_rolling,20,60,3.0,0.05,20,0.0,3.5,both,204,920.0537139401393,2758.3762999999717,1838.3225860598322,0.9200537139401394,2.7583762999999717,0.6157043831484544,1.8195035167547142,0.8408855510403309,1.9456438363599737,55.88235294117647,1.1323120157628201,1.44728057350086,4.510067225196761,10.999561000001414,34.450980392156865,587.3634281001067,332.69028584003365
fixed_1.75,10,120,3.0,0.0,0,0.5,4.0,both,178,1206.2117793201464,2813.9656000000023,1607.7538206798558,1.2062117793201463,2.813965600000002,0.5439543219406833,1.250573478794726,0.7705224446653008,2.4839541236999505,51.68539325842697,1.120438437211769,1.303459736714726,6.776470670337901,10.585516000001533,66.4438202247191,2084.5500699400804,-878.3382906199338
dynamic_rolling,20,120,3.0,0.05,5,0.5,,both,170,1167.9221230401386,2702.7977999999894,1534.8756769598508,1.1679221230401386,2.7027977999999893,0.5334071267405303,1.2146526641817454,0.7828595909531031,2.260024365879959,50.588235294117645,1.1406967917778028,1.3570366609367421,6.870130135530227,1.870829999999394,68.17647058823529,733.8194637800699,434.1026592600688
dynamic_rolling,20,120,3.0,0.05,10,0.5,,both,170,1167.9221230401386,2702.7977999999894,1534.8756769598508,1.1679221230401386,2.7027977999999893,0.5334071267405303,1.2146526641817454,0.7828595909531031,2.260024365879959,50.588235294117645,1.1406967917778028,1.3570366609367421,6.870130135530227,1.870829999999394,68.17647058823529,733.8194637800699,434.1026592600688
dynamic_rolling,20,120,3.0,0.05,20,0.5,,both,170,1167.9221230401386,2702.7977999999894,1534.8756769598508,1.1679221230401386,2.7027977999999893,0.5334071267405303,1.2146526641817454,0.7828595909531031,2.260024365879959,50.588235294117645,1.1406967917778028,1.3570366609367421,6.870130135530227,1.870829999999394,68.17647058823529,733.8194637800699,434.1026592600688
dynamic_rolling,30,60,3.0,0.05,5,0.5,4.5,both,286,942.2186588601112,3522.438899999929,2580.220241139818,0.9422186588601111,3.5224388999999294,0.5154600656082118,1.9085081339521466,0.8439397331215144,1.6509912299999703,51.048951048951054,1.0883384896783024,1.372178153873883,3.294470835175214,3.4120790000000776,43.26573426573427,2054.292520140073,-1112.0738612799632
dynamic_rolling,30,60,3.0,0.05,10,0.5,4.5,both,286,942.2186588601112,3522.438899999929,2580.220241139818,0.9422186588601111,3.5224388999999294,0.5154600656082118,1.9085081339521466,0.8439397331215144,1.6509912299999703,51.048951048951054,1.0883384896783024,1.372178153873883,3.294470835175214,3.4120790000000776,43.26573426573427,2054.292520140073,-1112.0738612799632
dynamic_rolling,30,60,3.0,0.05,20,0.5,4.5,both,286,942.2186588601112,3522.438899999929,2580.220241139818,0.9422186588601111,3.5224388999999294,0.5154600656082118,1.9085081339521466,0.8439397331215144,1.6509912299999703,51.048951048951054,1.0883384896783024,1.372178153873883,3.294470835175214,3.4120790000000776,43.26573426573427,2054.292520140073,-1112.0738612799632
fixed_1.75,10,120,3.0,0.0,0,0.0,4.5,both,187,927.0819148601638,2616.7361000000083,1689.6541851398445,0.9270819148601638,2.6167361000000082,0.45017262574814776,1.2506783493841547,0.6644517217109696,2.0277291999799054,52.406417112299465,1.0965282549469408,1.295988655150149,4.957657298717454,9.818720000000587,54.80748663101604,2389.6660944600917,-1462.5841795999265
dynamic_rolling,20,120,3.0,0.05,5,0.5,4.5,both,162,855.483609280138,2317.9329999999904,1462.4493907198525,0.8554836092801381,2.3179329999999903,0.39683181498950565,1.0517815595372888,0.5768663797120521,2.5597945358799628,50.617283950617285,1.1044468137435812,1.309309734159947,5.280763020247766,1.870829999999394,68.85802469135803,702.388596780069,153.09501250006946
dynamic_rolling,20,120,3.0,0.05,10,0.5,4.5,both,162,855.483609280138,2317.9329999999904,1462.4493907198525,0.8554836092801381,2.3179329999999903,0.39683181498950565,1.0517815595372888,0.5768663797120521,2.5597945358799628,50.617283950617285,1.1044468137435812,1.309309734159947,5.280763020247766,1.870829999999394,68.85802469135803,702.388596780069,153.09501250006946
dynamic_rolling,20,120,3.0,0.05,20,0.5,4.5,both,162,855.483609280138,2317.9329999999904,1462.4493907198525,0.8554836092801381,2.3179329999999903,0.39683181498950565,1.0517815595372888,0.5768663797120521,2.5597945358799628,50.617283950617285,1.1044468137435812,1.309309734159947,5.280763020247766,1.870829999999394,68.85802469135803,702.388596780069,153.09501250006946
fixed_1.75,10,120,3.0,0.0,0,0.0,4.0,both,180,785.4596473001535,2411.1839000000055,1625.724252699852,0.7854596473001536,2.4111839000000055,0.3829768332283503,1.1530023203928443,0.564417900469737,2.1928817605399233,52.77777777777778,1.0837564107586566,1.2789252099602375,4.363664707223075,10.239356650000655,55.65555555555556,2045.2245549000809,-1259.7649075999263
dynamic_rolling,30,60,3.0,0.05,5,0.0,4.0,both,268,470.53832846014745,2889.723099999963,2419.1847715398153,0.4705383284601475,2.8897230999999626,0.2694357244175754,1.6106524828123507,0.4190540824843086,1.6202387435599959,52.98507462686567,1.0483764381504845,1.3353726485846917,1.7557400315677143,6.441311940001212,34.541044776119406,1922.2325500800982,-1451.6942216199513
dynamic_rolling,30,60,3.0,0.05,10,0.0,4.0,both,268,470.53832846014745,2889.723099999963,2419.1847715398153,0.4705383284601475,2.8897230999999626,0.2694357244175754,1.6106524828123507,0.4190540824843086,1.6202387435599959,52.98507462686567,1.0483764381504845,1.3353726485846917,1.7557400315677143,6.441311940001212,34.541044776119406,1922.2325500800982,-1451.6942216199513
dynamic_rolling,30,60,3.0,0.05,20,0.0,4.0,both,268,470.53832846014745,2889.723099999963,2419.1847715398153,0.4705383284601475,2.8897230999999626,0.2694357244175754,1.6106524828123507,0.4190540824843086,1.6202387435599959,52.98507462686567,1.0483764381504845,1.3353726485846917,1.7557400315677143,6.441311940001212,34.541044776119406,1922.2325500800982,-1451.6942216199513
dynamic_rolling,30,60,3.0,0.05,5,0.25,4.0,both,262,411.97621928011245,2776.8319999999508,2364.8557807198385,0.41197621928011247,2.7768319999999505,0.23780595545755015,1.5549141373377957,0.37307973591647425,1.6043054013799847,51.14503816793893,1.041411006010243,1.3146127176578657,1.5724283178630245,3.1097127000004807,38.56106870229008,1881.030261600073,-1469.0540423199607
dynamic_rolling,30,60,3.0,0.05,10,0.25,4.0,both,262,411.97621928011245,2776.8319999999508,2364.8557807198385,0.41197621928011247,2.7768319999999505,0.23780595545755015,1.5549141373377957,0.37307973591647425,1.6043054013799847,51.14503816793893,1.041411006010243,1.3146127176578657,1.5724283178630245,3.1097127000004807,38.56106870229008,1881.030261600073,-1469.0540423199607
dynamic_rolling,30,60,3.0,0.05,20,0.25,4.0,both,262,411.97621928011245,2776.8319999999508,2364.8557807198385,0.41197621928011247,2.7768319999999505,0.23780595545755015,1.5549141373377957,0.37307973591647425,1.6043054013799847,51.14503816793893,1.041411006010243,1.3146127176578657,1.5724283178630245,3.1097127000004807,38.56106870229008,1881.030261600073,-1469.0540423199607
dynamic_rolling,20,120,3.0,0.05,5,0.5,4.0,both,156,483.1695570801397,1891.3327999999915,1408.1632429198517,0.4831695570801397,1.8913327999999914,0.234690842917775,0.88418752782235,0.3360939259357182,2.5597945358799628,50.0,1.0607949651565096,1.2601964656294367,3.0972407505137163,0.228582799999697,69.62179487179488,682.1753896000697,-199.00583251993004
dynamic_rolling,20,120,3.0,0.05,10,0.5,4.0,both,156,483.1695570801397,1891.3327999999915,1408.1632429198517,0.4831695570801397,1.8913327999999914,0.234690842917775,0.88418752782235,0.3360939259357182,2.5597945358799628,50.0,1.0607949651565096,1.2601964656294367,3.0972407505137163,0.228582799999697,69.62179487179488,682.1753896000697,-199.00583251993004
dynamic_rolling,20,120,3.0,0.05,20,0.5,4.0,both,156,483.1695570801397,1891.3327999999915,1408.1632429198517,0.4831695570801397,1.8913327999999914,0.234690842917775,0.88418752782235,0.3360939259357182,2.5597945358799628,50.0,1.0607949651565096,1.2601964656294367,3.0972407505137163,0.228582799999697,69.62179487179488,682.1753896000697,-199.00583251993004
dynamic_rolling,30,60,3.0,0.05,5,0.5,4.0,both,258,329.33682464009894,2657.7907999999443,2328.4539753598456,0.32933682464009895,2.6577907999999444,0.1881571347860815,1.4597161944004484,0.30524287095780017,1.7079478753799775,49.224806201550386,1.0318444791783277,1.2882849373147776,1.276499320310461,-0.8473093199997797,43.12403100775194,1678.7702568000664,-1349.4334321599677
dynamic_rolling,30,60,3.0,0.05,10,0.5,4.0,both,258,329.33682464009894,2657.7907999999443,2328.4539753598456,0.32933682464009895,2.6577907999999444,0.1881571347860815,1.4597161944004484,0.30524287095780017,1.7079478753799775,49.224806201550386,1.0318444791783277,1.2882849373147776,1.276499320310461,-0.8473093199997797,43.12403100775194,1678.7702568000664,-1349.4334321599677
dynamic_rolling,30,60,3.0,0.05,20,0.5,4.0,both,258,329.33682464009894,2657.7907999999443,2328.4539753598456,0.32933682464009895,2.6577907999999444,0.1881571347860815,1.4597161944004484,0.30524287095780017,1.7079478753799775,49.224806201550386,1.0318444791783277,1.2882849373147776,1.276499320310461,-0.8473093199997797,43.12403100775194,1678.7702568000664,-1349.4334321599677
dynamic_rolling,20,120,3.0,0.05,5,0.5,3.5,both,133,165.85613046011707,1367.0838999999908,1201.2277695398736,0.16585613046011707,1.3670838999999906,0.09022572834764452,0.6676636398679981,0.12682258934930654,2.5597945358799628,50.37593984962406,1.0230688428137171,1.2065273814858237,1.2470385748880983,0.5672159999983979,74.0827067669173,550.7490208600587,-384.89289039994173
dynamic_rolling,20,120,3.0,0.05,10,0.5,3.5,both,133,165.85613046011707,1367.0838999999908,1201.2277695398736,0.16585613046011707,1.3670838999999906,0.09022572834764452,0.6676636398679981,0.12682258934930654,2.5597945358799628,50.37593984962406,1.0230688428137171,1.2065273814858237,1.2470385748880983,0.5672159999983979,74.0827067669173,550.7490208600587,-384.89289039994173
dynamic_rolling,20,120,3.0,0.05,20,0.5,3.5,both,133,165.85613046011707,1367.0838999999908,1201.2277695398736,0.16585613046011707,1.3670838999999906,0.09022572834764452,0.6676636398679981,0.12682258934930654,2.5597945358799628,50.37593984962406,1.0230688428137171,1.2065273814858237,1.2470385748880983,0.5672159999983979,74.0827067669173,550.7490208600587,-384.89289039994173
fixed_1.75,10,120,3.0,0.0,0,0.25,3.5,both,155,13.446321240129464,1414.582200000012,1401.1358787598826,0.013446321240129464,1.4145822000000121,0.016744644148739676,0.7217591650007575,0.021460336681978314,3.0201633889399675,52.903225806451616,1.001531685170921,1.1734540076362432,0.08675045961373848,13.660416000001637,63.619354838709675,1525.219834500065,-1511.7735132599341
fixed_1.75,10,120,3.0,0.0,0,0.5,3.5,both,154,-75.24741767987894,1316.786600000004,1392.034017679883,-0.07524741767987893,1.316786600000004,-0.026527163860878417,0.6527244713817782,-0.03413860377597572,3.1712161012199793,51.298701298701296,0.9917306745300511,1.1558258884532793,-0.4886195953238892,11.70216000000137,68.2012987012987,1139.8464246000574,-1215.093842279935
fixed_1.75,10,120,3.0,0.0,0,0.0,3.5,both,155,-369.89710079986594,1031.1206000000163,1401.0177007998823,-0.36989710079986593,1.0311206000000164,-0.19762898394340253,0.584243206209985,-0.2530956069143585,2.705373657319971,52.903225806451616,0.9558001058582883,1.1332644712747608,-2.3864329083862317,12.149431600000797,57.12903225806452,1038.141569640064,-1408.03867043993
dynamic_rolling,30,60,3.0,0.05,5,0.25,3.5,both,187,-780.5392446198852,909.2498999999907,1689.789144619876,-0.7805392446198852,0.9092498999999907,-0.5365105948993222,0.6403322589017402,-0.6900915670314445,2.003145972439961,49.73262032085562,0.8911609341777341,1.1434029878956176,-4.174006655721311,-1.2322939999991913,39.23529411764706,-150.70095783992963,-629.8382867799559
dynamic_rolling,30,60,3.0,0.05,10,0.25,3.5,both,187,-780.5392446198852,909.2498999999907,1689.789144619876,-0.7805392446198852,0.9092498999999907,-0.5365105948993222,0.6403322589017402,-0.6900915670314445,2.003145972439961,49.73262032085562,0.8911609341777341,1.1434029878956176,-4.174006655721311,-1.2322939999991913,39.23529411764706,-150.70095783992963,-629.8382867799559
dynamic_rolling,30,60,3.0,0.05,20,0.25,3.5,both,187,-780.5392446198852,909.2498999999907,1689.789144619876,-0.7805392446198852,0.9092498999999907,-0.5365105948993222,0.6403322589017402,-0.6900915670314445,2.003145972439961,49.73262032085562,0.8911609341777341,1.1434029878956176,-4.174006655721311,-1.2322939999991913,39.23529411764706,-150.70095783992963,-629.8382867799559
dynamic_rolling,30,60,3.0,0.05,5,0.0,3.5,both,191,-809.0094838598689,917.2398999999948,1726.2493838598637,-0.8090094838598688,0.9172398999999948,-0.5576776520171551,0.645986062734333,-0.7026570963270159,1.6922086073398968,51.832460732984295,0.8858093173938344,1.1464586920226951,-4.235651747957428,4.869191999999325,35.01570680628272,-1.0842954599231724,-807.925188399946
dynamic_rolling,30,60,3.0,0.05,10,0.0,3.5,both,191,-809.0094838598689,917.2398999999948,1726.2493838598637,-0.8090094838598688,0.9172398999999948,-0.5576776520171551,0.645986062734333,-0.7026570963270159,1.6922086073398968,51.832460732984295,0.8858093173938344,1.1464586920226951,-4.235651747957428,4.869191999999325,35.01570680628272,-1.0842954599231724,-807.925188399946
dynamic_rolling,30,60,3.0,0.05,20,0.0,3.5,both,191,-809.0094838598689,917.2398999999948,1726.2493838598637,-0.8090094838598688,0.9172398999999948,-0.5576776520171551,0.645986062734333,-0.7026570963270159,1.6922086073398968,51.832460732984295,0.8858093173938344,1.1464586920226951,-4.235651747957428,4.869191999999325,35.01570680628272,-1.0842954599231724,-807.925188399946
dynamic_rolling,30,60,3.0,0.05,5,0.5,3.5,both,185,-1195.3702889799047,475.9498999999797,1671.3201889798843,-1.1953702889799047,0.4759498999999797,-0.8298354611579971,0.3415810694572124,-1.0653016282567882,2.308549935899995,47.02702702702703,0.8436564631722103,1.069967672414741,-6.461461021512998,-6.062498160000198,44.0,-602.4702858999407,-592.9000030799637
dynamic_rolling,30,60,3.0,0.05,10,0.5,3.5,both,185,-1195.3702889799047,475.9498999999797,1671.3201889798843,-1.1953702889799047,0.4759498999999797,-0.8298354611579971,0.3415810694572124,-1.0653016282567882,2.308549935899995,47.02702702702703,0.8436564631722103,1.069967672414741,-6.461461021512998,-6.062498160000198,44.0,-602.4702858999407,-592.9000030799637
dynamic_rolling,30,60,3.0,0.05,20,0.5,3.5,both,185,-1195.3702889799047,475.9498999999797,1671.3201889798843,-1.1953702889799047,0.4759498999999797,-0.8298354611579971,0.3415810694572124,-1.0653016282567882,2.308549935899995,47.02702702702703,0.8436564631722103,1.069967672414741,-6.461461021512998,-6.062498160000198,44.0,-602.4702858999407,-592.9000030799637
