symbol,lead_symbol,signal_time,entry_time,exit_time,direction,entry_z,signal_target_close,signal_target_vwap,signal_qqq_close,signal_qqq_vwap,signal_fair_target,entry_reference,entry_price,exit_reference,exit_price,shares,notional_usd,stop_usd_per_share,target_usd_per_share,gross_risk_usd,gross_reward_usd,reward_to_risk,stop_price,target_price,exit_reason,duration_bars,gross_pnl,slippage,commissions,costs,net_pnl
MSFT,QQQ,2025-08-22 11:16:00-04:00,2025-08-22 11:17:00-04:00,2025-08-22 15:59:00-04:00,LONG,-2.7216768262,509.3308000000,507.8756908502,573.6700000000,570.3762873602,510.1566437181,509.3273000000,509.4291654600,507.1000000000,506.9985800000,39,19867.7374529400,11.7500000000,9.0000000000,458.2500000000,351.0000000000,0.7659574468,497.5773000000,518.3273000000,FORCED_EOD,282,-86.8647000000,7.9281329400,0.2730000000,8.2011329400,-95.0658329400
MSFT,QQQ,2025-08-25 11:30:00-04:00,2025-08-25 11:31:00-04:00,2025-08-25 15:59:00-04:00,LONG,-3.0075698317,507.0600000000,506.9481046304,572.7800000000,571.0717960512,507.9444655797,507.0818000000,507.1832163600,504.4600000000,504.3591080000,39,19780.1454380400,11.7500000000,9.0000000000,458.2500000000,351.0000000000,0.7659574468,495.3318000000,516.0818000000,FORCED_EOD,268,-102.2502000000,7.8900260400,0.2730000000,8.1630260400,-110.4132260400
MSFT,QQQ,2025-08-26 12:26:00-04:00,2025-08-26 12:27:00-04:00,2025-08-26 15:59:00-04:00,LONG,-2.5017342398,502.2250000000,503.2257561227,571.5850000000,570.7290556393,503.7266121931,502.2210000000,502.3214442000,502.0600000000,501.9595880000,39,19590.5363238000,11.7500000000,9.0000000000,458.2500000000,351.0000000000,0.7659574468,490.4710000000,511.2210000000,FORCED_EOD,212,-6.2790000000,7.8333918000,0.2730000000,8.1063918000,-14.3853918000
MSFT,QQQ,2025-08-27 10:17:00-04:00,2025-08-27 10:18:00-04:00,2025-08-27 15:59:00-04:00,SHORT,2.5010029884,502.3150000000,501.4131132786,572.5600000000,571.5156550438,501.9040808230,502.3316000000,502.2311336800,506.5800000000,506.6813160000,39,19587.0142135200,11.7500000000,9.0000000000,458.2500000000,351.0000000000,0.7659574468,514.0816000000,493.3316000000,FORCED_EOD,341,-165.6876000000,7.8695104800,0.2730000000,8.1425104800,-173.8301104800
MSFT,QQQ,2025-08-28 10:54:00-04:00,2025-08-28 10:55:00-04:00,2025-08-28 15:59:00-04:00,SHORT,2.7279226868,507.6250000000,507.2652463742,575.9400000000,574.6478727099,507.7514859027,507.6500000000,507.5484700000,509.6600000000,509.7619320000,39,19794.3903300000,11.7500000000,9.0000000000,458.2500000000,351.0000000000,0.7659574468,519.4000000000,498.6500000000,FORCED_EOD,304,-78.3900000000,7.9350180000,0.2730000000,8.2080180000,-86.5980180000
MSFT,QQQ,2025-08-29 12:31:00-04:00,2025-08-29 12:32:00-04:00,2025-08-29 15:59:00-04:00,LONG,-2.5831694374,507.4650000000,506.9091350512,570.3300000000,570.9359802184,506.6634624020,507.4700000000,507.5714940000,506.9200000000,506.8186160000,39,19795.2882660000,11.7500000000,9.0000000000,458.2500000000,351.0000000000,0.7659574468,495.7200000000,516.4700000000,FORCED_EOD,207,-21.4500000000,7.9122420000,0.2730000000,8.1852420000,-29.6352420000
MSFT,QQQ,2025-09-02 11:08:00-04:00,2025-09-02 11:09:00-04:00,2025-09-02 15:59:00-04:00,LONG,-2.8622351030,501.3800000000,502.1937641626,562.2900000000,563.1711539556,501.7625025062,501.4200000000,501.5202840000,505.0800000000,504.9789840000,39,19559.2910760000,11.7500000000,9.0000000000,458.2500000000,351.0000000000,0.7659574468,489.6700000000,510.4200000000,FORCED_EOD,290,142.7400000000,7.8507000000,0.2730000000,8.1237000000,134.6163000000
MSFT,QQQ,2025-09-03 12:12:00-04:00,2025-09-03 12:13:00-04:00,2025-09-03 15:59:00-04:00,LONG,-2.7165309348,504.9050000000,505.5465339143,569.3350000000,569.6081900918,505.4221427680,504.9050000000,505.0059810000,505.3910000000,505.2899218000,39,19695.2332590000,11.7500000000,9.0000000000,458.2500000000,351.0000000000,0.7659574468,493.1550000000,513.9050000000,FORCED_EOD,226,18.9540000000,7.8803088000,0.2730000000,8.1533088000,10.8006912000
MSFT,QQQ,2025-09-05 10:54:00-04:00,2025-09-05 10:55:00-04:00,2025-09-05 15:59:00-04:00,LONG,-2.5905003316,497.1700000000,501.8909489504,574.6650000000,577.6835551116,500.6641262759,497.2100000000,497.3094420000,495.0153000000,494.9162969400,40,19892.3776800000,11.7500000000,9.0000000000,470.0000000000,360.0000000000,0.7659574468,485.4600000000,506.2100000000,FORCED_EOD,304,-87.7880000000,7.9378024000,0.2800000000,8.2178024000,-96.0058024000
MSFT,QQQ,2025-09-08 12:06:00-04:00,2025-09-08 12:07:00-04:00,2025-09-08 15:59:00-04:00,LONG,-2.5953349600,499.7201000000,499.2592049809,579.8000000000,579.8566336941,499.2450647405,499.7700000000,499.8699540000,498.2500000000,498.1503500000,40,19994.7981600000,11.7500000000,9.0000000000,470.0000000000,360.0000000000,0.7659574468,488.0200000000,508.7700000000,FORCED_EOD,232,-60.8000000000,7.9841600000,0.2800000000,8.2641600000,-69.0641600000
MSFT,QQQ,2025-09-09 10:19:00-04:00,2025-09-09 10:20:00-04:00,2025-09-09 15:59:00-04:00,SHORT,2.5973429709,502.0513000000,501.1144392536,579.2100000000,579.3941672172,501.0072397388,502.0900000000,501.9895820000,498.4500000000,498.5496900000,39,19577.5936980000,11.7500000000,9.0000000000,458.2500000000,351.0000000000,0.7659574468,513.8400000000,493.0900000000,FORCED_EOD,339,141.9600000000,7.8042120000,0.2730000000,8.0772120000,133.8827880000
MSFT,QQQ,2025-09-10 10:55:00-04:00,2025-09-10 10:56:00-04:00,2025-09-10 15:59:00-04:00,LONG,-3.0231265094,501.1800000000,500.7116762612,583.2400000000,582.5642068127,502.2856907308,501.1450000000,501.2452290000,500.2100000000,500.1099580000,39,19548.5639310000,11.7500000000,9.0000000000,458.2500000000,351.0000000000,0.7659574468,489.3950000000,510.1450000000,FORCED_EOD,303,-36.4650000000,7.8105690000,0.2730000000,8.0835690000,-44.5485690000
MSFT,QQQ,2025-09-11 10:10:00-04:00,2025-09-11 10:11:00-04:00,2025-09-11 15:59:00-04:00,SHORT,2.6283271817,500.8817000000,500.2287244216,583.0100000000,582.8963171805,500.3961439971,500.9825000000,500.8823035000,501.2000000000,501.3002400000,39,19534.4098365000,11.7500000000,9.0000000000,458.2500000000,351.0000000000,0.7659574468,512.7325000000,491.9825000000,FORCED_EOD,348,-8.4825000000,7.8170235000,0.2730000000,8.0900235000,-16.5725235000
MSFT,QQQ,2025-09-12 10:25:00-04:00,2025-09-12 10:26:00-04:00,2025-09-12 15:59:00-04:00,LONG,-2.5406023046,506.5900000000,506.4048066646,585.8150000000,584.9973935702,508.1493604093,506.6200000000,506.7213240000,509.8500000000,509.7480300000,39,19762.1316360000,11.7500000000,9.0000000000,458.2500000000,351.0000000000,0.7659574468,494.8700000000,515.6200000000,FORCED_EOD,333,125.9700000000,7.9284660000,0.2730000000,8.2014660000,117.7685340000
MSFT,QQQ,2025-09-15 14:08:00-04:00,2025-09-15 14:09:00-04:00,2025-09-15 15:59:00-04:00,SHORT,2.5337009582,513.2400000000,511.6101600894,591.1300000000,590.2297769193,512.1650629418,513.2000000000,513.0973600000,515.4500000000,515.5530900000,38,19497.6996800000,11.7500000000,9.0000000000,446.5000000000,342.0000000000,0.7659574468,524.9500000000,504.2000000000,FORCED_EOD,110,-85.5000000000,7.8177400000,0.2660000000,8.0837400000,-93.5837400000
MSFT,QQQ,2025-09-16 12:11:00-04:00,2025-09-16 12:12:00-04:00,2025-09-16 15:59:00-04:00,SHORT,2.6641125629,513.6100000000,513.3673552043,590.9000000000,591.4920747343,512.9136833158,513.6200000000,513.5172760000,509.1490000000,509.2508298000,38,19513.6564880000,11.7500000000,9.0000000000,446.5000000000,342.0000000000,0.7659574468,525.3700000000,504.6200000000,FORCED_EOD,227,169.8980000000,7.7730444000,0.2660000000,8.0390444000,161.8589556000
MSFT,QQQ,2025-09-17 11:51:00-04:00,2025-09-17 11:52:00-04:00,2025-09-17 15:59:00-04:00,SHORT,2.8785875977,507.9000000000,507.7126817799,588.3400000000,589.6011432749,505.6607080328,507.9000000000,507.7984200000,509.9100000000,510.0119820000,39,19804.1383800000,11.7500000000,9.0000000000,458.2500000000,351.0000000000,0.7659574468,519.6500000000,498.9000000000,FORCED_EOD,247,-78.3900000000,7.9389180000,0.2730000000,8.2119180000,-86.6019180000
MSFT,QQQ,2025-09-18 13:35:00-04:00,2025-09-18 13:36:00-04:00,2025-09-18 15:59:00-04:00,SHORT,2.6344679617,508.9200000000,509.9533027624,596.3000000000,596.3371004917,509.9039813767,508.9400000000,508.8382120000,508.2700000000,508.3716540000,39,19844.6902680000,11.7500000000,9.0000000000,458.2500000000,351.0000000000,0.7659574468,520.6900000000,499.9400000000,FORCED_EOD,143,26.1300000000,7.9342380000,0.2730000000,8.2072380000,17.9227620000
MSFT,QQQ,2025-09-19 11:30:00-04:00,2025-09-19 11:31:00-04:00,2025-09-19 15:59:00-04:00,LONG,-2.8112702117,511.4700000000,511.9330382292,596.0550000000,597.1267579378,511.1507990506,511.4600000000,511.5622920000,518.0000000000,517.8964000000,39,19950.9293880000,11.7500000000,9.0000000000,458.2500000000,351.0000000000,0.7659574468,499.7100000000,520.4600000000,FORCED_EOD,268,255.0600000000,8.0297880000,0.2730000000,8.3027880000,246.7572120000
MSFT,QQQ,2025-09-22 10:02:00-04:00,2025-09-22 10:03:00-04:00,2025-09-22 15:59:00-04:00,LONG,-2.7956041140,513.1900000000,515.4688461538,599.3550000000,598.6506765576,516.1583403208,513.1528000000,513.2554305600,514.3700000000,514.2671260000,38,19503.7063612800,11.7500000000,9.0000000000,446.5000000000,342.0000000000,0.7659574468,501.4028000000,522.1528000000,FORCED_EOD,356,46.2536000000,7.8091732800,0.2660000000,8.0751732800,38.1784267200
MSFT,QQQ,2025-09-23 10:00:00-04:00,2025-09-23 10:01:00-04:00,2025-09-23 15:59:00-04:00,SHORT,2.6596219648,512.1811000000,512.1990127037,600.6900000000,601.5215856234,511.5887112534,512.1600000000,512.0575680000,509.6200000000,509.7219240000,39,19970.2451520000,11.7500000000,9.0000000000,458.2500000000,351.0000000000,0.7659574468,523.9100000000,503.1600000000,FORCED_EOD,358,99.0600000000,7.9698840000,0.2730000000,8.2428840000,90.8171160000
MSFT,QQQ,2025-09-24 12:24:00-04:00,2025-09-24 12:25:00-04:00,2025-09-24 15:59:00-04:00,LONG,-3.1059897594,508.2524000000,509.3715225253,594.9500000000,596.7111517647,508.3029129054,508.2000000000,508.3016400000,509.9800000000,509.8780040000,39,19823.7639600000,11.7500000000,9.0000000000,458.2500000000,351.0000000000,0.7659574468,496.4500000000,517.2000000000,FORCED_EOD,214,69.4200000000,7.9418040000,0.2730000000,8.2148040000,61.2051960000
MSFT,QQQ,2025-09-25 13:24:00-04:00,2025-09-25 13:25:00-04:00,2025-09-25 15:59:00-04:00,SHORT,2.7111169495,507.4794000000,507.8925489136,592.0444000000,592.3167073633,507.7353927852,507.4900000000,507.3885020000,507.0300000000,507.1314060000,39,19788.1515780000,11.7500000000,9.0000000000,458.2500000000,351.0000000000,0.7659574468,519.2400000000,498.4900000000,FORCED_EOD,154,17.9400000000,7.9132560000,0.2730000000,8.1862560000,9.7537440000
MSFT,QQQ,2025-09-26 12:21:00-04:00,2025-09-26 12:22:00-04:00,2025-09-26 15:59:00-04:00,LONG,-2.8250070495,508.1600000000,509.8983745303,594.3050000000,593.4364854839,510.8482414546,508.1500000000,508.2516300000,511.5480000000,511.4456904000,39,19821.8135700000,11.7500000000,9.0000000000,458.2500000000,351.0000000000,0.7659574468,496.4000000000,517.1500000000,FORCED_EOD,217,132.5220000000,7.9536444000,0.2730000000,8.2266444000,124.2953556000
MSFT,QQQ,2025-09-29 10:37:00-04:00,2025-09-29 10:38:00-04:00,2025-09-29 15:59:00-04:00,LONG,-2.5926374227,514.5900000000,514.4194433922,601.1500000000,600.8094402156,514.6215480549,514.5900000000,514.6929180000,514.6000000000,514.4970800000,38,19558.3308840000,11.7500000000,9.0000000000,446.5000000000,342.0000000000,0.7659574468,502.8400000000,523.5900000000,FORCED_EOD,321,0.3800000000,7.8218440000,0.2660000000,8.0878440000,-7.7078440000
MSFT,QQQ,2025-09-30 10:42:00-04:00,2025-09-30 10:43:00-04:00,2025-09-30 15:59:00-04:00,SHORT,2.6743608506,514.4900000000,512.2411910978,597.4700000000,597.3734071284,512.3564147665,514.4600000000,514.3571080000,517.9400000000,518.0435880000,38,19545.5701040000,11.7500000000,9.0000000000,446.5000000000,342.0000000000,0.7659574468,526.2100000000,505.4600000000,FORCED_EOD,316,-132.2400000000,7.8462400000,0.2660000000,8.1122400000,-140.3522400000
MSFT,QQQ,2025-10-01 13:24:00-04:00,2025-10-01 13:25:00-04:00,2025-10-01 15:59:00-04:00,SHORT,2.7718205168,518.2700000000,514.3041249924,602.4250000000,599.7632138068,517.1937470924,518.3000000000,518.1963400000,519.6000000000,519.7039200000,38,19691.4609200000,11.7500000000,9.0000000000,446.5000000000,342.0000000000,0.7659574468,530.0500000000,509.3000000000,FORCED_EOD,154,-49.4000000000,7.8880400000,0.2660000000,8.1540400000,-57.5540400000
MSFT,QQQ,2025-10-02 10:58:00-04:00,2025-10-02 10:59:00-04:00,2025-10-02 15:59:00-04:00,LONG,-2.5225560448,515.2600000000,518.1545012782,603.6300000000,604.8123038254,516.8161000555,515.2600000000,515.3630520000,515.6100000000,515.5068780000,38,19583.7959760000,11.7500000000,9.0000000000,446.5000000000,342.0000000000,0.7659574468,503.5100000000,524.2600000000,FORCED_EOD,300,13.3000000000,7.8346120000,0.2660000000,8.1006120000,5.1993880000
MSFT,QQQ,2025-10-03 12:31:00-04:00,2025-10-03 12:32:00-04:00,2025-10-03 15:59:00-04:00,SHORT,2.7946459506,520.4600000000,518.4568502098,606.7483000000,606.1771458472,518.5545506213,520.4600000000,520.3559080000,517.3500000000,517.4534700000,38,19773.5245040000,11.7500000000,9.0000000000,446.5000000000,342.0000000000,0.7659574468,532.2100000000,511.4600000000,FORCED_EOD,207,118.1800000000,7.8873560000,0.2660000000,8.1533560000,110.0266440000
MSFT,QQQ,2025-10-06 13:17:00-04:00,2025-10-06 13:18:00-04:00,2025-10-06 15:59:00-04:00,SHORT,2.6212485823,524.3700000000,523.1249684714,608.0300000000,607.3782385755,523.2372387679,524.3750000000,524.2701250000,528.5200000000,528.6257040000,38,19922.2647500000,11.7500000000,9.0000000000,446.5000000000,342.0000000000,0.7659574468,536.1250000000,515.3750000000,FORCED_EOD,161,-157.5100000000,8.0020020000,0.2660000000,8.2680020000,-165.7780020000
MSFT,QQQ,2025-10-07 11:53:00-04:00,2025-10-07 11:54:00-04:00,2025-10-07 15:59:00-04:00,LONG,-2.5122289924,522.6800000000,525.6943871551,603.6900000000,606.9455065577,523.1330694997,522.8200000000,522.9245640000,523.9700000000,523.8652060000,38,19871.1334320000,11.7500000000,9.0000000000,446.5000000000,342.0000000000,0.7659574468,511.0700000000,531.8200000000,FORCED_EOD,245,43.7000000000,7.9556040000,0.2660000000,8.2216040000,35.4783960000
MSFT,QQQ,2025-10-08 10:07:00-04:00,2025-10-08 10:08:00-04:00,2025-10-08 15:59:00-04:00,LONG,-2.8512742434,525.1300000000,525.9341546646,608.4500000000,607.0750652822,527.3869165897,525.0900000000,525.1950180000,524.8300000000,524.7250340000,38,19957.4106840000,11.7500000000,9.0000000000,446.5000000000,342.0000000000,0.7659574468,513.3400000000,534.0900000000,FORCED_EOD,351,-9.8800000000,7.9793920000,0.2660000000,8.2453920000,-18.1253920000
MSFT,QQQ,2025-10-09 15:14:00-04:00,2025-10-09 15:15:00-04:00,2025-10-09 15:59:00-04:00,LONG,-2.6462765185,519.8300000000,520.4812883763,609.5600000000,609.4211069517,520.5663789172,519.8400000000,519.9439680000,522.2400000000,522.1355520000,38,19757.8707840000,11.7500000000,9.0000000000,446.5000000000,342.0000000000,0.7659574468,508.0900000000,528.8400000000,FORCED_EOD,44,91.2000000000,7.9198080000,0.2660000000,8.1858080000,83.0141920000
MSFT,QQQ,2025-10-10 11:16:00-04:00,2025-10-10 11:17:00-04:00,2025-10-10 15:59:00-04:00,SHORT,2.7255707676,518.2557000000,520.7578524033,604.2900000000,609.1532124202,517.0838682178,518.1243000000,518.0206751400,511.3800000000,511.4822760000,38,19684.7856553200,11.7500000000,9.0000000000,446.5000000000,342.0000000000,0.7659574468,529.8743000000,509.1243000000,FORCED_EOD,282,256.2834000000,7.8242326800,0.2660000000,8.0902326800,248.1931673200
MSFT,QQQ,2025-10-13 11:10:00-04:00,2025-10-13 11:11:00-04:00,2025-10-13 15:59:00-04:00,LONG,-2.6303092068,512.1800000000,514.1673703123,599.4900000000,599.5579992349,514.1275567895,512.1700000000,512.2724340000,513.9700000000,513.8672060000,39,19978.6249260000,11.7500000000,9.0000000000,458.2500000000,351.0000000000,0.7659574468,500.4200000000,521.1700000000,FORCED_EOD,288,70.2000000000,8.0038920000,0.2730000000,8.2768920000,61.9231080000
MSFT,QQQ,2025-10-14 12:20:00-04:00,2025-10-14 12:21:00-04:00,2025-10-14 15:59:00-04:00,SHORT,2.6464432271,512.5000000000,509.2105320751,600.7080000000,595.6549497345,511.2504747607,512.5150000000,512.4124970000,513.7100000000,513.8127420000,39,19984.0873830000,11.7500000000,9.0000000000,458.2500000000,351.0000000000,0.7659574468,524.2650000000,503.5150000000,FORCED_EOD,218,-46.6050000000,8.0045550000,0.2730000000,8.2775550000,-54.8825550000
MSFT,QQQ,2025-10-15 10:37:00-04:00,2025-10-15 10:38:00-04:00,2025-10-15 15:59:00-04:00,LONG,-2.9510153936,515.0650000000,515.3854572164,606.4700000000,604.4399965245,516.1657720931,515.0650000000,515.1680130000,513.7400000000,513.6372520000,38,19576.3844940000,11.7500000000,9.0000000000,446.5000000000,342.0000000000,0.7659574468,503.3150000000,524.0650000000,FORCED_EOD,321,-50.3500000000,7.8189180000,0.2660000000,8.0849180000,-58.4349180000
MSFT,QQQ,2025-10-16 12:26:00-04:00,2025-10-16 12:27:00-04:00,2025-10-16 15:59:00-04:00,LONG,-2.7310197205,512.3600000000,514.2354163617,601.0600000000,605.2994235368,512.5957087548,512.4400000000,512.5424880000,511.5500000000,511.4476900000,39,19989.1570320000,11.7500000000,9.0000000000,458.2500000000,351.0000000000,0.7659574468,500.6900000000,521.4400000000,FORCED_EOD,212,-34.7100000000,7.9871220000,0.2730000000,8.2601220000,-42.9701220000
MSFT,QQQ,2025-10-17 12:06:00-04:00,2025-10-17 12:07:00-04:00,2025-10-17 15:59:00-04:00,SHORT,2.6011670907,512.6785000000,510.3142228373,602.3500000000,599.4670237475,511.4359460824,512.6200000000,512.5174760000,513.5100000000,513.6127020000,39,19988.1815640000,11.7500000000,9.0000000000,458.2500000000,351.0000000000,0.7659574468,524.3700000000,503.6200000000,FORCED_EOD,232,-34.7100000000,8.0038140000,0.2730000000,8.2768140000,-42.9868140000
MSFT,QQQ,2025-10-20 13:13:00-04:00,2025-10-20 13:14:00-04:00,2025-10-20 15:59:00-04:00,SHORT,2.5490072057,517.2600000000,516.3946807450,612.2200000000,610.8136277846,516.7199925718,517.2900000000,517.1865420000,516.8300000000,516.9333660000,38,19653.0885960000,11.7500000000,9.0000000000,446.5000000000,342.0000000000,0.7659574468,529.0400000000,508.2900000000,FORCED_EOD,165,17.4800000000,7.8593120000,0.2660000000,8.1253120000,9.3546880000
MSFT,QQQ,2025-10-21 10:07:00-04:00,2025-10-21 10:08:00-04:00,2025-10-21 15:59:00-04:00,LONG,-2.6088089823,516.0700000000,517.3163689392,610.3400000000,610.4517831981,517.2764840039,516.1600000000,516.2632320000,517.7700000000,517.6664460000,38,19618.0028160000,11.7500000000,9.0000000000,446.5000000000,342.0000000000,0.7659574468,504.4100000000,525.1600000000,FORCED_EOD,351,61.1800000000,7.8578680000,0.2660000000,8.1238680000,53.0561320000
MSFT,QQQ,2025-10-22 13:08:00-04:00,2025-10-22 13:09:00-04:00,2025-10-22 15:59:00-04:00,LONG,-2.5127935355,521.6450000000,522.7519420203,603.5300000000,607.1031224619,521.1270809961,521.6270000000,521.7313254000,520.4800000000,520.3759040000,38,19825.7903652000,11.7500000000,9.0000000000,446.5000000000,342.0000000000,0.7659574468,509.8770000000,530.6270000000,FORCED_EOD,170,-43.5860000000,7.9200132000,0.2660000000,8.1860132000,-51.7720132000
MSFT,QQQ,2025-10-23 11:30:00-04:00,2025-10-23 11:31:00-04:00,2025-10-23 15:59:00-04:00,SHORT,2.5676187227,523.4899000000,521.8429380030,609.1501000000,607.7057315899,522.0909966984,523.4299000000,523.3252140200,520.5900000000,520.6941180000,38,19886.3581327600,11.7500000000,9.0000000000,446.5000000000,342.0000000000,0.7659574468,535.1799000000,514.4299000000,FORCED_EOD,268,107.9162000000,7.9345512400,0.2660000000,8.2005512400,99.7156487600
MSFT,QQQ,2025-10-24 12:29:00-04:00,2025-10-24 12:30:00-04:00,2025-10-24 15:59:00-04:00,SHORT,2.6987720578,523.9400000000,523.0001665343,617.6656000000,616.9535864187,523.1208833045,523.8800000000,523.7752240000,523.5000000000,523.6047000000,38,19903.4585120000,11.7500000000,9.0000000000,446.5000000000,342.0000000000,0.7659574468,535.6300000000,514.8800000000,FORCED_EOD,209,14.4400000000,7.9600880000,0.2660000000,8.2260880000,6.2139120000
MSFT,QQQ,2025-10-27 13:26:00-04:00,2025-10-27 13:27:00-04:00,2025-10-27 15:59:00-04:00,LONG,-2.9762303272,530.5778000000,532.0048803800,626.6299000000,625.8903793401,532.1305984332,530.5200000000,530.6261040000,531.4100000000,531.3037180000,37,19633.1658480000,11.7500000000,9.0000000000,434.7500000000,333.0000000000,0.7659574468,518.7700000000,539.5200000000,FORCED_EOD,152,32.9300000000,7.8582820000,0.2590000000,8.1172820000,24.8127180000
MSFT,QQQ,2025-10-28 11:45:00-04:00,2025-10-28 11:46:00-04:00,2025-10-28 15:59:00-04:00,LONG,-3.1685310424,541.3750000000,546.0507721432,629.9800000000,630.3510380896,545.9605575562,541.3000000000,541.4082600000,542.0100000000,541.9015980000,36,19490.6973600000,11.7500000000,9.0000000000,423.0000000000,324.0000000000,0.7659574468,529.5500000000,550.3000000000,FORCED_EOD,253,25.5600000000,7.7998320000,0.2520000000,8.0518320000,17.5081680000
MSFT,QQQ,2025-10-29 11:06:00-04:00,2025-10-29 11:07:00-04:00,2025-10-29 15:59:00-04:00,SHORT,2.6266368547,539.0750000000,540.0050639259,635.5600000000,635.9930599533,539.9074641565,539.1199000000,539.0120760200,542.5600000000,542.6685120000,37,19943.4468127400,11.7500000000,9.0000000000,434.7500000000,333.0000000000,0.7659574468,550.8699000000,530.1199000000,FORCED_EOD,292,-127.2837000000,8.0044312600,0.2590000000,8.2634312600,-135.5471312600
MSFT,QQQ,2025-10-30 11:16:00-04:00,2025-10-30 11:17:00-04:00,2025-10-30 15:59:00-04:00,LONG,-2.7864010153,524.3820000000,529.5420728573,630.4350000000,630.4095298596,529.5583897186,524.4028000000,524.5076805600,525.7800000000,525.6748440000,38,19931.2918612800,11.7500000000,9.0000000000,446.5000000000,342.0000000000,0.7659574468,512.6528000000,533.4028000000,FORCED_EOD,282,52.3336000000,7.9813892800,0.2660000000,8.2473892800,44.0862107200
MSFT,QQQ,2025-10-31 11:44:00-04:00,2025-10-31 11:45:00-04:00,2025-10-31 15:59:00-04:00,LONG,-2.9514057186,517.3750000000,519.8422251433,632.2467000000,632.4309263715,519.6211959460,517.3000000000,517.4034600000,517.8200000000,517.7164360000,38,19661.3314800000,11.7500000000,9.0000000000,446.5000000000,342.0000000000,0.7659574468,505.5500000000,526.3000000000,FORCED_EOD,254,19.7600000000,7.8669120000,0.2660000000,8.1329120000,11.6270880000
MSFT,QQQ,2025-11-03 11:18:00-05:00,2025-11-03 11:19:00-05:00,2025-11-03 15:59:00-05:00,LONG,-2.6321559169,518.8600000000,521.3137760298,631.7200000000,632.4679468758,520.4030569248,518.8550000000,518.9587710000,517.0400000000,516.9365920000,38,19720.4332980000,11.7500000000,9.0000000000,446.5000000000,342.0000000000,0.7659574468,507.1050000000,527.8550000000,FORCED_EOD,280,-68.9700000000,7.8728020000,0.2660000000,8.1388020000,-77.1088020000
MSFT,QQQ,2025-11-04 13:23:00-05:00,2025-11-04 13:24:00-05:00,2025-11-04 15:59:00-05:00,LONG,-3.3865053758,510.3300000000,512.3850151656,621.2050000000,623.7421577462,508.9789224437,510.3300000000,510.4320660000,514.7900000000,514.6870420000,39,19906.8505740000,11.7500000000,9.0000000000,458.2500000000,351.0000000000,0.7659574468,498.5800000000,519.3300000000,FORCED_EOD,155,173.9400000000,7.9959360000,0.2730000000,8.2689360000,165.6710640000
MSFT,QQQ,2025-11-05 10:25:00-05:00,2025-11-05 10:26:00-05:00,2025-11-05 15:59:00-05:00,SHORT,2.5333932759,513.9800000000,512.3152738529,621.7100000000,620.3430443065,512.7985009476,513.9800000000,513.8772040000,506.9900000000,507.0913980000,38,19527.3337520000,11.7500000000,9.0000000000,446.5000000000,342.0000000000,0.7659574468,525.7300000000,504.9800000000,FORCED_EOD,333,265.6200000000,7.7593720000,0.2660000000,8.0253720000,257.5946280000
MSFT,QQQ,2025-11-06 13:03:00-05:00,2025-11-06 13:04:00-05:00,2025-11-06 15:59:00-05:00,LONG,-2.7920574775,497.0000000000,499.4574097311,613.0900000000,614.9262107994,499.1591270841,497.0200000000,497.1194040000,497.3600000000,497.2605280000,40,19884.7761600000,11.7500000000,9.0000000000,470.0000000000,360.0000000000,0.7659574468,485.2700000000,506.0200000000,FORCED_EOD,175,13.6000000000,7.9550400000,0.2800000000,8.2350400000,5.3649600000
MSFT,QQQ,2025-11-07 11:12:00-05:00,2025-11-07 11:13:00-05:00,2025-11-07 15:59:00-05:00,LONG,-2.7021464935,494.0700000000,495.9263606869,600.4800000000,604.4307496502,495.2780545254,494.1500000000,494.2488300000,496.9200000000,496.8206160000,40,19769.9532000000,11.7500000000,9.0000000000,470.0000000000,360.0000000000,0.7659574468,482.4000000000,503.1500000000,FORCED_EOD,286,110.8000000000,7.9285600000,0.2800000000,8.2085600000,102.5914400000
MSFT,QQQ,2025-11-10 11:40:00-05:00,2025-11-10 11:41:00-05:00,2025-11-10 15:59:00-05:00,LONG,-2.7505003126,500.3600000000,502.6721031352,617.3301000000,620.0514117091,502.2308727939,500.3800000000,500.4800760000,506.1500000000,506.0487700000,39,19518.7229640000,11.7500000000,9.0000000000,458.2500000000,351.0000000000,0.7659574468,488.6300000000,509.3800000000,FORCED_EOD,258,225.0300000000,7.8509340000,0.2730000000,8.1239340000,216.9060660000
MSFT,QQQ,2025-11-11 10:42:00-05:00,2025-11-11 10:43:00-05:00,2025-11-11 15:59:00-05:00,LONG,-2.6142331537,503.4563000000,504.4849217427,618.8641000000,620.0777017761,503.9383922432,503.3901000000,503.4907780200,508.8200000000,508.7182360000,39,19636.1403427800,11.7500000000,9.0000000000,458.2500000000,351.0000000000,0.7659574468,491.6401000000,512.3901000000,FORCED_EOD,316,211.7661000000,7.8952387800,0.2730000000,8.1682387800,203.5978612200
MSFT,QQQ,2025-11-12 10:02:00-05:00,2025-11-12 10:03:00-05:00,2025-11-12 15:59:00-05:00,LONG,-2.6387103295,506.1700000000,507.7043925761,621.0102000000,621.5885041086,507.3523403176,506.1880000000,506.2892376000,511.4090000000,511.3067182000,39,19745.2802664000,11.7500000000,9.0000000000,458.2500000000,351.0000000000,0.7659574468,494.4380000000,515.1880000000,FORCED_EOD,356,203.6190000000,7.9372566000,0.2730000000,8.2102566000,195.4087434000
MSFT,QQQ,2025-11-13 10:02:00-05:00,2025-11-13 10:03:00-05:00,2025-11-13 15:07:00-05:00,SHORT,2.5117065014,510.3000000000,508.8075789911,614.3100000000,615.1319153979,508.2026804875,510.3461000000,510.2440307800,501.3461000000,501.4463692200,39,19899.5172004200,11.7500000000,9.0000000000,458.2500000000,351.0000000000,0.7659574468,522.0961000000,501.3461000000,TAKE_PROFIT_BRACKET,304,351.0000000000,7.8911991600,0.2730000000,8.1641991600,342.8358008400
MSFT,QQQ,2025-11-13 15:55:00-05:00,2025-11-13 15:56:00-05:00,2025-11-13 15:59:00-05:00,SHORT,2.6839967106,503.1700000000,507.0907669275,607.9400000000,610.6887518645,505.0599470700,503.1600000000,503.0593680000,503.2760000000,503.3766552000,39,19619.3153520000,11.7500000000,9.0000000000,458.2500000000,351.0000000000,0.7659574468,514.9100000000,494.1600000000,FORCED_EOD,3,-4.5240000000,7.8502008000,0.2730000000,8.1232008000,-12.6472008000
MSFT,QQQ,2025-11-14 10:07:00-05:00,2025-11-14 10:08:00-05:00,2025-11-14 15:59:00-05:00,SHORT,2.6913642589,504.2900000000,500.9123025586,604.5100000000,602.1775775161,502.4652181902,504.3100000000,504.2091380000,510.4000000000,510.5020800000,39,19664.1563820000,11.7500000000,9.0000000000,458.2500000000,351.0000000000,0.7659574468,516.0600000000,495.3100000000,FORCED_EOD,351,-237.5100000000,7.9147380000,0.2730000000,8.1877380000,-245.6977380000
MSFT,QQQ,2025-11-17 11:51:00-05:00,2025-11-17 11:52:00-05:00,2025-11-17 15:59:00-05:00,SHORT,2.6757585479,509.9450000000,508.5910361626,610.5900000000,608.8770629943,509.7435823195,509.9000000000,509.7980200000,507.4900000000,507.5914980000,39,19882.1227800000,11.7500000000,9.0000000000,458.2500000000,351.0000000000,0.7659574468,521.6500000000,500.9000000000,FORCED_EOD,247,93.9900000000,7.9356420000,0.2730000000,8.2086420000,85.7813580000
MSFT,QQQ,2025-11-18 10:00:00-05:00,2025-11-18 10:01:00-05:00,2025-11-18 11:03:00-05:00,SHORT,3.2161746187,496.2055000000,497.2011287447,595.0800000000,598.3880709938,493.6345610446,496.2200000000,496.1207560000,487.2200000000,487.3174440000,40,19844.8302400000,11.7500000000,9.0000000000,470.0000000000,360.0000000000,0.7659574468,507.9700000000,487.2200000000,TAKE_PROFIT_BRACKET,62,360.0000000000,7.8675200000,0.2800000000,8.1475200000,351.8524800000
MSFT,QQQ,2025-11-18 12:57:00-05:00,2025-11-18 12:58:00-05:00,2025-11-18 15:59:00-05:00,LONG,-2.7266628495,492.2300000000,493.1397759401,600.7500000000,596.4345961987,497.7695001242,492.2100000000,492.3084420000,493.7900000000,493.6912420000,40,19692.3376800000,11.7500000000,9.0000000000,470.0000000000,360.0000000000,0.7659574468,480.4600000000,501.2100000000,FORCED_EOD,181,63.2000000000,7.8880000000,0.2800000000,8.1680000000,55.0320000000
MSFT,QQQ,2025-11-19 11:06:00-05:00,2025-11-19 11:07:00-05:00,2025-11-19 15:59:00-05:00,SHORT,3.2098074637,488.5101000000,491.9412609466,599.8400000000,602.5426199004,488.4925332758,488.5000000000,488.4023000000,486.9790000000,487.0763958000,40,19536.0920000000,11.7500000000,9.0000000000,470.0000000000,360.0000000000,0.7659574468,500.2500000000,479.5000000000,FORCED_EOD,292,60.8400000000,7.8038320000,0.2800000000,8.0838320000,52.7561680000
MSFT,QQQ,2025-11-20 11:17:00-05:00,2025-11-20 11:18:00-05:00,2025-11-20 15:59:00-05:00,LONG,-3.0528370182,487.1100000000,491.5367261173,606.2900000000,611.2689625384,488.7642052165,487.0900000000,487.1874180000,478.2600000000,478.1643480000,41,19974.6841380000,11.7500000000,9.0000000000,481.7500000000,369.0000000000,0.7659574468,475.3400000000,496.0900000000,FORCED_EOD,281,-362.0300000000,7.9158700000,0.2870000000,8.2028700000,-370.2328700000
MSFT,QQQ,2025-11-21 12:10:00-05:00,2025-11-21 12:11:00-05:00,2025-11-21 15:59:00-05:00,SHORT,2.6039058114,475.5457000000,473.2923960941,591.6500000000,586.1751544367,476.2475146913,475.5550000000,475.4598890000,472.2400000000,472.3344480000,42,19969.3153380000,11.7500000000,9.0000000000,493.5000000000,378.0000000000,0.7659574468,487.3050000000,466.5550000000,FORCED_EOD,228,139.2300000000,7.9614780000,0.2940000000,8.2554780000,130.9745220000
MSFT,QQQ,2025-11-24 13:22:00-05:00,2025-11-24 13:23:00-05:00,2025-11-24 15:59:00-05:00,LONG,-2.5173151675,475.1701000000,473.6656380388,605.2800000000,601.3684965611,474.3418145628,475.2150000000,475.3100430000,473.7900000000,473.6952420000,42,19963.0218060000,11.7500000000,9.0000000000,493.5000000000,378.0000000000,0.7659574468,463.4650000000,484.2150000000,FORCED_EOD,156,-59.8500000000,7.9716420000,0.2940000000,8.2656420000,-68.1156420000
MSFT,QQQ,2025-11-25 12:05:00-05:00,2025-11-25 12:06:00-05:00,2025-11-25 15:59:00-05:00,SHORT,2.6213959243,475.4250000000,469.9961712752,605.4701000000,601.8017547991,471.3890539571,475.4000000000,475.3049200000,476.9400000000,477.0353880000,42,19962.8066400000,11.7500000000,9.0000000000,493.5000000000,378.0000000000,0.7659574468,487.1500000000,466.4000000000,FORCED_EOD,233,-64.6800000000,7.9996560000,0.2940000000,8.2936560000,-72.9736560000
MSFT,QQQ,2025-11-26 10:45:00-05:00,2025-11-26 10:46:00-05:00,2025-11-26 15:59:00-05:00,SHORT,2.7600729817,485.8100000000,483.4044858345,612.5000000000,612.2437599247,483.4884314403,485.7600000000,485.6628480000,485.4900000000,485.5870980000,41,19912.1767680000,11.7500000000,9.0000000000,481.7500000000,369.0000000000,0.7659574468,497.5100000000,476.7600000000,FORCED_EOD,313,11.0700000000,7.9642500000,0.2870000000,8.2512500000,2.8187500000
MSFT,QQQ,2025-11-28 12:12:00-05:00,2025-11-28 12:13:00-05:00,2025-11-28 12:59:00-05:00,LONG,-2.5329880477,491.5400000000,490.7798338963,617.6587000000,616.8801566595,491.0841209318,491.5600000000,491.6583120000,492.0100000000,491.9115980000,40,19666.3324800000,11.7500000000,9.0000000000,470.0000000000,360.0000000000,0.7659574468,479.8100000000,500.5600000000,FORCED_EOD,46,18.0000000000,7.8685600000,0.2800000000,8.1485600000,9.8514400000
MSFT,QQQ,2025-12-01 14:25:00-05:00,2025-12-01 14:26:00-05:00,2025-12-01 15:59:00-05:00,LONG,-2.6465841937,488.1100000000,487.8159900048,617.1300000000,616.5100076002,487.9141042942,488.1400000000,488.2376280000,486.8300000000,486.7326340000,40,19529.5051200000,11.7500000000,9.0000000000,470.0000000000,360.0000000000,0.7659574468,476.3900000000,497.1400000000,FORCED_EOD,93,-52.4000000000,7.7997600000,0.2800000000,8.0797600000,-60.4797600000
MSFT,QQQ,2025-12-02 11:25:00-05:00,2025-12-02 11:26:00-05:00,2025-12-02 15:59:00-05:00,LONG,-2.7968600062,490.1000000000,489.6863263541,618.8000000000,621.7261081332,488.9232648293,490.0300000000,490.1280060000,490.0600000000,489.9619880000,40,19605.1202400000,11.7500000000,9.0000000000,470.0000000000,360.0000000000,0.7659574468,478.2800000000,499.0300000000,FORCED_EOD,273,1.2000000000,7.8407200000,0.2800000000,8.1207200000,-6.9207200000
MSFT,QQQ,2025-12-03 10:31:00-05:00,2025-12-03 10:32:00-05:00,2025-12-03 15:59:00-05:00,SHORT,2.6210106184,478.7820000000,477.2003707406,620.1200000000,619.8746038793,477.5900940526,478.7700000000,478.6742460000,477.7400000000,477.8355480000,41,19625.6440860000,11.7500000000,9.0000000000,481.7500000000,369.0000000000,0.7659574468,490.5200000000,469.7700000000,FORCED_EOD,327,42.2300000000,7.8433820000,0.2870000000,8.1303820000,34.0996180000
MSFT,QQQ,2025-12-04 13:15:00-05:00,2025-12-04 13:16:00-05:00,2025-12-04 15:59:00-05:00,LONG,-2.7992341672,477.9200000000,478.3064064894,622.5500000000,622.0616855977,479.3044315710,477.9150000000,478.0105830000,480.8200000000,480.7238360000,41,19598.4339030000,11.7500000000,9.0000000000,481.7500000000,369.0000000000,0.7659574468,466.1650000000,486.9150000000,FORCED_EOD,163,119.1050000000,7.8616270000,0.2870000000,8.1486270000,110.9563730000
MSFT,QQQ,2025-12-05 10:52:00-05:00,2025-12-05 10:53:00-05:00,2025-12-05 15:59:00-05:00,SHORT,2.5379918780,481.5300000000,481.9738233068,626.4600000000,627.0227732188,481.3378917425,481.5400000000,481.4436920000,483.0300000000,483.1266060000,41,19739.1913720000,11.7500000000,9.0000000000,481.7500000000,369.0000000000,0.7659574468,493.2900000000,472.5400000000,FORCED_EOD,306,-61.0900000000,7.9094740000,0.2870000000,8.1964740000,-69.2864740000
MSFT,QQQ,2025-12-08 11:01:00-05:00,2025-12-08 11:02:00-05:00,2025-12-08 15:59:00-05:00,SHORT,2.8771857971,489.8150000000,488.5531424644,623.3600000000,626.1822457345,486.3496888438,489.8300000000,489.7320340000,491.1200000000,491.2182240000,40,19589.2813600000,11.7500000000,9.0000000000,470.0000000000,360.0000000000,0.7659574468,501.5800000000,480.8300000000,FORCED_EOD,297,-51.6000000000,7.8476000000,0.2800000000,8.1276000000,-59.7276000000
MSFT,QQQ,2025-12-09 11:07:00-05:00,2025-12-09 11:08:00-05:00,2025-12-09 15:59:00-05:00,LONG,-2.9042150564,489.9100000000,490.2101677769,624.6900000000,623.4341635090,490.4076621887,489.9550000000,490.0529910000,492.0600000000,491.9615880000,40,19602.1196400000,11.7500000000,9.0000000000,470.0000000000,360.0000000000,0.7659574468,478.2050000000,498.9550000000,FORCED_EOD,291,84.2000000000,7.8561200000,0.2800000000,8.1361200000,76.0638800000
MSFT,QQQ,2025-12-10 10:38:00-05:00,2025-12-10 10:39:00-05:00,2025-12-10 15:59:00-05:00,LONG,-2.7284595199,478.4800000000,480.5184028031,622.2100000000,623.3117769146,480.3485282386,478.4800000000,478.5756960000,478.5215000000,478.4257957000,41,19621.6035360000,11.7500000000,9.0000000000,481.7500000000,369.0000000000,0.7659574468,466.7300000000,487.4800000000,FORCED_EOD,320,1.7015000000,7.8474123000,0.2870000000,8.1344123000,-6.4329123000
MSFT,QQQ,2025-12-11 13:22:00-05:00,2025-12-11 13:23:00-05:00,2025-12-11 15:59:00-05:00,SHORT,2.9319421870,481.5700000000,479.8865375166,623.6901000000,621.3598035433,480.2464828789,481.5400000000,481.4436920000,483.6900000000,483.7867380000,41,19739.1913720000,11.7500000000,9.0000000000,481.7500000000,369.0000000000,0.7659574468,493.2900000000,472.5400000000,FORCED_EOD,156,-88.1500000000,7.9148860000,0.2870000000,8.2018860000,-96.3518860000
MSFT,QQQ,2025-12-12 10:58:00-05:00,2025-12-12 10:59:00-05:00,2025-12-12 15:59:00-05:00,LONG,-3.3357556278,477.4600000000,479.8074986615,614.1300000000,619.5058659262,478.9747766728,477.4200000000,477.5154840000,478.3500000000,478.2543300000,41,19578.1348440000,11.7500000000,9.0000000000,481.7500000000,369.0000000000,0.7659574468,465.6700000000,486.4200000000,FORCED_EOD,300,38.1300000000,7.8373140000,0.2870000000,8.1243140000,30.0056860000
MSFT,QQQ,2025-12-15 10:25:00-05:00,2025-12-15 10:26:00-05:00,2025-12-15 15:59:00-05:00,LONG,-2.5919783006,472.9100000000,476.5430560570,610.0900000000,614.4879482648,475.8609233276,472.9250000000,473.0195850000,474.8100000000,474.7150380000,42,19866.8225700000,11.7500000000,9.0000000000,493.5000000000,378.0000000000,0.7659574468,461.1750000000,481.9250000000,FORCED_EOD,333,79.1700000000,7.9609740000,0.2940000000,8.2549740000,70.9150260000
MSFT,QQQ,2025-12-16 12:40:00-05:00,2025-12-16 12:41:00-05:00,2025-12-16 15:59:00-05:00,LONG,-3.0846259262,473.2850000000,473.7537052287,608.9800000000,609.6817475180,473.6446465310,473.2852000000,473.3798570400,476.2400000000,476.1447520000,42,19881.9539956800,11.7500000000,9.0000000000,493.5000000000,378.0000000000,0.7659574468,461.5352000000,482.2852000000,FORCED_EOD,198,124.1016000000,7.9760116800,0.2940000000,8.2700116800,115.8315883200
MSFT,QQQ,2025-12-17 11:48:00-05:00,2025-12-17 11:49:00-05:00,2025-12-17 15:59:00-05:00,LONG,-2.5462529979,475.4300000000,476.7580658150,603.3000000000,607.7844212861,476.0545321462,475.3900000000,475.4850780000,476.0600000000,475.9647880000,42,19970.3732760000,11.7500000000,9.0000000000,493.5000000000,378.0000000000,0.7659574468,463.6400000000,484.3900000000,FORCED_EOD,250,28.1400000000,7.9921800000,0.2940000000,8.2861800000,19.8538200000
MSFT,QQQ,2025-12-18 11:35:00-05:00,2025-12-18 11:36:00-05:00,2025-12-18 15:59:00-05:00,SHORT,2.7850869216,489.0900000000,484.4293146351,612.2300000000,610.1702225148,485.2425956326,489.0600000000,488.9621880000,483.8800000000,483.9767760000,40,19558.4875200000,11.7500000000,9.0000000000,470.0000000000,360.0000000000,0.7659574468,500.8100000000,480.0600000000,FORCED_EOD,263,207.2000000000,7.7835200000,0.2800000000,8.0635200000,199.1364800000
MSFT,QQQ,2025-12-19 10:51:00-05:00,2025-12-19 10:52:00-05:00,2025-12-19 15:59:00-05:00,LONG,-2.7052627776,484.4000000000,486.0009617906,614.6600000000,615.3577866055,485.6632963862,484.4350000000,484.5318870000,485.8900000000,485.7928220000,41,19865.8073670000,11.7500000000,9.0000000000,481.7500000000,369.0000000000,0.7659574468,472.6850000000,493.4350000000,FORCED_EOD,307,59.6550000000,7.9566650000,0.2870000000,8.2436650000,51.4113350000
MSFT,QQQ,2025-12-22 14:35:00-05:00,2025-12-22 14:36:00-05:00,2025-12-22 15:59:00-05:00,LONG,-2.9076932254,485.6100000000,485.2186847798,619.5800000000,619.4610131509,485.2585842357,485.6100000000,485.7071220000,484.8500000000,484.7530300000,41,19913.9920020000,11.7500000000,9.0000000000,481.7500000000,369.0000000000,0.7659574468,473.8600000000,494.6100000000,FORCED_EOD,83,-31.1600000000,7.9577720000,0.2870000000,8.2447720000,-39.4047720000
MSFT,QQQ,2025-12-23 11:23:00-05:00,2025-12-23 11:24:00-05:00,2025-12-23 15:59:00-05:00,SHORT,2.8113175930,486.6600000000,486.0544435737,620.4700000000,619.5985024656,486.2861044925,486.6500000000,486.5526700000,486.5000000000,486.5973000000,41,19948.6594700000,11.7500000000,9.0000000000,481.7500000000,369.0000000000,0.7659574468,498.4000000000,477.6500000000,FORCED_EOD,275,6.1500000000,7.9798300000,0.2870000000,8.2668300000,-2.1168300000
MSFT,QQQ,2025-12-24 11:31:00-05:00,2025-12-24 11:32:00-05:00,2025-12-24 12:59:00-05:00,SHORT,2.5596534431,488.7000000000,487.0372696331,623.4700000000,622.5739491208,487.2714149753,488.7050000000,488.6072590000,488.0200000000,488.1176040000,40,19544.2903600000,11.7500000000,9.0000000000,470.0000000000,360.0000000000,0.7659574468,500.4550000000,479.7050000000,FORCED_EOD,87,27.4000000000,7.8138000000,0.2800000000,8.0938000000,19.3062000000
MSFT,QQQ,2025-12-26 10:26:00-05:00,2025-12-26 10:27:00-05:00,2025-12-26 15:59:00-05:00,LONG,-2.7610173305,486.0200000000,486.9829607747,623.9850000000,624.3703695940,486.7079600166,486.0500000000,486.1472100000,487.7850000000,487.6874430000,41,19932.0356100000,11.7500000000,9.0000000000,481.7500000000,369.0000000000,0.7659574468,474.3000000000,495.0500000000,FORCED_EOD,332,71.1350000000,7.9854470000,0.2870000000,8.2724470000,62.8625530000
MSFT,QQQ,2025-12-29 11:07:00-05:00,2025-12-29 11:08:00-05:00,2025-12-29 15:59:00-05:00,LONG,-2.7643746502,486.3650000000,486.9498075964,619.5252000000,620.7347576853,486.6247102062,486.3500000000,486.4472700000,487.1010000000,487.0035798000,41,19944.3380700000,11.7500000000,9.0000000000,481.7500000000,369.0000000000,0.7659574468,474.6000000000,495.3500000000,FORCED_EOD,291,30.7910000000,7.9822982000,0.2870000000,8.2692982000,22.5217018000
MSFT,QQQ,2025-12-30 11:01:00-05:00,2025-12-30 11:02:00-05:00,2025-12-30 15:59:00-05:00,SHORT,2.5621431192,489.1350000000,487.7805551817,621.3350000000,620.3866021538,488.0745948606,489.1550000000,489.0571690000,487.5500000000,487.6475100000,40,19562.2867600000,11.7500000000,9.0000000000,470.0000000000,360.0000000000,0.7659574468,500.9050000000,480.1550000000,FORCED_EOD,297,64.2000000000,7.8136400000,0.2800000000,8.0936400000,56.1063600000
MSFT,QQQ,2025-12-31 11:51:00-05:00,2025-12-31 11:52:00-05:00,2025-12-31 15:59:00-05:00,SHORT,2.7206447122,485.6499000000,485.6636999925,617.5700000000,617.7661130446,485.5878936109,485.5900000000,485.4928820000,483.6500000000,483.7467300000,41,19905.2081620000,11.7500000000,9.0000000000,481.7500000000,369.0000000000,0.7659574468,497.3400000000,476.5900000000,FORCED_EOD,247,79.5400000000,7.9477680000,0.2870000000,8.2347680000,71.3052320000
MSFT,QQQ,2026-01-02 10:59:00-05:00,2026-01-02 11:00:00-05:00,2026-01-02 15:59:00-05:00,SHORT,2.5470138668,474.0600000000,478.6822609346,612.6650000000,618.1675552070,474.8535225587,474.0000000000,473.9052000000,472.9300000000,473.0245860000,42,19904.0184000000,11.7500000000,9.0000000000,493.5000000000,378.0000000000,0.7659574468,485.7500000000,465.0000000000,FORCED_EOD,299,44.9400000000,7.9542120000,0.2940000000,8.2482120000,36.6917880000
MSFT,QQQ,2026-01-05 10:39:00-05:00,2026-01-05 10:40:00-05:00,2026-01-05 15:59:00-05:00,LONG,-2.8003387473,472.0700000000,472.3790870481,619.5300000000,618.7055893865,472.5049738478,472.0800000000,472.1744160000,472.9200000000,472.8254160000,42,19831.3254720000,11.7500000000,9.0000000000,493.5000000000,378.0000000000,0.7659574468,460.3300000000,481.0800000000,FORCED_EOD,319,35.2800000000,7.9380000000,0.2940000000,8.2320000000,27.0480000000
MSFT,QQQ,2026-01-06 12:38:00-05:00,2026-01-06 12:39:00-05:00,2026-01-06 15:59:00-05:00,SHORT,2.6071703440,474.2300000000,471.9996097749,622.6950000000,620.8943180853,472.5249422683,474.1900000000,474.0951620000,478.5100000000,478.6057020000,42,19911.9968040000,11.7500000000,9.0000000000,493.5000000000,378.0000000000,0.7659574468,485.9400000000,465.1900000000,FORCED_EOD,200,-181.4400000000,8.0026800000,0.2940000000,8.2966800000,-189.7366800000
MSFT,QQQ,2026-01-07 10:38:00-05:00,2026-01-07 10:39:00-05:00,2026-01-07 15:59:00-05:00,SHORT,2.6968793444,485.2000000000,483.0511210475,624.0500000000,624.2245938044,482.9095704907,485.1800000000,485.0829640000,483.5000000000,483.5967000000,41,19888.4015240000,11.7500000000,9.0000000000,481.7500000000,369.0000000000,0.7659574468,496.9300000000,476.1800000000,FORCED_EOD,320,68.8800000000,7.9431760000,0.2870000000,8.2301760000,60.6498240000
MSFT,QQQ,2026-01-08 11:57:00-05:00,2026-01-08 11:58:00-05:00,2026-01-08 15:59:00-05:00,SHORT,2.6736889164,478.6600000000,478.4251618577,619.8902000000,619.9360369031,478.3842668694,478.5800000000,478.4842840000,478.1400000000,478.2356280000,41,19617.8556440000,11.7500000000,9.0000000000,481.7500000000,369.0000000000,0.7659574468,490.3300000000,469.5800000000,FORCED_EOD,241,18.0400000000,7.8451040000,0.2870000000,8.1321040000,9.9078960000
MSFT,QQQ,2026-01-09 12:56:00-05:00,2026-01-09 12:57:00-05:00,2026-01-09 15:59:00-05:00,LONG,-2.5358661389,477.0250000000,475.3600726479,626.4800000000,623.4623322383,478.8615283429,477.0250000000,477.1204050000,479.2500000000,479.1541500000,41,19561.9366050000,11.7500000000,9.0000000000,481.7500000000,369.0000000000,0.7659574468,465.2750000000,486.0250000000,FORCED_EOD,182,91.2250000000,7.8414550000,0.2870000000,8.1284550000,83.0965450000
MSFT,QQQ,2026-01-12 10:25:00-05:00,2026-01-12 10:26:00-05:00,2026-01-12 15:59:00-05:00,LONG,-2.5335789087,478.6200000000,479.0255567678,626.7150000000,625.3175622586,479.8743706272,478.6450000000,478.7407290000,477.1900000000,477.0945620000,41,19628.3698890000,11.7500000000,9.0000000000,481.7500000000,369.0000000000,0.7659574468,466.8950000000,487.6450000000,FORCED_EOD,333,-59.6550000000,7.8378470000,0.2870000000,8.1248470000,-67.7798470000
MSFT,QQQ,2026-01-13 10:32:00-05:00,2026-01-13 10:33:00-05:00,2026-01-13 15:59:00-05:00,LONG,-2.5290531313,467.1700000000,472.1260648053,624.5900000000,627.0133918488,470.2950638820,467.1660000000,467.2594332000,470.7200000000,470.6258560000,42,19624.8961944000,11.7500000000,9.0000000000,493.5000000000,378.0000000000,0.7659574468,455.4160000000,476.1660000000,FORCED_EOD,326,149.2680000000,7.8782424000,0.2940000000,8.1722424000,141.0957576000
MSFT,QQQ,2026-01-14 10:56:00-05:00,2026-01-14 10:57:00-05:00,2026-01-14 15:59:00-05:00,LONG,-2.8897534631,461.5948000000,464.9116294556,616.2800000000,619.3135150196,462.7119977088,461.5543000000,461.6466108600,459.3800000000,459.2881240000,43,19850.8042669800,11.7500000000,9.0000000000,505.2500000000,387.0000000000,0.7659574468,449.8043000000,470.5543000000,FORCED_EOD,302,-93.4949000000,7.9200349800,0.3010000000,8.2210349800,-101.7159349800
MSFT,QQQ,2026-01-15 11:14:00-05:00,2026-01-15 11:15:00-05:00,2026-01-15 15:59:00-05:00,SHORT,2.5784907983,460.4400000000,459.6857285413,625.9174000000,625.6336220570,459.9383295067,460.4500000000,460.3579100000,456.9100000000,457.0013820000,43,19795.3901300000,11.7500000000,9.0000000000,505.2500000000,387.0000000000,0.7659574468,472.2000000000,451.4500000000,FORCED_EOD,284,152.2200000000,7.8892960000,0.3010000000,8.1902960000,144.0297040000
MSFT,QQQ,2026-01-16 11:52:00-05:00,2026-01-16 11:53:00-05:00,2026-01-16 15:59:00-05:00,SHORT,2.5922944532,462.0800000000,458.7367333110,622.3200000000,621.9520405474,459.0963091202,462.0900000000,461.9975820000,459.8700000000,459.9619740000,43,19865.8960260000,11.7500000000,9.0000000000,505.2500000000,387.0000000000,0.7659574468,473.8400000000,453.0900000000,FORCED_EOD,246,95.4600000000,7.9288560000,0.3010000000,8.2298560000,87.2301440000
MSFT,QQQ,2026-01-20 12:46:00-05:00,2026-01-20 12:47:00-05:00,2026-01-20 15:59:00-05:00,SHORT,2.5431325493,453.3313000000,453.3592894933,611.2400000000,612.8280358723,451.4598617464,453.2901000000,453.1994419800,454.6600000000,454.7509320000,44,19940.7754471200,11.7500000000,9.0000000000,517.0000000000,396.0000000000,0.7659574468,465.0401000000,444.2901000000,FORCED_EOD,192,-60.2756000000,7.9899608800,0.3080000000,8.2979608800,-68.5735608800
MSFT,QQQ,2026-01-21 11:15:00-05:00,2026-01-21 11:16:00-05:00,2026-01-21 15:59:00-05:00,LONG,-2.9440456286,449.1050000000,450.3914355079,615.7700000000,612.4600268750,451.6469101849,449.1600000000,449.2498320000,444.2000000000,444.1111600000,44,19766.9926080000,11.7500000000,9.0000000000,517.0000000000,396.0000000000,0.7659574468,437.4100000000,458.1600000000,FORCED_EOD,283,-218.2400000000,7.8615680000,0.3080000000,8.1695680000,-226.4095680000
MSFT,QQQ,2026-01-22 11:20:00-05:00,2026-01-22 11:21:00-05:00,2026-01-22 15:59:00-05:00,SHORT,3.0888726263,447.8500000000,446.9567682286,620.9200000000,619.7636638900,447.1235518853,447.8700000000,447.7804260000,451.1500000000,451.2402300000,44,19702.3387440000,11.7500000000,9.0000000000,517.0000000000,396.0000000000,0.7659574468,459.6200000000,438.8700000000,FORCED_EOD,278,-144.3200000000,7.9113760000,0.3080000000,8.2193760000,-152.5393760000
MSFT,QQQ,2026-01-23 10:05:00-05:00,2026-01-23 10:06:00-05:00,2026-01-23 15:59:00-05:00,SHORT,2.5633727365,460.3700000000,455.1884818850,622.2000000000,620.1662112812,455.4870332032,460.3700000000,460.2779260000,465.8100000000,465.9031620000,43,19791.9508180000,11.7500000000,9.0000000000,505.2500000000,387.0000000000,0.7659574468,472.1200000000,451.3700000000,FORCED_EOD,353,-233.9200000000,7.9651480000,0.3010000000,8.2661480000,-242.1861480000
MSFT,QQQ,2026-01-26 11:00:00-05:00,2026-01-26 11:01:00-05:00,2026-01-26 15:59:00-05:00,SHORT,2.9046982837,471.8950000000,467.7749611475,626.5600000000,625.0642764605,468.0034517032,471.8600000000,471.7656280000,470.3600000000,470.4540720000,42,19814.1563760000,11.7500000000,9.0000000000,493.5000000000,378.0000000000,0.7659574468,483.6100000000,462.8600000000,FORCED_EOD,298,63.0000000000,7.9146480000,0.2940000000,8.2086480000,54.7913520000
MSFT,QQQ,2026-01-27 11:50:00-05:00,2026-01-27 11:51:00-05:00,2026-01-27 15:59:00-05:00,SHORT,2.7504592316,480.6300000000,477.4970933530,631.5100000000,630.2493873291,477.7207306757,480.6285000000,480.5323743000,480.5850000000,480.6811170000,41,19701.8273463000,11.7500000000,9.0000000000,481.7500000000,369.0000000000,0.7659574468,492.3785000000,471.6285000000,FORCED_EOD,248,1.7835000000,7.8819507000,0.2870000000,8.1689507000,-6.3854507000
MSFT,QQQ,2026-01-28 11:31:00-05:00,2026-01-28 11:32:00-05:00,2026-01-28 15:59:00-05:00,LONG,-2.5546808609,478.4000000000,480.4789562148,633.0100000000,634.8504850975,480.2003664116,478.3700000000,478.4656740000,481.7200000000,481.6236560000,41,19617.0926340000,11.7500000000,9.0000000000,481.7500000000,369.0000000000,0.7659574468,466.6200000000,487.3700000000,FORCED_EOD,267,137.3500000000,7.8727380000,0.2870000000,8.1597380000,129.1902620000
MSFT,QQQ,2026-01-29 11:06:00-05:00,2026-01-29 11:07:00-05:00,2026-01-29 15:41:00-05:00,LONG,-2.8558902652,421.8750000000,429.5786743556,619.0400000000,624.6923305469,426.4785032355,421.8700000000,421.9543740000,430.8700000000,430.7838260000,47,19831.8555780000,11.7500000000,9.0000000000,552.2500000000,423.0000000000,0.7659574468,410.1200000000,430.8700000000,TAKE_PROFIT_BRACKET,274,423.0000000000,8.0157560000,0.3290000000,8.3447560000,414.6552440000
MSFT,QQQ,2026-01-29 15:41:00-05:00,2026-01-29 15:42:00-05:00,2026-01-29 15:59:00-05:00,SHORT,2.6698935828,431.0475000000,427.1849286213,627.1900000000,624.5350716158,428.6333451642,431.0750000000,430.9887850000,433.4700000000,433.5566940000,46,19825.4841100000,11.7500000000,9.0000000000,540.5000000000,414.0000000000,0.7659574468,442.8250000000,422.0750000000,FORCED_EOD,17,-110.1700000000,7.9538140000,0.3220000000,8.2758140000,-118.4458140000
MSFT,QQQ,2026-01-30 12:06:00-05:00,2026-01-30 12:07:00-05:00,2026-01-30 15:59:00-05:00,SHORT,2.5557876003,429.7300000000,433.3521363511,622.4950000000,625.9666896914,423.7384353711,429.7300000000,429.6440540000,430.3600000000,430.4460720000,46,19763.6264840000,11.7500000000,9.0000000000,540.5000000000,414.0000000000,0.7659574468,441.4800000000,420.7300000000,FORCED_EOD,232,-28.9800000000,7.9128280000,0.3220000000,8.2348280000,-37.2148280000
MSFT,QQQ,2026-02-02 13:19:00-05:00,2026-02-02 13:20:00-05:00,2026-02-02 15:59:00-05:00,SHORT,3.0057765273,425.2417000000,426.7393341495,627.6300000000,625.4757825398,431.2969982267,425.2300000000,425.1449540000,423.3100000000,423.3946620000,47,19981.8128380000,11.7500000000,9.0000000000,552.2500000000,423.0000000000,0.7659574468,436.9800000000,416.2300000000,FORCED_EOD,159,90.2400000000,7.9762760000,0.3290000000,8.3052760000,81.9347240000
MSFT,QQQ,2026-02-03 12:12:00-05:00,2026-02-03 12:13:00-05:00,2026-02-03 15:59:00-05:00,SHORT,3.3133155497,411.4350000000,414.5900776379,615.4250000000,620.4974747858,406.3337523797,411.4400000000,411.3577120000,411.3300000000,411.4122660000,48,19745.1701760000,11.7500000000,9.0000000000,564.0000000000,432.0000000000,0.7659574468,423.1900000000,402.4400000000,FORCED_EOD,226,5.2800000000,7.8985920000,0.3360000000,8.2345920000,-2.9545920000
MSFT,QQQ,2026-02-04 12:12:00-05:00,2026-02-04 12:13:00-05:00,2026-02-04 15:59:00-05:00,LONG,-2.7817463895,414.2600000000,414.2245024686,606.0700000000,609.7282182753,412.2558106737,414.2550000000,414.3378510000,414.2000000000,414.1171600000,48,19888.2168480000,11.7500000000,9.0000000000,564.0000000000,432.0000000000,0.7659574468,402.5050000000,423.2550000000,FORCED_EOD,226,-2.6400000000,7.9531680000,0.3360000000,8.2891680000,-10.9291680000
MSFT,QQQ,2026-02-05 11:22:00-05:00,2026-02-05 11:23:00-05:00,2026-02-05 15:12:00-05:00,SHORT,2.9361928515,404.2700000000,401.6101031943,599.2700000000,598.4698142064,401.7174979840,404.2800000000,404.1991440000,395.2800000000,395.3590560000,49,19805.7580560000,11.7500000000,9.0000000000,575.7500000000,441.0000000000,0.7659574468,416.0300000000,395.2800000000,TAKE_PROFIT_BRACKET,229,441.0000000000,7.8356880000,0.3430000000,8.1786880000,432.8213120000
MSFT,QQQ,2026-02-06 10:53:00-05:00,2026-02-06 10:54:00-05:00,2026-02-06 15:59:00-05:00,LONG,-2.6001542189,393.5600000000,396.7738390553,602.1700000000,602.6784966148,396.7068852300,393.4800000000,393.5586960000,400.8200000000,400.7398360000,50,19677.9348000000,11.7500000000,9.0000000000,587.5000000000,450.0000000000,0.7659574468,381.7300000000,402.4800000000,FORCED_EOD,305,367.0000000000,7.9430000000,0.3500000000,8.2930000000,358.7070000000
MSFT,QQQ,2026-02-09 13:34:00-05:00,2026-02-09 13:35:00-05:00,2026-02-09 15:59:00-05:00,SHORT,3.2410971252,412.9000000000,409.5242730476,614.9300000000,612.0373607859,411.2106774079,412.9000000000,412.8174200000,413.6250000000,413.7077250000,48,19815.2361600000,11.7500000000,9.0000000000,564.0000000000,432.0000000000,0.7659574468,424.6500000000,403.9000000000,FORCED_EOD,144,-34.8000000000,7.9346400000,0.3360000000,8.2706400000,-43.0706400000
MSFT,QQQ,2026-02-10 12:44:00-05:00,2026-02-10 12:45:00-05:00,2026-02-10 15:59:00-05:00,LONG,-2.6182893254,419.3213000000,420.1747145031,615.3200000000,615.0362430452,420.4315377246,419.3300000000,419.4138660000,413.3400000000,413.2573320000,47,19712.4517020000,11.7500000000,9.0000000000,552.2500000000,423.0000000000,0.7659574468,407.5800000000,428.3300000000,FORCED_EOD,194,-281.5300000000,7.8270980000,0.3290000000,8.1560980000,-289.6860980000
MSFT,QQQ,2026-02-11 11:00:00-05:00,2026-02-11 11:01:00-05:00,2026-02-11 15:59:00-05:00,LONG,-2.6290063885,403.8200000000,407.2714588059,612.0400000000,612.2717239919,407.0872228442,403.8000000000,403.8807600000,404.2000000000,404.1191600000,49,19790.1572400000,11.7500000000,9.0000000000,575.7500000000,441.0000000000,0.7659574468,392.0500000000,412.8000000000,FORCED_EOD,298,19.6000000000,7.9184000000,0.3430000000,8.2614000000,11.3386000000
MSFT,QQQ,2026-02-12 11:29:00-05:00,2026-02-12 11:30:00-05:00,2026-02-12 15:59:00-05:00,SHORT,2.8848898516,399.5400000000,401.4517883565,601.9400000000,609.5495834073,391.9045400546,399.5600000000,399.4800880000,401.8800000000,401.9603760000,50,19974.0044000000,11.7500000000,9.0000000000,587.5000000000,450.0000000000,0.7659574468,411.3100000000,390.5600000000,FORCED_EOD,269,-116.0000000000,8.0144000000,0.3500000000,8.3644000000,-124.3644000000
MSFT,QQQ,2026-02-13 10:39:00-05:00,2026-02-13 10:40:00-05:00,2026-02-13 15:59:00-05:00,LONG,-3.0666447222,401.0400000000,402.7460581868,602.4600000000,600.7474853003,403.5647111942,401.0750000000,401.1552150000,401.1600000000,401.0797680000,49,19656.6055350000,11.7500000000,9.0000000000,575.7500000000,441.0000000000,0.7659574468,389.3250000000,410.0750000000,FORCED_EOD,319,4.1650000000,7.8619030000,0.3430000000,8.2049030000,-4.0399030000
MSFT,QQQ,2026-02-17 11:40:00-05:00,2026-02-17 11:41:00-05:00,2026-02-17 15:59:00-05:00,LONG,-3.4537431564,398.4483000000,397.5052051947,600.5100000000,597.7326834351,398.7270996079,398.4500000000,398.5296900000,396.7100000000,396.6306580000,50,19926.4845000000,11.7500000000,9.0000000000,587.5000000000,450.0000000000,0.7659574468,386.7000000000,407.4500000000,FORCED_EOD,258,-87.0000000000,7.9516000000,0.3500000000,8.3016000000,-95.3016000000
MSFT,QQQ,2026-02-18 12:25:00-05:00,2026-02-18 12:26:00-05:00,2026-02-18 15:59:00-05:00,LONG,-2.8692055603,400.9000000000,400.0654846144,609.0500000000,606.3545797620,400.4211658081,400.8802000000,400.9603760400,399.5000000000,399.4201000000,49,19647.0584259600,11.7500000000,9.0000000000,575.7500000000,441.0000000000,0.7659574468,389.1302000000,409.8802000000,FORCED_EOD,213,-67.6298000000,7.8437259600,0.3430000000,8.1867259600,-75.8165259600
MSFT,QQQ,2026-02-19 11:36:00-05:00,2026-02-19 11:37:00-05:00,2026-02-19 15:59:00-05:00,LONG,-2.6391248894,399.3300000000,401.0188348764,603.9600000000,603.8531568322,401.0330257843,399.3200000000,399.3998640000,398.4100000000,398.3303180000,50,19969.9932000000,11.7500000000,9.0000000000,587.5000000000,450.0000000000,0.7659574468,387.5700000000,408.3200000000,FORCED_EOD,262,-45.5000000000,7.9773000000,0.3500000000,8.3273000000,-53.8273000000
MSFT,QQQ,2026-02-20 13:34:00-05:00,2026-02-20 13:35:00-05:00,2026-02-20 15:59:00-05:00,SHORT,2.6803908852,397.9600000000,397.4349392189,607.6300000000,606.5373721257,397.6666961892,397.9100000000,397.8304180000,397.2100000000,397.2894420000,50,19891.5209000000,11.7500000000,9.0000000000,587.5000000000,450.0000000000,0.7659574468,409.6600000000,388.9100000000,FORCED_EOD,144,35.0000000000,7.9512000000,0.3500000000,8.3012000000,26.6988000000
MSFT,QQQ,2026-02-23 12:03:00-05:00,2026-02-23 12:04:00-05:00,2026-02-23 15:59:00-05:00,LONG,-2.7984150073,385.3350000000,388.2622346276,600.6200000000,603.0988648055,387.2100481219,385.3600000000,385.4370720000,384.5890000000,384.5120822000,51,19657.2906720000,11.7500000000,9.0000000000,599.2500000000,459.0000000000,0.7659574468,373.6100000000,394.3600000000,FORCED_EOD,235,-39.3210000000,7.8534798000,0.3570000000,8.2104798000,-47.5314798000
MSFT,QQQ,2026-02-24 13:41:00-05:00,2026-02-24 13:42:00-05:00,2026-02-24 15:59:00-05:00,SHORT,2.6388956174,387.3950000000,386.4471542589,608.0298000000,606.0077869791,388.3297120185,387.3800000000,387.3025240000,389.0000000000,389.0778000000,51,19752.4287240000,11.7500000000,9.0000000000,599.2500000000,459.0000000000,0.7659574468,399.1300000000,378.3800000000,FORCED_EOD,137,-82.6200000000,7.9190760000,0.3570000000,8.2760760000,-90.8960760000
MSFT,QQQ,2026-02-25 14:06:00-05:00,2026-02-25 14:07:00-05:00,2026-02-25 15:59:00-05:00,SHORT,2.5305117816,399.9400000000,396.8640566538,616.1400000000,614.6344016365,398.3629499569,399.9000000000,399.8200200000,400.4900000000,400.5700980000,50,19991.0010000000,11.7500000000,9.0000000000,587.5000000000,450.0000000000,0.7659574468,411.6500000000,390.9000000000,FORCED_EOD,112,-29.5000000000,8.0039000000,0.3500000000,8.3539000000,-37.8539000000
MSFT,QQQ,2026-02-26 13:36:00-05:00,2026-02-26 13:37:00-05:00,2026-02-26 15:59:00-05:00,LONG,-3.3660577630,401.1000000000,402.2414978122,607.2500000000,608.4634392568,400.7628662060,401.1300000000,401.2102260000,401.8100000000,401.7296380000,49,19659.3010740000,11.7500000000,9.0000000000,575.7500000000,441.0000000000,0.7659574468,389.3800000000,410.1300000000,FORCED_EOD,142,33.3200000000,7.8688120000,0.3430000000,8.2118120000,25.1081880000
MSFT,QQQ,2026-02-27 10:08:00-05:00,2026-02-27 10:09:00-05:00,2026-02-27 15:59:00-05:00,LONG,-2.5712742125,393.8450000000,392.8536919201,606.8800000000,604.6705000657,394.6932776794,393.8300000000,393.9087660000,392.7300000000,392.6514540000,50,19695.4383000000,11.7500000000,9.0000000000,587.5000000000,450.0000000000,0.7659574468,382.0800000000,402.8300000000,FORCED_EOD,350,-55.0000000000,7.8656000000,0.3500000000,8.2156000000,-63.2156000000
MSFT,QQQ,2026-03-02 11:12:00-05:00,2026-03-02 11:13:00-05:00,2026-03-02 15:59:00-05:00,LONG,-2.6551412035,399.3750000000,396.9188366842,606.9000000000,604.3645849069,399.5224278254,399.3550000000,399.4348710000,398.3700000000,398.2903260000,50,19971.7435500000,11.7500000000,9.0000000000,587.5000000000,450.0000000000,0.7659574468,387.6050000000,408.3550000000,FORCED_EOD,286,-49.2500000000,7.9772500000,0.3500000000,8.3272500000,-57.5772500000
MSFT,QQQ,2026-03-03 13:34:00-05:00,2026-03-03 13:35:00-05:00,2026-03-03 15:59:00-05:00,SHORT,2.6230102953,405.7300000000,398.4850671439,602.3000000000,596.9346424794,402.6092321238,405.7450000000,405.6638510000,403.7800000000,403.8607560000,49,19877.5286990000,11.7500000000,9.0000000000,575.7500000000,441.0000000000,0.7659574468,417.4950000000,396.7450000000,FORCED_EOD,144,96.2850000000,7.9333450000,0.3430000000,8.2763450000,88.0086550000
MSFT,QQQ,2026-03-04 11:17:00-05:00,2026-03-04 11:18:00-05:00,2026-03-04 15:59:00-05:00,SHORT,2.7173207881,405.1150000000,404.3226425699,609.5900000000,608.0404876580,405.2456558937,405.0800000000,404.9989840000,405.0000000000,405.0810000000,49,19844.9502160000,11.7500000000,9.0000000000,575.7500000000,441.0000000000,0.7659574468,416.8300000000,396.0800000000,FORCED_EOD,281,3.9200000000,7.9387840000,0.3430000000,8.2817840000,-4.3617840000
MSFT,QQQ,2026-03-05 10:23:00-05:00,2026-03-05 10:24:00-05:00,2026-03-05 15:59:00-05:00,LONG,-2.6946734327,408.4500000000,409.1686935462,609.1200000000,610.4926771040,408.9846924867,408.5000000000,408.5817000000,410.6000000000,410.5178800000,48,19611.9216000000,11.7500000000,9.0000000000,564.0000000000,432.0000000000,0.7659574468,396.7500000000,417.5000000000,FORCED_EOD,335,100.8000000000,7.8633600000,0.3360000000,8.1993600000,92.6006400000
MSFT,QQQ,2026-03-06 12:08:00-05:00,2026-03-06 12:09:00-05:00,2026-03-06 15:59:00-05:00,LONG,-2.5279663648,411.1500000000,411.3465798666,603.8900000000,602.5893388066,411.5241543768,411.1300000000,411.2122260000,408.6200000000,408.5382760000,48,19738.1868480000,11.7500000000,9.0000000000,564.0000000000,432.0000000000,0.7659574468,399.3800000000,420.1300000000,FORCED_EOD,230,-120.4800000000,7.8696000000,0.3360000000,8.2056000000,-128.6856000000
MSFT,QQQ,2026-03-09 10:47:00-04:00,2026-03-09 10:48:00-04:00,2026-03-09 15:59:00-04:00,SHORT,2.5236063669,407.7282000000,405.6109267158,597.5902000000,593.7897710453,406.1301325309,407.6800000000,407.5984640000,409.4500000000,409.5318900000,49,19972.3247360000,11.7500000000,9.0000000000,575.7500000000,441.0000000000,0.7659574468,419.4300000000,398.6800000000,FORCED_EOD,311,-86.7300000000,8.0078740000,0.3430000000,8.3508740000,-95.0808740000
MSFT,QQQ,2026-03-10 12:26:00-04:00,2026-03-10 12:27:00-04:00,2026-03-10 15:59:00-04:00,SHORT,2.6526618569,407.1400000000,405.5510580233,611.6500000000,609.5727480830,405.8274587369,407.1100000000,407.0285780000,405.7600000000,405.8411520000,49,19944.4003220000,11.7500000000,9.0000000000,575.7500000000,441.0000000000,0.7659574468,418.8600000000,398.1100000000,FORCED_EOD,212,66.1500000000,7.9661260000,0.3430000000,8.3091260000,57.8408740000
MSFT,QQQ,2026-03-11 11:12:00-04:00,2026-03-11 11:13:00-04:00,2026-03-11 15:59:00-04:00,LONG,-3.4309465433,401.8100000000,405.7425691825,607.2500000000,609.6673984574,405.4208063777,401.8100000000,401.8903620000,404.8900000000,404.8090220000,49,19692.6277380000,11.7500000000,9.0000000000,575.7500000000,441.0000000000,0.7659574468,390.0600000000,410.8100000000,FORCED_EOD,286,150.9200000000,7.9056600000,0.3430000000,8.2486600000,142.6713400000
MSFT,QQQ,2026-03-12 10:46:00-04:00,2026-03-12 10:47:00-04:00,2026-03-12 15:59:00-04:00,SHORT,2.9527259666,405.5350000000,403.9492455219,600.9800000000,600.9485984991,403.9534670519,405.5700000000,405.4888860000,401.8800000000,401.9603760000,49,19868.9554140000,11.7500000000,9.0000000000,575.7500000000,441.0000000000,0.7659574468,417.3200000000,396.5700000000,FORCED_EOD,312,180.8100000000,7.9130100000,0.3430000000,8.2560100000,172.5539900000
MSFT,QQQ,2026-03-13 14:03:00-04:00,2026-03-13 14:04:00-04:00,2026-03-13 15:59:00-04:00,SHORT,2.6529593236,397.1900000000,398.6674496002,593.3085000000,597.2657888218,398.0418947335,397.1800000000,397.1005640000,395.6200000000,395.6991240000,50,19855.0282000000,11.7500000000,9.0000000000,587.5000000000,450.0000000000,0.7659574468,408.9300000000,388.1800000000,FORCED_EOD,115,78.0000000000,7.9280000000,0.3500000000,8.2780000000,69.7220000000
MSFT,QQQ,2026-03-16 12:17:00-04:00,2026-03-16 12:18:00-04:00,2026-03-16 15:59:00-04:00,SHORT,2.6283519341,399.5832000000,397.0014912563,600.7703000000,600.9521274627,396.9553933436,399.5950000000,399.5150810000,399.9600000000,400.0399920000,50,19975.7540500000,11.7500000000,9.0000000000,587.5000000000,450.0000000000,0.7659574468,411.3450000000,390.5950000000,FORCED_EOD,221,-18.2500000000,7.9955500000,0.3500000000,8.3455500000,-26.5955500000
MSFT,QQQ,2026-03-17 12:40:00-04:00,2026-03-17 12:41:00-04:00,2026-03-17 15:59:00-04:00,SHORT,2.5125404448,399.1400000000,400.0197400467,603.0600000000,604.0292759888,399.5818402948,399.1400000000,399.0601720000,399.5000000000,399.5799000000,50,19953.0086000000,11.7500000000,9.0000000000,587.5000000000,450.0000000000,0.7659574468,410.8900000000,390.1400000000,FORCED_EOD,198,-18.0000000000,7.9864000000,0.3500000000,8.3364000000,-26.3364000000
MSFT,QQQ,2026-03-18 10:28:00-04:00,2026-03-18 10:29:00-04:00,2026-03-18 15:59:00-04:00,LONG,-2.9687844795,394.4501000000,396.7417475783,598.8600000000,601.6430415600,395.5049414674,394.4700000000,394.5488940000,391.6700000000,391.5916660000,50,19727.4447000000,11.7500000000,9.0000000000,587.5000000000,450.0000000000,0.7659574468,382.7200000000,403.4700000000,FORCED_EOD,330,-140.0000000000,7.8614000000,0.3500000000,8.2114000000,-148.2114000000
MSFT,QQQ,2026-03-19 12:28:00-04:00,2026-03-19 12:29:00-04:00,2026-03-19 15:59:00-04:00,LONG,-2.7294826012,389.1000000000,389.8135100022,590.7000000000,590.3177371892,390.0171150823,389.1000000000,389.1778200000,388.8780000000,388.8002244000,51,19848.0688200000,11.7500000000,9.0000000000,599.2500000000,459.0000000000,0.7659574468,377.3500000000,398.1000000000,FORCED_EOD,210,-11.3220000000,7.9353756000,0.3570000000,8.2923756000,-19.6143756000
MSFT,QQQ,2026-03-20 10:11:00-04:00,2026-03-20 10:12:00-04:00,2026-03-20 15:59:00-04:00,SHORT,2.6317205000,384.2350000000,384.5126209922,585.9700000000,588.0709381572,382.8732742774,384.2100000000,384.1331580000,381.8700000000,381.9463740000,52,19974.9242160000,11.7500000000,9.0000000000,611.0000000000,468.0000000000,0.7659574468,395.9600000000,375.2100000000,FORCED_EOD,347,121.6800000000,7.9672320000,0.3640000000,8.3312320000,113.3487680000
MSFT,QQQ,2026-03-23 11:26:00-04:00,2026-03-23 11:27:00-04:00,2026-03-23 15:59:00-04:00,SHORT,2.7351509581,386.8800000000,385.6949558893,593.3600000000,592.6769770074,386.1306317346,386.8600000000,386.7826280000,382.9800000000,383.0565960000,51,19725.9140280000,11.7500000000,9.0000000000,599.2500000000,459.0000000000,0.7659574468,398.6100000000,377.8600000000,FORCED_EOD,272,197.8800000000,7.8523680000,0.3570000000,8.2093680000,189.6706320000
MSFT,QQQ,2026-03-24 12:17:00-04:00,2026-03-24 12:18:00-04:00,2026-03-24 15:59:00-04:00,SHORT,2.5564975801,373.7584000000,374.6653191229,586.6900000000,584.9795347502,375.5423777356,373.7586000000,373.6838482800,372.7500000000,372.8245500000,53,19805.2439588400,11.7500000000,9.0000000000,622.7500000000,477.0000000000,0.7659574468,385.5086000000,364.7586000000,FORCED_EOD,221,53.4558000000,7.9129911600,0.3710000000,8.2839911600,45.1718088400
MSFT,QQQ,2026-03-25 10:52:00-04:00,2026-03-25 10:53:00-04:00,2026-03-25 15:59:00-04:00,LONG,-2.8808002955,372.7700000000,374.2408375998,590.7550000000,589.5184497902,374.8851977407,372.7650000000,372.8395530000,371.0300000000,370.9557940000,53,19760.4963090000,11.7500000000,9.0000000000,622.7500000000,477.0000000000,0.7659574468,361.0150000000,381.7650000000,FORCED_EOD,306,-91.9550000000,7.8842270000,0.3710000000,8.2552270000,-100.2102270000
MSFT,QQQ,2026-03-26 11:35:00-04:00,2026-03-26 11:36:00-04:00,2026-03-26 15:59:00-04:00,LONG,-2.6014397573,368.8900000000,371.5198767332,580.5800000000,582.3458829378,370.6121878471,368.9100000000,368.9837820000,365.7500000000,365.6768500000,54,19925.1242280000,11.7500000000,9.0000000000,634.5000000000,486.0000000000,0.7659574468,357.1600000000,377.9100000000,FORCED_EOD,263,-170.6400000000,7.9343280000,0.3780000000,8.3123280000,-178.9523280000
MSFT,QQQ,2026-03-27 10:27:00-04:00,2026-03-27 10:28:00-04:00,2026-03-27 15:59:00-04:00,SHORT,2.6320059634,358.4650000000,358.9183686972,566.7400000000,568.3998229911,358.3717788191,358.4900000000,358.4183020000,356.6500000000,356.7213300000,55,19713.0066100000,11.7500000000,9.0000000000,646.2500000000,495.0000000000,0.7659574468,370.2400000000,349.4900000000,FORCED_EOD,331,101.2000000000,7.8665400000,0.3850000000,8.2515400000,92.9484600000
MSFT,QQQ,2026-03-30 10:22:00-04:00,2026-03-30 10:23:00-04:00,2026-03-30 15:59:00-04:00,SHORT,2.6269231311,362.3700000000,360.5992853380,563.8000000000,564.4251587590,360.3567815614,362.4050000000,362.3325190000,358.7600000000,358.8317520000,55,19928.2885450000,11.7500000000,9.0000000000,646.2500000000,495.0000000000,0.7659574468,374.1550000000,353.4050000000,FORCED_EOD,336,200.4750000000,7.9328150000,0.3850000000,8.3178150000,192.1571850000
MSFT,QQQ,2026-03-31 10:18:00-04:00,2026-03-31 10:19:00-04:00,2026-03-31 15:59:00-04:00,LONG,-2.5296979420,366.3650000000,366.5696753744,568.7000000000,566.7987354258,367.1697447793,366.3600000000,366.4332720000,370.1600000000,370.0859680000,54,19787.3966880000,11.7500000000,9.0000000000,634.5000000000,486.0000000000,0.7659574468,354.6100000000,375.3600000000,FORCED_EOD,340,205.2000000000,7.9544160000,0.3780000000,8.3324160000,196.8675840000
MSFT,QQQ,2026-04-01 15:13:00-04:00,2026-04-01 15:14:00-04:00,2026-04-01 15:59:00-04:00,LONG,-3.0729493490,369.1492000000,371.1379937579,584.0950000000,584.6034573152,370.8683240610,369.1372000000,369.2110274400,369.4500000000,369.3761100000,54,19937.3954817600,11.7500000000,9.0000000000,634.5000000000,486.0000000000,0.7659574468,357.3872000000,378.1372000000,FORCED_EOD,45,16.8912000000,7.9767417600,0.3780000000,8.3547417600,8.5364582400
MSFT,QQQ,2026-04-02 12:37:00-04:00,2026-04-02 12:38:00-04:00,2026-04-02 15:59:00-04:00,SHORT,2.7309082324,370.3900000000,368.0181152928,582.0800000000,579.6768259518,369.2325650620,370.3900000000,370.3159220000,373.5000000000,373.5747000000,54,19997.0597880000,11.7500000000,9.0000000000,634.5000000000,486.0000000000,0.7659574468,382.1400000000,361.3900000000,FORCED_EOD,201,-167.9400000000,8.0340120000,0.3780000000,8.4120120000,-176.3520120000
MSFT,QQQ,2026-04-06 12:28:00-04:00,2026-04-06 12:29:00-04:00,2026-04-06 15:59:00-04:00,SHORT,2.9482285158,372.0500000000,371.9555279908,587.4600000000,587.5802123773,371.8901557308,372.0300000000,371.9555940000,372.8610000000,372.9355722000,53,19713.6464820000,11.7500000000,9.0000000000,622.7500000000,477.0000000000,0.7659574468,383.7800000000,363.0300000000,FORCED_EOD,210,-44.0430000000,7.8958446000,0.3710000000,8.2668446000,-52.3098446000
MSFT,QQQ,2026-04-07 11:49:00-04:00,2026-04-07 11:50:00-04:00,2026-04-07 15:59:00-04:00,SHORT,2.6450760086,368.8200000000,369.0456430210,581.6600000000,581.9780655416,368.9211978218,368.8200000000,368.7462360000,372.2700000000,372.3444540000,54,19912.2967440000,11.7500000000,9.0000000000,634.5000000000,486.0000000000,0.7659574468,380.5700000000,359.8200000000,FORCED_EOD,249,-186.3000000000,8.0037720000,0.3780000000,8.3817720000,-194.6817720000
MSFT,QQQ,2026-04-08 11:17:00-04:00,2026-04-08 11:18:00-04:00,2026-04-08 15:59:00-04:00,LONG,-2.9501956768,377.2400000000,379.9407882038,604.3391000000,605.8839301141,379.1061703614,377.2500000000,377.3254500000,374.3000000000,374.2251400000,53,19998.2488500000,11.7500000000,9.0000000000,622.7500000000,477.0000000000,0.7659574468,365.5000000000,386.2500000000,FORCED_EOD,281,-156.3500000000,7.9664300000,0.3710000000,8.3374300000,-164.6874300000
MSFT,QQQ,2026-04-09 11:13:00-04:00,2026-04-09 11:14:00-04:00,2026-04-09 15:59:00-04:00,SHORT,2.5149906797,368.4550000000,368.4461288073,605.5400000000,604.6565970523,368.5537887246,368.4600000000,368.3863080000,373.0100000000,373.0846020000,54,19892.8606320000,11.7500000000,9.0000000000,634.5000000000,486.0000000000,0.7659574468,380.2100000000,359.4600000000,FORCED_EOD,285,-245.7000000000,8.0078760000,0.3780000000,8.3858760000,-254.0858760000
MSFT,QQQ,2026-04-10 13:33:00-04:00,2026-04-10 13:34:00-04:00,2026-04-10 15:59:00-04:00,LONG,-2.5606886777,370.7000000000,372.4299376293,609.9900000000,611.6924375863,372.2226312495,370.6900000000,370.7641380000,370.8700000000,370.7958260000,53,19650.4993140000,11.7500000000,9.0000000000,622.7500000000,477.0000000000,0.7659574468,358.9400000000,379.6900000000,FORCED_EOD,145,9.5400000000,7.8605360000,0.3710000000,8.2315360000,1.3084640000
MSFT,QQQ,2026-04-13 10:01:00-04:00,2026-04-13 10:02:00-04:00,2026-04-13 15:59:00-04:00,SHORT,3.1186350088,376.3500000000,372.7899419021,611.5700000000,609.9690469236,373.1043142659,376.3500000000,376.2747300000,384.3700000000,384.4468740000,53,19942.5606900000,11.7500000000,9.0000000000,622.7500000000,477.0000000000,0.7659574468,388.1000000000,367.3500000000,FORCED_EOD,357,-425.0600000000,8.0636320000,0.3710000000,8.4346320000,-433.4946320000
MSFT,QQQ,2026-04-14 13:55:00-04:00,2026-04-14 13:56:00-04:00,2026-04-14 15:59:00-04:00,LONG,-2.7220235483,393.8600000000,392.2315394578,627.4700000000,624.4076146586,392.9438401329,393.8550000000,393.9337710000,393.1100000000,393.0313780000,50,19696.6885500000,11.7500000000,9.0000000000,587.5000000000,450.0000000000,0.7659574468,382.1050000000,402.8550000000,FORCED_EOD,123,-37.2500000000,7.8696500000,0.3500000000,8.2196500000,-45.4696500000
MSFT,QQQ,2026-04-15 11:01:00-04:00,2026-04-15 11:02:00-04:00,2026-04-15 15:59:00-04:00,SHORT,2.5216847361,408.6198000000,403.5061179925,632.6750000000,630.4772109758,404.0583154934,408.6050000000,408.5232790000,411.2728000000,411.3550545600,48,19609.1173920000,11.7500000000,9.0000000000,564.0000000000,432.0000000000,0.7659574468,420.3550000000,399.6050000000,FORCED_EOD,297,-128.0544000000,7.8708268800,0.3360000000,8.2068268800,-136.2612268800
MSFT,QQQ,2026-04-16 10:51:00-04:00,2026-04-16 10:52:00-04:00,2026-04-16 15:59:00-04:00,LONG,-2.9037419637,414.7700000000,415.8275323813,638.6700000000,637.2408961936,418.2342829373,414.7700000000,414.8529540000,420.0450000000,419.9609910000,48,19912.9417920000,11.7500000000,9.0000000000,564.0000000000,432.0000000000,0.7659574468,403.0200000000,423.7700000000,FORCED_EOD,307,253.2000000000,8.0142240000,0.3360000000,8.3502240000,244.8497760000
MSFT,QQQ,2026-04-17 10:00:00-04:00,2026-04-17 10:01:00-04:00,2026-04-17 15:59:00-04:00,LONG,-2.5179861415,425.0300000000,424.5956814592,646.8700000000,645.6217473850,426.1629887787,425.0300000000,425.1150060000,422.6500000000,422.5654700000,47,19980.4052820000,11.7500000000,9.0000000000,552.2500000000,423.0000000000,0.7659574468,413.2800000000,434.0300000000,FORCED_EOD,358,-111.8600000000,7.9681920000,0.3290000000,8.2971920000,-120.1571920000
MSFT,QQQ,2026-04-20 12:02:00-04:00,2026-04-20 12:03:00-04:00,2026-04-20 15:59:00-04:00,SHORT,2.5424079586,418.0500000000,419.1146967644,644.4999000000,645.7148890803,418.9569739711,418.0500000000,417.9663900000,418.0800000000,418.1636160000,47,19644.4203300000,11.7500000000,9.0000000000,552.2500000000,423.0000000000,0.7659574468,429.8000000000,409.0500000000,FORCED_EOD,236,-1.4100000000,7.8596220000,0.3290000000,8.1886220000,-9.5986220000
MSFT,QQQ,2026-04-21 10:33:00-04:00,2026-04-21 10:34:00-04:00,2026-04-21 15:59:00-04:00,SHORT,2.6310607593,426.4118000000,422.4679080012,649.0100000000,648.2486260176,423.2825225822,426.3950000000,426.3097210000,424.3000000000,424.3848600000,46,19610.2471660000,11.7500000000,9.0000000000,540.5000000000,414.0000000000,0.7659574468,438.1450000000,417.3950000000,FORCED_EOD,325,96.3700000000,7.8263940000,0.3220000000,8.1483940000,88.2216060000
MSFT,QQQ,2026-04-22 12:46:00-04:00,2026-04-22 12:47:00-04:00,2026-04-22 15:59:00-04:00,LONG,-2.6064354527,430.9000000000,429.8782442466,652.3600000000,651.5362868364,430.6658053299,430.8950000000,430.9811790000,432.6800000000,432.5934640000,46,19825.1342340000,11.7500000000,9.0000000000,540.5000000000,414.0000000000,0.7659574468,419.1450000000,439.8950000000,FORCED_EOD,192,82.1100000000,7.9448900000,0.3220000000,8.2668900000,73.8431100000
MSFT,QQQ,2026-04-23 11:50:00-04:00,2026-04-23 11:51:00-04:00,2026-04-23 15:59:00-04:00,LONG,-3.2259206035,419.6800000000,419.9291812991,655.1400000000,654.4987000073,420.1738246525,419.6800000000,419.7639360000,415.7500000000,415.6668500000,47,19728.9049920000,11.7500000000,9.0000000000,552.2500000000,423.0000000000,0.7659574468,407.9300000000,428.6800000000,FORCED_EOD,248,-184.7100000000,7.8530420000,0.3290000000,8.1820420000,-192.8920420000
MSFT,QQQ,2026-04-24 11:37:00-04:00,2026-04-24 11:38:00-04:00,2026-04-24 15:59:00-04:00,SHORT,2.5860946877,420.5000000000,419.0754423410,661.0100000000,659.3060626952,420.6271934825,420.4700000000,420.3859060000,424.6300000000,424.7149260000,47,19758.1375820000,11.7500000000,9.0000000000,552.2500000000,423.0000000000,0.7659574468,432.2200000000,411.4700000000,FORCED_EOD,261,-195.5200000000,7.9439400000,0.3290000000,8.2729400000,-203.7929400000
MSFT,QQQ,2026-04-27 10:28:00-04:00,2026-04-27 10:29:00-04:00,2026-04-27 15:59:00-04:00,SHORT,2.6449483373,423.9900000000,420.6068833393,662.2120000000,662.5582511574,420.2714602289,423.9900000000,423.9052020000,425.0600000000,425.1450120000,47,19923.5444940000,11.7500000000,9.0000000000,552.2500000000,423.0000000000,0.7659574468,435.7400000000,414.9900000000,FORCED_EOD,330,-50.2900000000,7.9810700000,0.3290000000,8.3100700000,-58.6000700000
MSFT,QQQ,2026-04-28 13:09:00-04:00,2026-04-28 13:10:00-04:00,2026-04-28 15:59:00-04:00,LONG,-2.5834417829,427.7500000000,426.1539458692,655.2699000000,656.2372698317,425.2326381625,427.7650000000,427.8505530000,429.3600000000,429.2741280000,46,19681.1254380000,11.7500000000,9.0000000000,540.5000000000,414.0000000000,0.7659574468,416.0150000000,436.7650000000,FORCED_EOD,169,73.3700000000,7.8855500000,0.3220000000,8.2075500000,65.1624500000
MSFT,QQQ,2026-04-29 12:22:00-04:00,2026-04-29 12:23:00-04:00,2026-04-29 15:59:00-04:00,LONG,-2.7914584292,422.6650000000,424.3995451438,658.6898000000,659.3250098154,423.9276792829,422.6500000000,422.7345300000,424.6400000000,424.5550720000,47,19868.5229100000,11.7500000000,9.0000000000,552.2500000000,423.0000000000,0.7659574468,410.9000000000,431.6500000000,FORCED_EOD,216,93.5300000000,7.9645260000,0.3290000000,8.2935260000,85.2364740000
MSFT,QQQ,2026-04-30 12:28:00-04:00,2026-04-30 12:29:00-04:00,2026-04-30 15:50:00-04:00,LONG,-3.1471933525,400.9814000000,405.2341477406,663.5700000000,661.1379850261,406.6570926619,400.9843000000,401.0644968600,409.9843000000,409.9023031400,49,19652.1603461400,11.7500000000,9.0000000000,575.7500000000,441.0000000000,0.7659574468,389.2343000000,409.9843000000,TAKE_PROFIT_BRACKET,201,441.0000000000,7.9474922800,0.3430000000,8.2904922800,432.7095077200
MSFT,QQQ,2026-04-30 15:50:00-04:00,2026-04-30 15:51:00-04:00,2026-04-30 15:59:00-04:00,SHORT,2.9260100231,409.7100000000,404.8157928329,667.7900000000,663.3338694798,407.4117115968,409.7400000000,409.6580520000,407.8100000000,407.8915620000,48,19663.5864960000,11.7500000000,9.0000000000,564.0000000000,432.0000000000,0.7659574468,421.4900000000,400.7400000000,FORCED_EOD,8,92.6400000000,7.8484800000,0.3360000000,8.1844800000,84.4555200000
MSFT,QQQ,2026-05-01 11:40:00-04:00,2026-05-01 11:41:00-04:00,2026-05-01 15:59:00-04:00,SHORT,2.5440348363,416.3700000000,413.3738873742,675.5700000000,673.6335850444,413.6115427986,416.3875000000,416.3042225000,414.5100000000,414.5929020000,48,19982.6026800000,11.7500000000,9.0000000000,564.0000000000,432.0000000000,0.7659574468,428.1375000000,407.3875000000,FORCED_EOD,258,90.1200000000,7.9766160000,0.3360000000,8.3126160000,81.8073840000
MSFT,QQQ,2026-05-04 14:45:00-04:00,2026-05-04 14:46:00-04:00,2026-05-04 15:59:00-04:00,LONG,-2.5912961697,413.6800000000,416.0580296292,671.5900000000,673.2470600422,415.8532212678,413.6950000000,413.7777390000,413.7000000000,413.6172600000,48,19861.3314720000,11.7500000000,9.0000000000,564.0000000000,432.0000000000,0.7659574468,401.9450000000,422.6950000000,FORCED_EOD,73,0.2400000000,7.9429920000,0.3360000000,8.2789920000,-8.0389920000
MSFT,QQQ,2026-05-05 11:54:00-04:00,2026-05-05 11:55:00-04:00,2026-05-05 15:59:00-04:00,LONG,-2.7205480968,409.3250000000,411.5243966860,681.5700000000,680.4075191862,411.6650151248,409.3400000000,409.4218680000,411.2700000000,411.1877460000,48,19652.2496640000,11.7500000000,9.0000000000,564.0000000000,432.0000000000,0.7659574468,397.5900000000,418.3400000000,FORCED_EOD,244,92.6400000000,7.8778560000,0.3360000000,8.2138560000,84.4261440000
MSFT,QQQ,2026-05-06 12:33:00-04:00,2026-05-06 12:34:00-04:00,2026-05-06 15:59:00-04:00,LONG,-2.6970566821,413.2200000000,411.9303487848,692.1700000000,690.1780857678,412.1681221773,413.1900000000,413.2726380000,413.7600000000,413.6772480000,48,19837.0866240000,11.7500000000,9.0000000000,564.0000000000,432.0000000000,0.7659574468,401.4400000000,422.1900000000,FORCED_EOD,205,27.3600000000,7.9387200000,0.3360000000,8.2747200000,19.0852800000
MSFT,QQQ,2026-05-07 14:15:00-04:00,2026-05-07 14:16:00-04:00,2026-05-07 15:59:00-04:00,SHORT,2.7555743456,422.3500000000,423.7629588195,694.8350000000,696.7803421832,423.2792893340,422.2700000000,422.1855460000,420.9900000000,421.0741980000,47,19842.7206620000,11.7500000000,9.0000000000,552.2500000000,423.0000000000,0.7659574468,434.0200000000,413.2700000000,FORCED_EOD,103,60.1600000000,7.9266440000,0.3290000000,8.2556440000,51.9043560000
MSFT,QQQ,2026-05-08 13:19:00-04:00,2026-05-08 13:20:00-04:00,2026-05-08 15:59:00-04:00,SHORT,2.5038567776,417.1100000000,416.3118346215,709.8200000000,706.2021748823,416.7383819944,417.1500000000,417.0665700000,415.1600000000,415.2430320000,47,19602.1287900000,11.7500000000,9.0000000000,552.2500000000,423.0000000000,0.7659574468,428.9000000000,408.1500000000,FORCED_EOD,159,93.5300000000,7.8237140000,0.3290000000,8.1527140000,85.3772860000
MSFT,QQQ,2026-05-11 11:27:00-04:00,2026-05-11 11:28:00-04:00,2026-05-11 15:59:00-04:00,SHORT,2.8341275993,411.9400000000,409.5599165738,713.0371000000,711.7457796410,409.7085294841,411.9500000000,411.8676100000,412.6900000000,412.7725380000,48,19769.6452800000,11.7500000000,9.0000000000,564.0000000000,432.0000000000,0.7659574468,423.7000000000,402.9500000000,FORCED_EOD,271,-35.5200000000,7.9165440000,0.3360000000,8.2525440000,-43.7725440000
MSFT,QQQ,2026-05-12 13:11:00-04:00,2026-05-12 13:12:00-04:00,2026-05-12 15:59:00-04:00,LONG,-2.6740952144,408.1300000000,408.8924514574,698.6700000000,702.8562391805,408.4053755788,408.1100000000,408.1916220000,407.8500000000,407.7684300000,48,19593.1978560000,11.7500000000,9.0000000000,564.0000000000,432.0000000000,0.7659574468,396.3600000000,417.1100000000,FORCED_EOD,167,-12.4800000000,7.8332160000,0.3360000000,8.1692160000,-20.6492160000
MSFT,QQQ,2026-05-13 13:12:00-04:00,2026-05-13 13:13:00-04:00,2026-05-13 15:59:00-04:00,LONG,-2.5916719459,405.0000000000,403.4935047395,714.7800000000,710.0108345994,404.0355604853,405.0250000000,405.1060050000,405.0800000000,404.9989840000,49,19850.1942450000,11.7500000000,9.0000000000,575.7500000000,441.0000000000,0.7659574468,393.2750000000,414.0250000000,FORCED_EOD,166,2.6950000000,7.9390290000,0.3430000000,8.2820290000,-5.5870290000
MSFT,QQQ,2026-05-14 10:24:00-04:00,2026-05-14 10:25:00-04:00,2026-05-14 15:59:00-04:00,SHORT,2.5917214718,408.3300000000,404.0083762422,718.3801000000,717.4845731934,404.1092286771,408.3200000000,408.2383360000,409.5400000000,409.6219080000,48,19595.4401280000,11.7500000000,9.0000000000,564.0000000000,432.0000000000,0.7659574468,420.0700000000,399.3200000000,FORCED_EOD,334,-58.5600000000,7.8514560000,0.3360000000,8.1874560000,-66.7474560000
MSFT,QQQ,2026-05-15 10:37:00-04:00,2026-05-15 10:38:00-04:00,2026-05-15 15:59:00-04:00,SHORT,2.6559398621,422.0450000000,416.7176713598,711.4300000000,709.2845580429,416.9697686503,422.0450000000,421.9605910000,421.9800000000,422.0643960000,47,19832.1477770000,11.7500000000,9.0000000000,552.2500000000,423.0000000000,0.7659574468,433.7950000000,413.0450000000,FORCED_EOD,321,3.0550000000,7.9338350000,0.3290000000,8.2628350000,-5.2078350000
MSFT,QQQ,2026-05-18 10:35:00-04:00,2026-05-18 10:36:00-04:00,2026-05-18 15:59:00-04:00,LONG,-2.8145110525,419.3600000000,420.6318047878,703.0400000000,708.3769373477,419.9979937558,419.3660000000,419.4498732000,423.6700000000,423.5852660000,47,19714.1440404000,11.7500000000,9.0000000000,552.2500000000,423.0000000000,0.7659574468,407.6160000000,428.3660000000,FORCED_EOD,323,202.2880000000,7.9245384000,0.3290000000,8.2535384000,194.0344616000
MSFT,QQQ,2026-05-19 14:31:00-04:00,2026-05-19 14:32:00-04:00,2026-05-19 15:59:00-04:00,SHORT,2.6378702592,419.5840000000,423.8775170973,704.1800000000,700.8014844910,424.2862139386,419.6000000000,419.5160800000,417.6000000000,417.6835200000,47,19717.2557600000,11.7500000000,9.0000000000,552.2500000000,423.0000000000,0.7659574468,431.3500000000,410.6000000000,FORCED_EOD,87,94.0000000000,7.8696800000,0.3290000000,8.1986800000,85.8013200000
MSFT,QQQ,2026-05-20 10:16:00-04:00,2026-05-20 10:17:00-04:00,2026-05-20 15:59:00-04:00,SHORT,2.5078263560,414.8650000000,413.4135262736,708.6300000000,705.9774111127,413.7241923398,414.9200000000,414.8370160000,421.0600000000,421.1442120000,48,19912.1767680000,11.7500000000,9.0000000000,564.0000000000,432.0000000000,0.7659574468,426.6700000000,405.9200000000,FORCED_EOD,342,-294.7200000000,8.0254080000,0.3360000000,8.3614080000,-303.0814080000
MSFT,QQQ,2026-05-21 10:51:00-04:00,2026-05-21 10:52:00-04:00,2026-05-21 15:59:00-04:00,SHORT,3.2578523477,418.2900000000,419.8462172883,708.5500000000,709.3991613215,419.7457048580,418.3500000000,418.2663300000,419.1000000000,419.1838200000,47,19658.5175100000,11.7500000000,9.0000000000,552.2500000000,423.0000000000,0.7659574468,430.1000000000,409.3500000000,FORCED_EOD,307,-35.2500000000,7.8720300000,0.3290000000,8.2010300000,-43.4510300000
