timestamp,trade_number,net_pnl,equity,running_peak,drawdown_usd,drawdown_pct
2025-08-22 10:00:00-04:00,0,0.0,100000.0,100000.0,0.0,0.0
2025-08-22 10:08:00-04:00,1,132.4882060000001,100132.488206,100132.488206,0.0,0.0
2025-08-22 15:59:00-04:00,2,-127.46377400000162,100005.024432,100132.488206,127.46377399998892,0.12729512297523354
2025-08-25 15:59:00-04:00,3,128.82474,100133.849172,100133.849172,0.0,0.0
2025-08-26 15:59:00-04:00,4,-19.762599999997708,100114.086572,100133.849172,19.76260000000184,0.019736183282094352
2025-08-27 15:59:00-04:00,5,-8.16628119999935,100105.9202908,100133.849172,27.928881200001342,0.02789154859315143
2025-08-28 12:53:00-04:00,6,130.01141399999864,100235.9317048,100235.9317048,0.0,0.0
2025-08-28 13:29:00-04:00,7,130.01030400000144,100365.9420088,100365.9420088,0.0,0.0
2025-08-28 15:59:00-04:00,8,44.27760260000524,100410.21961140001,100410.21961140001,0.0,0.0
2025-08-29 11:21:00-04:00,9,134.93091680000148,100545.15052820001,100545.15052820001,0.0,0.0
2025-08-29 15:59:00-04:00,10,62.49238000000262,100607.64290820001,100607.64290820001,0.0,0.0
2025-09-02 12:42:00-04:00,11,139.92615000000023,100747.56905820001,100747.56905820001,0.0,0.0
2025-09-02 15:59:00-04:00,12,-28.684424339999325,100718.88463386001,100747.56905820001,28.68442433999735,0.028471579620374648
2025-09-03 14:19:00-04:00,13,-240.72714399999882,100478.15748986001,100747.56905820001,269.4115683400014,0.26741247541602453
2025-09-03 15:59:00-04:00,14,129.7984660000038,100607.95595586002,100747.56905820001,139.61310233999393,0.13857714250091932
2025-09-04 15:57:00-04:00,15,137.4285416399987,100745.38449750001,100747.56905820001,2.1845606999995653,0.0021683507804913737
2025-09-05 15:59:00-04:00,16,100.24389599999782,100845.62839350001,100845.62839350001,0.0,0.0
2025-09-08 15:59:00-04:00,17,-125.61642800000024,100720.01196550002,100845.62839350001,125.6164279999939,0.12456308716708885
2025-09-09 11:53:00-04:00,18,139.9451900000029,100859.95715550001,100859.95715550001,0.0,0.0
2025-09-09 15:17:00-04:00,19,138.69861599999993,100998.65577150001,100998.65577150001,0.0,0.0
2025-09-10 15:13:00-04:00,20,-232.7192000000008,100765.93657150002,100998.65577150001,232.71919999999227,0.23041811618413777
2025-09-10 15:59:00-04:00,21,-73.20207800000296,100692.73449350001,100998.65577150001,305.92127799999435,0.302896385761918
2025-09-11 15:59:00-04:00,22,-49.953077439997635,100642.78141606001,100998.65577150001,355.8743554399989,0.35235553653816076
2025-09-12 15:59:00-04:00,23,5.253808000000495,100648.03522406002,100998.65577150001,350.62054743999033,0.3471536772065922
2025-09-15 11:48:00-04:00,24,-234.78303799999765,100413.25218606001,100998.65577150001,585.403585439999,0.5796152245475621
2025-09-15 15:59:00-04:00,25,-2.2206979199999157,100411.03148814001,100998.65577150001,587.6242833599972,0.5818139646228977
2025-09-16 15:59:00-04:00,26,-144.32179199999683,100266.70969614002,100998.65577150001,731.9460753599851,0.7247087298032406
2025-09-17 12:03:00-04:00,27,137.47593599999956,100404.18563214003,100998.65577150001,594.4701393599826,0.5885921300823206
2025-09-17 14:11:00-04:00,28,136.28035888000215,100540.46599102003,100998.65577150001,458.189780479981,0.45365928583900406
2025-09-17 15:02:00-04:00,29,138.66156399999957,100679.12755502002,100998.65577150001,319.52821647998644,0.3163687813854563
2025-09-18 15:59:00-04:00,30,132.55374600000164,100811.68130102003,100998.65577150001,186.9744704799814,0.18512570197270112
2025-09-19 15:59:00-04:00,31,-234.78009999999864,100576.90120102002,100998.65577150001,421.754570479985,0.41758434036405906
2025-09-22 12:06:00-04:00,32,-234.77015599999805,100342.13104502003,100998.65577150001,656.5247264799837,0.6500331330798197
2025-09-22 15:12:00-04:00,33,127.49403000000015,100469.62507502003,100998.65577150001,529.030696479982,0.5237997401439326
2025-09-23 13:25:00-04:00,34,130.0089719999985,100599.63404702002,100998.65577150001,399.021724479986,0.39507627248300736
2025-09-23 15:59:00-04:00,35,131.26310399999932,100730.89715102002,100998.65577150001,267.75862047998817,0.2651110734441525
2025-09-24 11:48:00-04:00,36,131.26467200000172,100862.16182302003,100998.65577150001,136.49394847998337,0.13514432190938078
2025-09-24 12:12:00-04:00,37,132.49995800000255,100994.66178102003,100998.65577150001,3.99399047998304,0.003954498650971226
2025-09-24 15:59:00-04:00,38,-25.732585999999433,100968.92919502003,100998.65577150001,29.726576479981304,0.02943264566533925
2025-09-25 11:43:00-04:00,39,-232.77811647999886,100736.15107854003,100998.65577150001,262.50469295997755,0.25990909577437327
2025-09-25 15:54:00-04:00,40,-234.79094800000016,100501.36013054004,100998.65577150001,497.29564095997193,0.49237847490273207
2025-09-26 10:27:00-04:00,41,132.51487400000022,100633.87500454004,100998.65577150001,364.7807669599715,0.36117388313093374
2025-09-26 14:17:00-04:00,42,132.45701800000177,100766.33202254004,100998.65577150001,232.32374895997054,0.23002657528985462
2025-09-26 15:59:00-04:00,43,131.23577600000147,100897.56779854004,100998.65577150001,101.08797295996919,0.10008843403685615
2025-09-29 11:53:00-04:00,44,127.52760200000213,101025.09540054004,101025.09540054004,0.0,0.0
2025-09-29 15:59:00-04:00,45,-10.871223999997136,101014.22417654004,101025.09540054004,10.871224000002258,0.010760914361823156
2025-09-30 10:06:00-04:00,46,126.28353599999886,101140.50771254004,101140.50771254004,0.0,0.0
2025-09-30 15:59:00-04:00,47,-92.16723414000191,101048.34047840003,101140.50771254004,92.16723414001171,0.09112791326099329
2025-10-01 15:59:00-04:00,48,-63.85385499999695,100984.48662340004,101140.50771254004,156.02108914000564,0.1542617222996807
2025-10-02 15:59:00-04:00,49,8.133720000002668,100992.62034340003,101140.50771254004,147.88736914000765,0.14621972193409472
2025-10-03 13:50:00-04:00,50,-220.6780122399983,100771.94233116004,101140.50771254004,368.5653813800018,0.36440926560061626
2025-10-06 15:59:00-04:00,51,-44.00674600000054,100727.93558516004,101140.50771254004,412.5721273800009,0.40791977093155085
2025-10-07 11:08:00-04:00,52,-220.62946000000002,100507.30612516004,101140.50771254004,633.2015873799974,0.6260613098558621
2025-10-07 15:59:00-04:00,53,125.06309372000297,100632.36921888005,101140.50771254004,508.1384936599934,0.5024084861272563
2025-10-08 15:57:00-04:00,54,123.76666000000314,100756.13587888004,101140.50771254004,384.37183365999954,0.3800374769251259
2025-10-09 15:59:00-04:00,55,-27.19735600000163,100728.93852288005,101140.50771254004,411.5691896599892,0.4069281428067819
2025-10-10 11:02:00-04:00,56,-212.59451999999953,100516.34400288005,101140.50771254004,624.163709659988,0.6171253474759848
2025-10-10 15:28:00-04:00,57,-220.678020719999,100295.66598216005,101140.50771254004,844.8417303799943,0.835314899526894
2025-10-10 15:54:00-04:00,58,-222.67042399999875,100072.99555816005,101140.50771254004,1067.5121543799905,1.055474387585691
2025-10-13 10:57:00-04:00,59,-220.67673599999816,99852.31882216006,101140.50771254004,1288.1888903799845,1.273662669403692
2025-10-13 14:42:00-04:00,60,122.6145899999997,99974.93341216006,101140.50771254004,1165.574300379987,1.1524307389209119
2025-10-13 15:59:00-04:00,61,26.776129999999302,100001.70954216005,101140.50771254004,1138.7981703799887,1.12595654909768
2025-10-14 11:47:00-04:00,62,128.70660000000126,100130.41614216006,101140.50771254004,1010.0915703799838,0.9987013049715452
2025-10-14 14:04:00-04:00,63,127.54024600000119,100257.95638816005,101140.50771254004,882.5513243799942,0.8725992624917087
2025-10-14 15:59:00-04:00,64,91.38690000000138,100349.34328816006,101140.50771254004,791.1644243799819,0.7822428839576493
2025-10-15 11:50:00-04:00,65,-226.65975352000063,100122.68353464005,101140.50771254004,1017.8241778999945,1.0063467159892436
2025-10-15 14:33:00-04:00,66,130.0063079999989,100252.68984264006,101140.50771254004,887.8178698999836,0.877806419978952
2025-10-15 15:55:00-04:00,67,130.002978000001,100382.69282064005,101140.50771254004,757.8148918999941,0.7492694164180426
2025-10-16 12:30:00-04:00,68,127.57779432000069,100510.27061496006,101140.50771254004,630.2370975799859,0.6231302490306216
2025-10-16 13:39:00-04:00,69,-228.75688000000028,100281.51373496006,101140.50771254004,858.9939775799867,0.8493075593622744
2025-10-16 15:59:00-04:00,70,128.7349800000015,100410.24871496005,101140.50771254004,730.2589975799929,0.7220242552623163
2025-10-17 15:59:00-04:00,71,-89.95170282000032,100320.29701214006,101140.50771254004,820.2107003999845,0.8109616205716254
2025-10-20 15:16:00-04:00,72,126.31880448000092,100446.61581662006,101140.50771254004,693.89189591998,0.6860672460653932
2025-10-21 11:06:00-04:00,73,128.77014920000076,100575.38596582005,101140.50771254004,565.1217467199895,0.5587491693498016
2025-10-21 15:59:00-04:00,74,42.48671240000304,100617.87267822005,101140.50771254004,522.6350343199883,0.516741557008408
2025-10-22 11:31:00-04:00,75,-228.6644799999991,100389.20819822006,101140.50771254004,751.2995143199805,0.742827509285708
2025-10-23 14:22:00-04:00,76,128.7180400000005,100517.92623822007,101140.50771254004,622.5814743199735,0.6155609541623667
2025-10-23 15:59:00-04:00,77,-45.77433200000001,100472.15190622007,101140.50771254004,668.3558063199744,0.6608191133660953
2025-10-24 15:02:00-04:00,78,126.22370400000258,100598.37561022006,101140.50771254004,542.1321023199853,0.5360187669423458
2025-10-27 13:00:00-04:00,79,122.49446999999857,100720.87008022006,101140.50771254004,419.6376323199802,0.4149056019302055
2025-10-27 15:59:00-04:00,80,121.31682368000209,100842.18690390006,101140.50771254004,298.3208086399827,0.2949568035468691
2025-10-28 13:12:00-04:00,81,-214.73934399999885,100627.44755990007,101140.50771254004,513.0601526399696,0.5072746461765656
2025-10-28 13:19:00-04:00,82,118.81694400000077,100746.26450390006,101140.50771254004,394.24320863997855,0.38979753765967873
2025-10-28 15:59:00-04:00,83,16.09126200000169,100762.35576590007,101140.50771254004,378.1519466399768,0.3738877282628977
2025-10-29 12:07:00-04:00,84,-200.5912320000002,100561.76453390007,101140.50771254004,578.7431786399684,0.57221699962676
2025-10-29 14:35:00-04:00,85,111.38284799999977,100673.14738190007,101140.50771254004,467.36033063997456,0.46209015676320186
2025-10-29 15:59:00-04:00,86,29.36648063999976,100702.51386254007,101140.50771254004,437.9938499999698,0.43305482630641823
2025-10-30 13:46:00-04:00,87,113.85032400000185,100816.36418654007,101140.50771254004,324.14352599997073,0.32048833185734676
2025-10-30 15:11:00-04:00,88,113.8436639199995,100930.20785046006,101140.50771254004,210.29986207997717,0.20792842238610085
2025-10-31 12:00:00-04:00,89,-202.61243599999892,100727.59541446007,101140.50771254004,412.91229807997297,0.4082561057074637
2025-10-31 12:58:00-04:00,90,113.84718800000141,100841.44260246007,101140.50771254004,299.06511007997324,0.29569271189538754
2025-10-31 15:59:00-04:00,91,35.960610000002,100877.40321246008,101140.50771254004,263.10450007996405,0.26013761056821616
2025-11-03 10:49:00-05:00,92,110.1891700000005,100987.59238246008,101140.50771254004,152.91533007996622,0.15119098523272176
2025-11-03 13:04:00-05:00,93,-198.6393570000005,100788.95302546007,101140.50771254004,351.5546870799735,0.3475903918528437
2025-11-03 13:51:00-05:00,94,108.93264824000103,100897.88567370008,101140.50771254004,242.622038839967,0.2398861191497511
2025-11-03 15:59:00-05:00,95,-2.3803200000006406,100895.50535370008,101140.50771254004,245.00235883996356,0.24223959754711277
2025-11-04 13:30:00-05:00,96,115.12175400000068,101010.62710770007,101140.50771254004,129.88060483997106,0.12841601033793074
2025-11-04 15:55:00-05:00,97,116.35240000000003,101126.97950770007,101140.50771254004,13.528204839967657,0.01337565446914436
2025-11-05 15:05:00-05:00,98,115.09443000000213,101242.07393770007,101242.07393770007,0.0,0.0
2025-11-06 10:50:00-05:00,99,122.53101000000181,101364.60494770008,101364.60494770008,0.0,0.0
2025-11-06 12:26:00-05:00,100,-220.6932719999986,101143.91167570007,101364.60494770008,220.69327200000407,0.21772222376230105
2025-11-06 14:26:00-05:00,101,122.55957000000133,101266.47124570009,101364.60494770008,98.1337019999919,0.09681259257176093
2025-11-06 15:59:00-05:00,102,-60.098430000001215,101206.37281570007,101364.60494770008,158.23213200000464,0.156101956971712
2025-11-07 11:23:00-05:00,103,129.9710099999997,101336.34382570008,101364.60494770008,28.26112199999625,0.02788066111891603
2025-11-07 15:33:00-05:00,104,125.02436400000076,101461.36818970008,101461.36818970008,0.0,0.0
2025-11-10 11:00:00-05:00,105,118.82775600000247,101580.19594570008,101580.19594570008,0.0,0.0
2025-11-10 15:47:00-05:00,106,-210.73447999999894,101369.46146570008,101580.19594570008,210.73447999999917,0.2074562645189696
2025-11-11 10:53:00-05:00,107,120.10685800000124,101489.56832370009,101580.19594570008,90.62762199998542,0.08921780584911514
2025-11-11 12:53:00-05:00,108,121.25173215999901,101610.82005586008,101610.82005586008,0.0,0.0
2025-11-11 15:55:00-05:00,109,120.05783000000207,101730.87788586009,101730.87788586009,0.0,0.0
2025-11-12 13:40:00-05:00,110,121.26254400000091,101852.14042986008,101852.14042986008,0.0,0.0
2025-11-12 15:59:00-05:00,111,120.073692000003,101972.21412186009,101972.21412186009,0.0,0.0
2025-11-13 11:07:00-05:00,112,125.03356600000185,102097.24768786009,102097.24768786009,0.0,0.0
2025-11-13 13:28:00-05:00,113,125.07465400000152,102222.3223418601,102222.3223418601,0.0,0.0
2025-11-13 15:59:00-05:00,114,-113.71844867999954,102108.60389318009,102222.3223418601,113.71844868001062,0.11124619953331158
2025-11-14 15:59:00-05:00,115,34.33185000000232,102142.93574318009,102222.3223418601,79.38659868000832,0.07766072699318773
2025-11-17 14:03:00-05:00,116,125.04726200000073,102267.9830051801,102267.9830051801,0.0,0.0
2025-11-17 15:59:00-05:00,117,-199.9384559999992,102068.0445491801,102267.9830051801,199.9384560000035,0.1955044483373415
2025-11-18 10:21:00-05:00,118,-228.75005999999874,101839.2944891801,102267.9830051801,428.6885159999947,0.4191815496921267
2025-11-18 11:37:00-05:00,119,127.51408599999908,101966.8085751801,102267.9830051801,301.1744299999991,0.2944953260540437
2025-11-18 12:42:00-05:00,120,-228.79867999999792,101738.0098951801,102267.9830051801,529.9731099999917,0.5182199691697718
2025-11-18 15:36:00-05:00,121,-224.67023999999813,101513.3396551801,102267.9830051801,754.6433499999985,0.737907728132053
2025-11-19 11:36:00-05:00,122,125.06652200000076,101638.4061771801,102267.9830051801,629.5768279999902,0.61561478920348
2025-11-19 12:37:00-05:00,123,-224.71084799999997,101413.6953291801,102267.9830051801,854.2876759999926,0.8353422556077215
2025-11-19 15:18:00-05:00,124,125.03484999999861,101538.7301791801,102267.9830051801,729.2528259999963,0.7130802862935686
2025-11-19 15:59:00-05:00,125,-13.879997199998092,101524.8501819801,102267.9830051801,743.1328231999942,0.7266524687030865
2025-11-20 13:38:00-05:00,126,-224.7065279999986,101300.1436539801,102267.9830051801,967.8393511999893,0.9463757109113673
2025-11-20 15:46:00-05:00,127,128.7631399999992,101428.9067939801,102267.9830051801,839.0762111999938,0.820468133372194
2025-11-21 12:34:00-05:00,128,128.7631399999992,101557.6699339801,102267.9830051801,710.3130711999984,0.6945605558330211
2025-11-21 13:48:00-05:00,129,128.77281999999977,101686.4427539801,102267.9830051801,581.5402512000001,0.5686435129658749
2025-11-21 14:24:00-05:00,130,127.49708199999864,101813.9398359801,102267.9830051801,454.0431691999984,0.4439739162324147
2025-11-24 11:23:00-05:00,131,-230.8171340399984,101583.1227019401,102267.9830051801,684.8603032399988,0.6696722504102864
2025-11-24 15:59:00-05:00,132,3.270218000003217,101586.3929199401,102267.9830051801,681.5900852399936,0.6664745555854658
2025-11-25 10:20:00-05:00,133,137.4317100000015,101723.8246299401,102267.9830051801,544.1583752399893,0.532090649731917
2025-11-25 13:47:00-05:00,134,-236.8069559999974,101487.0176739401,102267.9830051801,780.9653312399896,0.7636459704113183
2025-11-25 14:40:00-05:00,135,-234.68879599999792,101252.3288779401,102267.9830051801,1015.6541272399918,0.9931301052339584
2025-11-25 15:59:00-05:00,136,-190.15583499999929,101062.1730429401,102267.9830051801,1205.8099622399895,1.1790688804128586
2025-11-26 15:59:00-05:00,137,-22.450449999998927,101039.72259294012,102267.9830051801,1228.260412239979,1.201021449868396
2025-11-28 12:59:00-05:00,138,23.200464000002846,101062.92305694011,102267.9830051801,1205.0599482399848,1.1783354993702633
2025-12-01 15:59:00-05:00,139,48.9656520000017,101111.88870894013,102267.9830051801,1156.0942962399713,1.13045575190567
2025-12-02 11:09:00-05:00,140,-224.66426975999835,100887.22443918012,102267.9830051801,1380.758565999975,1.3501376730291401
2025-12-02 15:59:00-05:00,141,14.35698000000313,100901.58141918012,102267.9830051801,1366.4015859999781,1.3360990858016306
2025-12-03 15:34:00-05:00,142,128.7970200000012,101030.37843918013,102267.9830051801,1237.6045659999654,1.2101583796145448
2025-12-04 15:59:00-05:00,143,20.676646000003963,101051.05508518012,102267.9830051801,1216.9279199999728,1.1899402767514566
2025-12-05 15:59:00-05:00,144,52.93836789999896,101103.99345308013,102267.9830051801,1163.9895520999708,1.1381759157614482
2025-12-08 12:56:00-05:00,145,127.4805140000033,101231.47396708014,102267.9830051801,1036.509038099961,1.0135225196017208
2025-12-08 13:00:00-05:00,146,-224.77284,101006.70112708013,102267.9830051801,1261.281878099966,1.2333106032179
2025-12-08 15:59:00-05:00,147,-60.59189016000133,100946.10923692014,102267.9830051801,1321.8737682599603,1.2925587553565074
2025-12-09 15:01:00-05:00,148,125.09691000000007,101071.20614692013,102267.9830051801,1196.7768582599674,1.1702361023384493
2025-12-09 15:59:00-05:00,149,-21.704111999999355,101049.50203492012,102267.9830051801,1218.4809702599741,1.1914588852292662
2025-12-10 14:58:00-05:00,150,127.47702599999971,101176.97906092013,102267.9830051801,1091.0039442599664,1.066808899716644
2025-12-10 15:59:00-05:00,151,61.4923919999986,101238.47145292013,102267.9830051801,1029.5115522599663,1.0066802160435875
2025-12-11 13:26:00-05:00,152,-232.78958079999882,101005.68187212013,102267.9830051801,1262.3011330599693,1.2343072543007239
2025-12-11 15:59:00-05:00,153,129.95191800000057,101135.63379012013,102267.9830051801,1132.3492150599632,1.1072372621278814
2025-12-12 11:37:00-05:00,154,-232.6970239999995,100902.93676612012,102267.9830051801,1365.0462390599714,1.334773796204457
2025-12-12 15:38:00-05:00,155,132.5040259999987,101035.44079212013,102267.9830051801,1232.5422130599618,1.2052082937800102
2025-12-12 15:59:00-05:00,156,-29.871761999999705,101005.56903012012,102267.9830051801,1262.4139750599716,1.234417593819199
2025-12-15 14:46:00-05:00,157,131.28774400000077,101136.85677412013,102267.9830051801,1131.1262310599705,1.106041400075991
2025-12-16 15:59:00-05:00,158,-96.19139915999816,101040.66537496012,102267.9830051801,1227.3176302199718,1.2000995757956872
2025-12-17 13:06:00-05:00,159,136.20951999999954,101176.87489496013,102267.9830051801,1091.1081102199678,1.0669107556024655
2025-12-17 15:59:00-05:00,160,-22.08535600000333,101154.78953896013,102267.9830051801,1113.1934662199637,1.0885063276974751
2025-12-18 15:59:00-05:00,161,-236.7460799999988,100918.04345896014,102267.9830051801,1349.939546219961,1.3200021224155594
2025-12-19 15:59:00-05:00,162,-114.79675499999787,100803.24670396013,102267.9830051801,1464.736301219964,1.4322530455555889
2025-12-22 15:59:00-05:00,163,19.397661839999017,100822.64436580014,102267.9830051801,1445.3386393799592,1.413285562996534
2025-12-23 10:56:00-05:00,164,-224.75339999999997,100597.89096580014,102267.9830051801,1670.0920393799606,1.633054637730918
2025-12-23 15:59:00-05:00,165,-188.39899399999805,100409.49197180013,102267.9830051801,1858.4910333799635,1.8172755331312507
2025-12-24 11:31:00-05:00,166,124.9766419999996,100534.46861380013,102267.9830051801,1733.5143913799693,1.695070480946283
2025-12-24 12:59:00-05:00,167,-33.1146120000016,100501.35400180014,102267.9830051801,1766.6290033799596,1.7274507147466436
2025-12-26 10:28:00-05:00,168,122.49363000000069,100623.84763180013,102267.9830051801,1644.1353733799624,1.6076736091457706
2025-12-26 15:59:00-05:00,169,121.34491200000282,100745.19254380013,102267.9830051801,1522.790461379962,1.4890197465836685
2025-12-29 15:58:00-05:00,170,123.79846000000119,100868.99100380014,102267.9830051801,1398.9920013799565,1.3679667480183848
2025-12-30 15:59:00-05:00,171,46.41485599999932,100915.40585980013,102267.9830051801,1352.577145379968,1.3225812279014606
2025-12-31 15:55:00-05:00,172,-218.62470000000047,100696.78115980013,102267.9830051801,1571.2018453799683,1.536357517973522
2026-01-02 15:59:00-05:00,173,-55.93496789999766,100640.84619190014,102267.9830051801,1627.1368132799544,1.5910520237771155
2026-01-05 12:01:00-05:00,174,122.55621000000086,100763.40240190014,102267.9830051801,1504.5806032799592,1.4712137260043046
2026-01-05 15:59:00-05:00,175,69.32434132000277,100832.72674322013,102267.9830051801,1435.256261959963,1.4034267810750352
2026-01-06 15:59:00-05:00,176,-38.368183999999516,100794.35855922014,102267.9830051801,1473.6244459599548,1.4409440791311123
2026-01-07 10:48:00-05:00,177,122.55033000000078,100916.90888922014,102267.9830051801,1351.0741159599565,1.3211115309583468
2026-01-07 15:59:00-05:00,178,-9.20818499999858,100907.70070422014,102267.9830051801,1360.2823009599524,1.3301155073050097
2026-01-08 15:59:00-05:00,179,67.83542640000209,100975.53613062014,102267.9830051801,1292.4468745599588,1.2637844578341724
2026-01-09 14:10:00-05:00,180,126.22586400000327,101101.76199462014,102267.9830051801,1166.2210105599515,1.1403578874738145
2026-01-09 15:59:00-05:00,181,-73.40852700000198,101028.35346762015,102267.9830051801,1239.6295375599439,1.2121384436585143
2026-01-12 15:59:00-05:00,182,125.07572399999881,101153.42919162015,102267.9830051801,1114.553813559949,1.0898365068014437
2026-01-13 11:46:00-05:00,183,-224.78795999999866,100928.64123162015,102267.9830051801,1339.3417735599505,1.3096393751034572
2026-01-13 15:59:00-05:00,184,126.2478960000029,101054.88912762015,102267.9830051801,1213.0938775599498,1.1861912613437422
2026-01-14 15:08:00-05:00,185,128.72266000000135,101183.61178762015,102267.9830051801,1084.3712175599503,1.060323266085168
2026-01-15 15:50:00-05:00,186,123.80715200000033,101307.41893962015,102267.9830051801,960.5640655599418,0.9392617682811707
2026-01-16 15:56:00-05:00,187,-220.6911519999979,101086.72778762016,102267.9830051801,1181.2552175599412,1.1550586829312044
2026-01-20 13:32:00-05:00,188,128.81726000000012,101215.54504762015,102267.9830051801,1052.437957559945,1.0290981856038333
2026-01-20 15:59:00-05:00,189,-64.20062399999942,101151.34442362015,102267.9830051801,1116.6385815599497,1.0918750411880027
2026-01-21 11:37:00-05:00,190,127.53108999999952,101278.87551362015,102267.9830051801,989.1074915599456,0.9671721906452826
2026-01-21 14:43:00-05:00,191,127.481822,101406.35733562015,102267.9830051801,861.6256695599441,0.8425175154928995
2026-01-21 15:59:00-05:00,192,66.36870000000212,101472.72603562016,102267.9830051801,795.2569695599377,0.7776206650322381
2026-01-22 15:59:00-05:00,193,-81.43513199999975,101391.29090362016,102267.9830051801,876.6921015599364,0.8572498213008953
2026-01-23 15:59:00-05:00,194,24.684114000002882,101415.97501762016,102267.9830051801,852.0079875599331,0.8331131235049164
2026-01-26 15:59:00-05:00,195,-16.217561999996697,101399.75745562016,102267.9830051801,868.2255495599384,0.8489710308611061
2026-01-27 15:59:00-05:00,196,-58.863771599998685,101340.89368402016,102267.9830051801,927.0893211599323,0.906529388687536
2026-01-28 11:44:00-05:00,197,121.31891200000048,101462.21259602017,102267.9830051801,805.7704091599298,0.7879009495270048
2026-01-28 15:59:00-05:00,198,14.179775999998421,101476.39237202016,102267.9830051801,791.5906331599399,0.7740356364707458
2026-01-29 15:13:00-05:00,199,-218.7175199999989,101257.67485202017,102267.9830051801,1010.308153159931,0.9879026880864138
2026-01-30 10:28:00-05:00,200,120.09781872000275,101377.77267074016,102267.9830051801,890.2103344399366,0.8704682621880255
2026-01-30 11:16:00-05:00,201,120.05968400000032,101497.83235474017,102267.9830051801,770.1506504399294,0.7530711253011801
2026-01-30 15:50:00-05:00,202,122.50959000000218,101620.34194474017,102267.9830051801,647.641060439928,0.63327841364303
2026-02-02 15:00:00-05:00,203,123.78976799999903,101744.13171274017,102267.9830051801,523.8512924399256,0.5122339143164595
2026-02-03 14:19:00-05:00,204,131.20508799999936,101875.33680074016,102267.9830051801,392.6462044399377,0.38393854352251117
2026-02-03 15:18:00-05:00,205,131.25190400000213,102006.58870474016,102267.9830051801,261.39430043993343,0.2555973949605452
2026-02-04 12:37:00-05:00,206,-236.71689599999797,101769.87180874016,102267.9830051801,498.1111964399315,0.487064652888188
2026-02-04 15:00:00-05:00,207,-236.7843839999993,101533.08742474017,102267.9830051801,734.8955804399302,0.7185979021437296
2026-02-04 15:40:00-05:00,208,133.7213160000025,101666.80874074018,102267.9830051801,601.1742644399201,0.5878421053923292
2026-02-05 14:01:00-05:00,209,133.7837880000003,101800.59252874018,102267.9830051801,467.39047643991944,0.45702522207389684
2026-02-06 15:09:00-05:00,210,126.2602080000025,101926.85273674017,102267.9830051801,341.130268439927,0.333565069355722
2026-02-06 15:59:00-05:00,211,44.815449860001756,101971.66818660017,102267.9830051801,296.31481857992185,0.28974348556860935
2026-02-09 15:59:00-05:00,212,-129.80749600000075,101841.86069060018,102267.9830051801,426.12231457991584,0.41667225856828705
2026-02-10 15:59:00-05:00,213,61.679309999997926,101903.54000060017,102267.9830051801,364.4430045799236,0.3563608021500373
2026-02-11 10:55:00-05:00,214,-218.75372399999821,101684.78627660018,102267.9830051801,583.1967285799183,0.5702632548745761
2026-02-11 15:59:00-05:00,215,-148.13595888000026,101536.65031772018,102267.9830051801,731.3326874599152,0.7151140229517107
2026-02-12 11:14:00-05:00,216,122.55480720000118,101659.20512492018,102267.9830051801,608.7778802599205,0.5952770968691976
2026-02-12 14:55:00-05:00,217,122.57342579999882,101781.77855072018,102267.9830051801,486.20445445991936,0.47542196508881185
2026-02-13 12:32:00-05:00,218,126.28230480000136,101908.06085552018,102267.9830051801,359.92214965992025,0.3519402056083275
2026-02-13 14:56:00-05:00,219,126.29368800000086,102034.35454352018,102267.9830051801,233.62846165991505,0.22844731537149926
2026-02-17 11:07:00-05:00,220,-228.7966999999998,101805.55784352018,102267.9830051801,462.4251616599213,0.45217002239742854
2026-02-17 14:27:00-05:00,221,-224.7648479999987,101580.79299552018,102267.9830051801,687.1900096599129,0.6719502912510803
2026-02-17 15:31:00-05:00,222,125.04897399999945,101705.84196952017,102267.9830051801,562.1410356599226,0.5496745111629403
2026-02-17 15:59:00-05:00,223,39.84962615999902,101745.69159568018,102267.9830051801,522.2914094999142,0.5107086246860456
2026-02-18 14:57:00-05:00,224,-218.6341500000005,101527.05744568018,102267.9830051801,740.9255594999122,0.7244941551867534
2026-02-18 15:48:00-05:00,225,123.802912000002,101650.86035768018,102267.9830051801,617.122647499913,0.6034368033528679
2026-02-18 15:59:00-05:00,226,27.326376000001932,101678.18673368018,102267.9830051801,589.7962714999157,0.5767164406381626
2026-02-19 15:59:00-05:00,227,82.46969599999836,101760.65642968018,102267.9830051801,507.32657549991563,0.49607566375315965
2026-02-20 12:24:00-05:00,228,122.59485000000178,101883.25127968017,102267.9830051801,384.7317254999216,0.37619958289432004
2026-02-20 13:31:00-05:00,229,123.76602399999872,102007.01730368019,102267.9830051801,260.9657014999102,0.25517830100031574
2026-02-20 15:59:00-05:00,230,-81.66742499999889,101925.34987868018,102267.9830051801,342.6331264999171,0.3350345987390423
2026-02-23 15:59:00-05:00,231,14.184351999998691,101939.53423068018,102267.9830051801,328.44877449992055,0.3211648111641
2026-02-24 15:59:00-05:00,232,-24.560644579999003,101914.97358610018,102267.9830051801,353.00941907991364,0.34518077770442873
2026-02-25 15:59:00-05:00,233,-106.61014599999874,101808.36344010018,102267.9830051801,459.61956507992,0.44942664514722974
2026-02-26 11:05:00-05:00,234,125.01473400000074,101933.37817410019,102267.9830051801,334.60483107990876,0.32718434572329474
2026-02-26 12:09:00-05:00,235,125.01601800000054,102058.39419210018,102267.9830051801,209.58881307991396,0.20494079077446734
2026-02-26 14:10:00-05:00,236,125.03891600000051,102183.43310810019,102267.9830051801,84.54989707990899,0.0826748456314293
2026-02-26 15:59:00-05:00,237,44.728308000000965,102228.16141610019,102267.9830051801,39.82158907990379,0.038938471171262604
2026-02-27 13:19:00-05:00,238,-228.68626000000037,101999.47515610019,102267.9830051801,268.507849079906,0.26255318740989103
2026-02-27 15:56:00-05:00,239,-230.6673239999983,101768.80783210018,102267.9830051801,499.1751730799151,0.4881050338644411
2026-03-02 11:18:00-05:00,240,128.77106000000109,101897.5788921002,102267.9830051801,370.40411307990144,0.3621897119660018
2026-03-02 15:59:00-05:00,241,11.774441600001643,101909.35333370019,102267.9830051801,358.62967147991003,0.3506763905392997
2026-03-03 15:59:00-05:00,242,-33.9972599999996,101875.35607370018,102267.9830051801,392.62693147991376,0.3839196979762731
2026-03-04 15:59:00-05:00,243,4.8848350000005265,101880.24090870019,102267.9830051801,387.7420964799094,0.3791431932907774
2026-03-05 10:30:00-05:00,244,127.55943000000232,102007.8003387002,102267.9830051801,260.18266647990094,0.2544126312403386
2026-03-05 15:10:00-05:00,245,128.7675400000006,102136.5678787002,102267.9830051801,131.4151264799002,0.12850075127935567
2026-03-05 15:59:00-05:00,246,115.52866400000153,102252.0965427002,102267.9830051801,15.886462479902548,0.015534150584643743
2026-03-06 12:32:00-05:00,247,127.56945800000179,102379.66600070019,102379.66600070019,0.0,0.0
2026-03-06 15:12:00-05:00,248,-228.67405879999754,102150.9919419002,102379.66600070019,228.6740587999957,0.22335886385723486
2026-03-09 12:26:00-04:00,249,129.99698400000037,102280.9889259002,102379.66600070019,98.67707479999808,0.09638347013099575
2026-03-09 15:21:00-04:00,250,129.94969800000302,102410.9386239002,102410.9386239002,0.0,0.0
2026-03-10 15:48:00-04:00,251,-222.63789599999876,102188.3007279002,102410.9386239002,222.63789600000018,0.21739659746467938
2026-03-11 15:59:00-04:00,252,-1.2187300000000842,102187.0819979002,102410.9386239002,223.85662600000796,0.21858663635738348
2026-03-12 13:55:00-04:00,253,126.29800799999916,102313.38000590021,102410.9386239002,97.55861799999548,0.09526191177514282
2026-03-12 15:59:00-04:00,254,1.0658020000017867,102314.4458079002,102410.9386239002,96.49281599999813,0.09422120068088026
2026-03-13 11:46:00-04:00,255,127.57251000000028,102442.0183179002,102442.0183179002,0.0,0.0
2026-03-13 15:59:00-04:00,256,-20.80385999999807,102421.2144579002,102442.0183179002,20.803859999999986,0.020307936471381318
2026-03-16 14:11:00-04:00,257,126.26517600000224,102547.4796339002,102547.4796339002,0.0,0.0
2026-03-16 15:12:00-04:00,258,123.83153200000204,102671.31116590022,102671.31116590022,0.0,0.0
2026-03-17 15:59:00-04:00,259,101.8074387999985,102773.11860470021,102773.11860470021,0.0,0.0
2026-03-18 14:51:00-04:00,260,127.54417000000058,102900.6627747002,102900.6627747002,0.0,0.0
2026-03-19 15:51:00-04:00,261,130.0426716000011,103030.70544630021,103030.70544630021,0.0,0.0
2026-03-20 13:28:00-04:00,262,132.5153260000023,103163.2207723002,103163.2207723002,0.0,0.0
2026-03-20 15:36:00-04:00,263,-236.68770744,102926.53306486021,103163.2207723002,236.6877074399963,0.22943031990287377
2026-03-23 15:59:00-04:00,264,-76.5376120000025,102849.99545286021,103163.2207723002,313.2253194399964,0.30362111331454167
2026-03-24 11:21:00-04:00,265,133.70421600000032,102983.69966886021,103163.2207723002,179.52110343999811,0.17401657499258724
2026-03-24 15:59:00-04:00,266,-61.2216479999974,102922.47802086022,103163.2207723002,240.74275143998966,0.23336102696071526
2026-03-25 15:59:00-04:00,267,-131.94459000000035,102790.53343086022,103163.2207723002,372.6873414399888,0.36125989344843823
2026-03-26 13:50:00-04:00,268,134.97618999999844,102925.50962086022,103163.2207723002,237.7111514399876,0.23042238276435636
2026-03-26 15:59:00-04:00,269,-55.74600399999973,102869.76361686022,103163.2207723002,293.4571554399881,0.284459086526293
2026-03-27 13:26:00-04:00,270,138.7115960000007,103008.47521286021,103163.2207723002,154.7455594399944,0.15000070595076292
2026-03-27 15:59:00-04:00,271,64.96114800000169,103073.43636086021,103163.2207723002,89.78441143999225,0.08703141562259151
2026-03-30 10:32:00-04:00,272,139.95494799999855,103213.39130886021,103213.39130886021,0.0,0.0
2026-03-30 15:07:00-04:00,273,141.21264000000056,103354.60394886021,103354.60394886021,0.0,0.0
2026-03-30 15:59:00-04:00,274,40.7840180000022,103395.38796686022,103395.38796686022,0.0,0.0
2026-03-31 12:41:00-04:00,275,136.19258400000274,103531.58055086022,103531.58055086022,0.0,0.0
2026-03-31 15:59:00-04:00,276,-46.92889800000165,103484.65165286022,103531.58055086022,46.9288979999983,0.04532809964872924
2026-04-01 11:00:00-04:00,277,132.4925000000021,103617.14415286022,103617.14415286022,0.0,0.0
2026-04-01 14:25:00-04:00,278,-234.74122800000043,103382.40292486022,103617.14415286022,234.74122799999896,0.22654670703305546
2026-04-02 15:11:00-04:00,279,132.466193600003,103514.86911846022,103617.14415286022,102.27503439999418,0.09870474161024348
2026-04-02 15:59:00-04:00,280,7.5117280000009625,103522.38084646022,103617.14415286022,94.76330639999651,0.09145523858503361
2026-04-06 15:59:00-04:00,281,-129.7061459999991,103392.67470046022,103617.14415286022,224.46945239999332,0.21663350619743668
2026-04-07 15:18:00-04:00,282,133.69053600000245,103526.36523646023,103617.14415286022,90.77891639998415,0.0876099386275918
2026-04-07 15:59:00-04:00,283,83.6558240000005,103610.02106046023,103617.14415286022,7.123092399982852,0.0068744342050911745
2026-04-08 15:59:00-04:00,284,19.642236000000914,103629.66329646023,103629.66329646023,0.0,0.0
2026-04-09 15:59:00-04:00,285,-162.98344899999938,103466.67984746023,103629.66329646023,162.98344900000666,0.15727489969136454
2026-04-10 11:40:00-04:00,286,122.56922580000047,103589.24907326023,103629.66329646023,40.41422320000129,0.03899870164046143
2026-04-10 15:06:00-04:00,287,123.75818000000045,103713.00725326024,103713.00725326024,0.0,0.0
2026-04-10 15:59:00-04:00,288,1.8617839999997905,103714.86903726023,103714.86903726023,0.0,0.0
2026-04-13 15:59:00-04:00,289,53.7880040000024,103768.65704126023,103768.65704126023,0.0,0.0
2026-04-14 15:15:00-04:00,290,-214.7628279999981,103553.89421326024,103768.65704126023,214.7628279999917,0.2069630986113642
2026-04-15 12:30:00-04:00,291,115.14987000000285,103669.04408326023,103768.65704126023,99.61295799999789,0.09599522711408903
2026-04-15 15:08:00-04:00,292,117.57915000000116,103786.62323326024,103786.62323326024,0.0,0.0
2026-04-16 14:28:00-04:00,293,116.37979999999907,103903.00303326023,103903.00303326023,0.0,0.0
2026-04-16 15:59:00-04:00,294,25.36360000000052,103928.36663326024,103928.36663326024,0.0,0.0
2026-04-17 11:40:00-04:00,295,115.11264600000116,104043.47927926024,104043.47927926024,0.0,0.0
2026-04-17 13:20:00-04:00,296,115.11462600000179,104158.59390526023,104158.59390526023,0.0,0.0
2026-04-17 15:59:00-04:00,297,-144.28200599999607,104014.31189926024,104158.59390526023,144.282005999994,0.13852146096675316
2026-04-20 14:42:00-04:00,298,-208.6919999999987,103805.61989926024,104158.59390526023,352.97400599998946,0.338881308556301
2026-04-20 15:59:00-04:00,299,-130.4425980000017,103675.17730126025,104158.59390526023,483.41660399998364,0.46411590813110054
2026-04-21 12:44:00-04:00,300,115.12254599999868,103790.29984726025,104158.59390526023,368.29405799998494,0.3535896983545832
2026-04-21 15:59:00-04:00,301,-33.36438600000055,103756.93546126025,104158.59390526023,401.65844399998605,0.38562199136954883
2026-04-22 15:59:00-04:00,302,-126.37649375999665,103630.55896750024,104158.59390526023,528.0349377599923,0.5069528283381766
2026-04-23 14:35:00-04:00,303,116.34579999999964,103746.90476750024,104158.59390526023,411.6891377599968,0.3952522037062614
2026-04-23 15:59:00-04:00,304,-65.6770000000018,103681.22776750024,104158.59390526023,477.36613775999285,0.45830701035979027
2026-04-24 10:41:00-04:00,305,-204.6855439999995,103476.54222350025,104158.59390526023,682.0516817599855,0.6548203620916396
2026-04-27 13:26:00-04:00,306,-196.67507199999918,103279.86715150025,104158.59390526023,878.7267537599837,0.8436430646896493
2026-04-27 14:45:00-04:00,307,106.42283999999995,103386.28999150025,104158.59390526023,772.3039137599844,0.7414692199689741
2026-04-28 11:00:00-04:00,308,110.1255200000019,103496.41551150025,104158.59390526023,662.178393759983,0.6357405269528523
2026-04-28 13:55:00-04:00,309,-198.66817999999847,103297.74733150024,104158.59390526023,860.8465737599909,0.8264767615267473
2026-04-28 14:41:00-04:00,310,-196.6577760000001,103101.08955550025,104158.59390526023,1057.5043497599836,1.0152828586778546
2026-04-28 15:59:00-04:00,311,-24.39334199999927,103076.69621350025,104158.59390526023,1081.8976917599794,1.0387022819682488
2026-04-29 12:19:00-04:00,312,108.9244439200008,103185.62065742025,104158.59390526023,972.9732478399819,0.9341267113541983
2026-04-29 14:10:00-04:00,313,-198.59407999999925,102987.02657742024,104158.59390526023,1171.5673278399918,1.124791804414734
2026-04-29 15:59:00-04:00,314,-19.828057999998187,102967.19851942026,104158.59390526023,1191.3953858399764,1.143828215388196
2026-04-30 13:10:00-04:00,315,116.28820000000296,103083.48671942025,104158.59390526023,1075.107185839981,1.0321828910419706
2026-04-30 14:45:00-04:00,316,115.08650999999962,103198.57322942026,104158.59390526023,960.0206758399727,0.9216912785066789
2026-04-30 15:30:00-04:00,317,115.08888599999925,103313.66211542026,104158.59390526023,844.931789839975,0.8111973848346123
2026-05-01 14:45:00-04:00,318,116.33740000000095,103429.99951542025,104158.59390526023,728.5943898399855,0.6995048248276996
2026-05-01 15:59:00-04:00,319,116.34480000000217,103546.34431542025,104158.59390526023,612.2495898399793,0.5878051602701785
2026-05-04 11:21:00-04:00,320,-210.61873399999837,103335.72558142025,104158.59390526023,822.8683238399826,0.7900148158570967
2026-05-04 15:59:00-04:00,321,-35.62700200000059,103300.09857942026,104158.59390526023,858.4953258399764,0.8242193885804948
2026-05-05 15:16:00-04:00,322,-208.59279999999904,103091.50577942026,104158.59390526023,1067.088125839975,1.0244839967891357
2026-05-06 11:19:00-04:00,323,113.80877200000091,103205.31455142026,104158.59390526023,953.279353839971,0.9152191078030945
2026-05-06 11:43:00-04:00,324,111.41318399999957,103316.72773542025,104158.59390526023,841.866169839981,0.8082541615391996
2026-05-06 13:36:00-04:00,325,112.61667795999878,103429.34441338025,104158.59390526023,729.2494918799785,0.7001337715285246
2026-05-06 15:59:00-04:00,326,-95.02847999999946,103334.31593338026,104158.59390526023,824.277971879972,0.7913681828594119
2026-05-07 11:07:00-04:00,327,107.69914476000203,103442.01507814026,104158.59390526023,716.5788271199708,0.6879689906065275
2026-05-07 12:00:00-04:00,328,107.68016159999878,103549.69523974026,104158.59390526023,608.8986655199697,0.5845880235996724
2026-05-07 15:59:00-04:00,329,-60.32149199999928,103489.37374774026,104158.59390526023,669.2201575199724,0.6425011441001944
2026-05-08 11:18:00-04:00,330,106.40591200000085,103595.77965974026,104158.59390526023,562.8142455199704,0.5403435515190332
2026-05-08 15:59:00-04:00,331,40.6471640000018,103636.42682374026,104158.59390526023,522.1670815199759,0.5013192497538174
2026-05-11 13:12:00-04:00,332,103.92786000000274,103740.35468374027,104158.59390526023,418.2392215199652,0.4015407714704598
2026-05-11 14:59:00-04:00,333,103.92174000000284,103844.27642374027,104158.59390526023,314.31748151996,0.30176816884246194
2026-05-11 15:59:00-04:00,334,-23.189347999997267,103821.08707574027,104158.59390526023,337.50682951995987,0.3240316683104869
2026-05-12 11:34:00-04:00,335,106.40223199999969,103927.48930774027,104158.59390526023,231.10459751996677,0.22187760880314217
2026-05-12 13:20:00-04:00,336,106.37095200000022,104033.86025974026,104158.59390526023,124.73364551996929,0.11975358042316082
2026-05-12 15:37:00-04:00,337,-190.66283599999838,103843.19742374028,104158.59390526023,315.3964815199579,0.3028040891247378
2026-05-12 15:59:00-04:00,338,42.72750000000047,103885.92492374027,104158.59390526023,272.6689815199643,0.26178251001350544
2026-05-13 15:53:00-04:00,339,101.43636800000193,103987.36129174028,104158.59390526023,171.2326135199546,0.16439604942795508
2026-05-14 10:45:00-04:00,340,-178.57751999999905,103808.78377174027,104158.59390526023,349.8101335199608,0.33584375556964446
2026-05-14 14:29:00-04:00,341,97.66798860000137,103906.45176034028,104158.59390526023,252.14214491995517,0.24207521959186262
2026-05-14 15:59:00-04:00,342,-0.9507119999986227,103905.50104834027,104158.59390526023,253.09285691996047,0.2429879738489622
2026-05-15 11:49:00-04:00,343,100.19424600000023,104005.69529434027,104158.59390526023,152.89861091996136,0.14679404280268385
2026-05-15 13:59:00-04:00,344,-182.6084760000002,103823.08681834028,104158.59390526023,335.5070869199553,0.32211176662496355
2026-05-15 15:50:00-04:00,345,-182.51695199999884,103640.56986634027,104158.59390526023,518.0240389199607,0.4973416205974718
2026-05-18 10:25:00-04:00,346,101.4879360000018,103742.05780234028,104158.59390526023,416.53610291995574,0.3999056508950432
2026-05-18 12:26:00-04:00,347,102.72504600000262,103844.78284834028,104158.59390526023,313.8110569199489,0.3012819635462656
2026-05-18 14:50:00-04:00,348,103.97808000000128,103948.76092834029,104158.59390526023,209.83297691994812,0.20145527032633176
2026-05-18 15:59:00-04:00,349,80.93295000000143,104029.69387834029,104158.59390526023,128.90002691994596,0.12375361656397728
2026-05-19 10:59:00-04:00,350,-190.6395400000003,103839.05433834028,104158.59390526023,319.5395669199497,0.3067817593722454
2026-05-19 12:31:00-04:00,351,103.8911400000008,103942.94547834029,104158.59390526023,215.64842691994272,0.20703853502101857
2026-05-19 15:24:00-04:00,352,102.72326600000206,104045.66874434029,104158.59390526023,112.92516091994185,0.10841655660468634
2026-05-20 12:25:00-04:00,353,-184.52191999999832,103861.14682434029,104158.59390526023,297.4470809199411,0.2855713290355001
2026-05-20 14:44:00-04:00,354,-184.4985119999999,103676.64831234029,104158.59390526023,481.94559291994665,0.4627036280446633
2026-05-21 13:19:00-04:00,355,-190.66465599999896,103485.9836563403,104158.59390526023,672.6102489199402,0.645755884081661
2026-05-21 14:52:00-04:00,356,-188.56223999999924,103297.4214163403,104158.59390526023,861.1724889199395,0.826789664329799
2026-05-21 15:59:00-04:00,357,-51.38824599999964,103246.03317034029,104158.59390526023,912.5607349199418,0.8761262039980894
2026-05-22 12:07:00-04:00,358,105.20146000000273,103351.2346303403,104158.59390526023,807.3592749199306,0.7751249749533698
2026-05-22 13:49:00-04:00,359,105.21074564000287,103456.4453759803,104158.59390526023,702.1485292799334,0.6741148310033719
2026-05-22 15:16:00-04:00,360,106.4250479999996,103562.8704239803,104158.59390526023,595.7234812799288,0.5719388664384067
2026-05-22 15:59:00-04:00,361,19.94909600000006,103582.8195199803,104158.59390526023,575.7743852799322,0.5527862499791814
2026-05-26 15:59:00-04:00,362,102.04908599999906,103684.8686059803,104158.59390526023,473.7252992799331,0.45481153452476564
2026-05-27 13:34:00-04:00,363,-198.70352379999866,103486.1650821803,104158.59390526023,672.4288230799284,0.6455817017763805
2026-05-27 15:59:00-04:00,364,-29.02306800000129,103457.1420141803,104158.59390526023,701.4518910799379,0.673446006498474
2026-05-28 15:59:00-04:00,365,107.67670200000065,103564.81871618029,104158.59390526023,593.7751890799409,0.5700683609650321
2026-05-29 13:59:00-04:00,366,106.40296800000044,103671.2216841803,104158.59390526023,487.3722210799315,0.4679135948429102
2026-05-29 14:27:00-04:00,367,106.40738400000237,103777.62906818031,104158.59390526023,380.9648370799259,0.3657545890322223
2026-05-29 15:50:00-04:00,368,106.39597599999979,103884.02504418031,104158.59390526023,274.56886107992614,0.26360653575034465
2026-05-29 15:59:00-04:00,369,-194.56976400000036,103689.4552801803,104158.59390526023,469.13862507994054,0.4504079860243275
2026-06-01 10:36:00-04:00,370,103.89618000000087,103793.3514601803,104158.59390526023,365.2424450799299,0.35065992289809933
2026-06-01 13:38:00-04:00,371,-188.61317999999852,103604.7382801803,104158.59390526023,553.8556250799302,0.5317426093363952
2026-06-01 15:59:00-04:00,372,89.3068719999997,103694.0451521803,104158.59390526023,464.54875307992916,0.4460013673979411
2026-06-02 12:33:00-04:00,373,102.62305200000212,103796.6682041803,104158.59390526023,361.9257010799338,0.3474756018779702
2026-06-02 15:47:00-04:00,374,-186.54293200000004,103610.1252721803,104158.59390526023,548.4686330799304,0.5265706962008361
2026-06-03 12:34:00-04:00,375,106.40646399999946,103716.5317361803,104158.59390526023,442.06216907993075,0.4244125736586059
2026-06-03 15:59:00-04:00,376,-59.16243999999903,103657.3692961803,104158.59390526023,501.2246090799308,0.48121291800063165
2026-06-04 15:05:00-04:00,377,-190.65774727999892,103466.7115489003,104158.59390526023,691.882356359929,0.6642585411523949
2026-06-05 14:17:00-04:00,378,111.38188800000219,103578.09343690031,104158.59390526023,580.5004683599254,0.5573236413770453
2026-06-05 15:59:00-04:00,379,-18.335328000001226,103559.7581089003,104158.59390526023,598.8357963599265,0.5749269204849394
2026-06-08 12:19:00-04:00,380,110.14395000000127,103669.9020589003,104158.59390526023,488.6918463599286,0.4691805332975493
2026-06-08 15:59:00-04:00,381,-69.15167999999855,103600.75037890031,104158.59390526023,557.843526359924,0.5355712912823334
2026-06-09 10:22:00-04:00,382,-200.61657599999896,103400.13380290031,104158.59390526023,758.4601023599243,0.7281781309853306
2026-06-09 10:46:00-04:00,383,111.39398399999894,103511.5277869003,104158.59390526023,647.0661183599295,0.6212316181499944
2026-06-09 15:15:00-04:00,384,-200.5904639999994,103310.93732290031,104158.59390526023,847.656582359923,0.8138133883901391
2026-06-10 10:55:00-04:00,385,112.6098220000022,103423.54714490031,104158.59390526023,735.0467603599245,0.7056995806111809
2026-06-10 14:56:00-04:00,386,113.91226000000145,103537.4594049003,104158.59390526023,621.1345003599272,0.5963353354451904
2026-06-10 15:59:00-04:00,387,-97.74428399999879,103439.71512090032,104158.59390526023,718.878784359913,0.6901771206836617
2026-06-11 13:29:00-04:00,388,115.04888999999893,103554.76401090031,104158.59390526023,603.829894359922,0.5797216261474775
2026-06-11 13:44:00-04:00,389,113.8387600000004,103668.60277090031,104158.59390526023,489.9911343599233,0.47042794645020425
2026-06-11 15:15:00-04:00,390,113.86913999999891,103782.47191090032,104158.59390526023,376.1219943599135,0.36110509969251664
2026-06-11 15:47:00-04:00,391,112.6183580000027,103895.09026890031,104158.59390526023,263.5036363599211,0.25298309671844904
2026-06-12 15:59:00-04:00,392,24.348164000000764,103919.43843290032,104158.59390526023,239.15547235991107,0.22960704766948012
2026-06-15 14:05:00-04:00,393,108.86760399999993,104028.30603690032,104158.59390526023,130.28786835991195,0.12508604760776454
2026-06-15 15:35:00-04:00,394,108.8738080000003,104137.17984490031,104158.59390526023,21.414060359922587,0.02055909124445384
2026-06-16 10:17:00-04:00,395,110.12247999999877,104247.30232490032,104247.30232490032,0.0,0.0
2026-06-16 15:59:00-04:00,396,-168.17850000000143,104079.12382490032,104247.30232490032,168.17849999999453,0.16132647680018067
2026-06-17 12:15:00-04:00,397,112.55123400000124,104191.67505890032,104247.30232490032,55.62726599999587,0.05336086858787601
2026-06-17 14:05:00-04:00,398,111.38956799999917,104303.06462690032,104303.06462690032,0.0,0.0
2026-06-17 15:41:00-04:00,399,112.65211400000018,104415.71674090032,104415.71674090032,0.0,0.0
2026-06-18 12:05:00-04:00,400,111.31027200000293,104527.02701290032,104527.02701290032,0.0,0.0
2026-06-18 15:59:00-04:00,401,6.544360000004637,104533.57137290032,104533.57137290032,0.0,0.0
2026-06-22 15:28:00-04:00,402,-198.60643000000047,104334.96494290032,104533.57137290032,198.60642999999982,0.18999296340073893
2026-06-22 15:59:00-04:00,403,46.53033600000029,104381.49527890033,104533.57137290032,152.0760939999891,0.1454806259871208
2026-06-23 14:40:00-04:00,404,113.90441999999896,104495.39969890032,104533.57137290032,38.17167399999744,0.036516186617051916
2026-06-23 15:59:00-04:00,405,-77.72929560000021,104417.67040330032,104533.57137290032,115.90096959999937,0.11087439956159958
2026-06-24 12:39:00-04:00,406,115.11858600000305,104532.78898930033,104533.57137290032,0.782383599987952,0.0007484519946199601
2026-06-24 13:59:00-04:00,407,-208.63599999999798,104324.15298930033,104533.57137290032,209.41838359998656,0.20033600770505863
2026-06-24 15:59:00-04:00,408,117.53672999999918,104441.68971930032,104533.57137290032,91.88165359999402,0.08789678989558924
2026-06-25 11:16:00-04:00,409,118.81225200000102,104560.50197130033,104560.50197130033,0.0,0.0
2026-06-25 15:59:00-04:00,410,94.34000399999792,104654.84197530033,104654.84197530033,0.0,0.0
2026-06-26 15:59:00-04:00,411,120.0611259999996,104774.90310130033,104774.90310130033,0.0,0.0
2026-06-29 15:59:00-04:00,412,80.88775606000107,104855.79085736032,104855.79085736032,0.0,0.0
2026-06-30 15:58:00-04:00,413,-208.684399999998,104647.10645736032,104855.79085736032,208.68439999999828,0.1990203862787896
2026-07-01 15:05:00-04:00,414,-210.72215799999847,104436.38429936033,104855.79085736032,419.40655799998785,0.399984163555186
2026-07-02 10:25:00-04:00,415,116.33720000000146,104552.72149936033,104855.79085736032,303.0693579999934,0.2890344496206902
2026-07-02 13:25:00-04:00,416,120.05783000000207,104672.77932936033,104855.79085736032,183.01152799998817,0.17453640519382124
2026-07-02 15:59:00-04:00,417,-93.16762205999791,104579.61170730034,104855.79085736032,276.1791500599793,0.26338950648484183
2026-07-06 13:45:00-04:00,418,117.61058120000104,104697.22228850034,104855.79085736032,158.56856885997695,0.15122538065225635
2026-07-06 15:55:00-04:00,419,117.61046000000249,104814.83274850034,104855.79085736032,40.95810885998071,0.03906137040699805
2026-07-07 10:25:00-04:00,420,120.09738200000174,104934.93013050035,104934.93013050035,0.0,0.0
2026-07-07 12:14:00-04:00,421,-214.75973800000006,104720.17039250034,104934.93013050035,214.75973800000793,0.20465991422772764
2026-07-07 15:59:00-04:00,422,-59.67817300000113,104660.49221950035,104934.93013050035,274.4379110000009,0.2615315135376765
2026-07-08 10:55:00-04:00,423,116.40100000000238,104776.89321950034,104934.93013050035,158.03691100000287,0.15060467549124326
2026-07-08 12:55:00-04:00,424,-208.68279599999886,104568.21042350035,104934.93013050035,366.71970699999656,0.3494734370565955
2026-07-08 15:59:00-04:00,425,-64.05681604000009,104504.15360746035,104934.93013050035,430.7765230399964,0.41051775848544353
2026-07-09 15:59:00-04:00,426,24.062012519999747,104528.21561998034,104934.93013050035,406.7145105200034,0.38758734580963705
2026-07-10 15:59:00-04:00,427,-63.77995810000082,104464.43566188034,104934.93013050035,470.4944686200033,0.44836782950623
2026-07-13 12:50:00-04:00,428,-200.55820799999898,104263.87745388034,104934.93013050035,671.0526766200055,0.6394940900856021
2026-07-13 15:54:00-04:00,429,112.66821600000088,104376.54566988035,104934.93013050035,558.38446062,0.5321244888861847
2026-07-14 13:08:00-04:00,430,-198.6590599999999,104177.88660988034,104934.93013050035,757.0435206200054,0.721440915506898
2026-07-14 15:59:00-04:00,431,7.361891999997413,104185.24850188034,104934.93013050035,749.6816286200046,0.7144252420882896
2026-07-15 13:08:00-04:00,432,111.35424000000106,104296.60274188034,104934.93013050035,638.3273886200041,0.6083078225964988
2026-07-15 15:55:00-04:00,433,-198.69895999999906,104097.90378188035,104934.93013050035,837.0263486199983,0.7976622727808999
2026-07-16 15:40:00-04:00,434,111.39129600000027,104209.29507788035,104934.93013050035,725.6350526199967,0.6915095399764162
2026-07-16 15:57:00-04:00,435,112.54910000000112,104321.84417788035,104934.93013050035,613.0859526199929,0.5842534529327271
2026-07-17 13:06:00-04:00,436,112.59275000000119,104434.43692788035,104934.93013050035,500.49320261999674,0.4769557686821422
2026-07-17 14:06:00-04:00,437,112.63232600000052,104547.06925388036,104934.93013050035,387.86087661999045,0.3696203696306221
2026-07-17 15:17:00-04:00,438,113.8844279999993,104660.95368188035,104934.93013050035,273.97644862000016,0.261091753031402
2026-07-17 15:59:00-04:00,439,-66.32402039999873,104594.62966148034,104934.93013050035,340.3004690200032,0.3242966556482145
2026-07-20 15:05:00-04:00,440,113.84013199999973,104708.46979348036,104934.93013050035,226.46033701999113,0.21581025187547942
2026-07-20 15:59:00-04:00,441,-65.48712799999745,104642.98266548035,104934.93013050035,291.9474650199991,0.2782176198687359
2026-07-21 13:42:00-04:00,442,112.56559000000084,104755.54825548036,104934.93013050035,179.38187501998618,0.17094581832465253
2026-07-21 15:59:00-04:00,443,-47.49955199999974,104708.04870348035,104934.93013050035,226.8814270199946,0.216211538653371
2026-07-22 11:06:00-04:00,444,-198.62480300000053,104509.42390048035,104934.93013050035,425.5062300199934,0.4054953193286741
2026-07-22 15:59:00-04:00,445,-141.5469318600005,104367.87696862036,104934.93013050035,567.0531618799869,0.5403855143132814
2026-07-23 12:23:00-04:00,446,-200.67916799999918,104167.19780062036,104934.93013050035,767.7323298799893,0.7316270463278657
2026-07-23 15:59:00-04:00,447,-22.848449999999566,104144.34935062035,104934.93013050035,790.5807798799942,0.7534009684828525
2026-07-24 11:10:00-04:00,448,110.13483,104254.48418062035,104934.93013050035,680.4459498799988,0.6484456119938089
2026-07-24 12:41:00-04:00,449,108.91535600000226,104363.39953662036,104934.93013050035,571.5305938799866,0.544652379497669
2026-07-24 14:29:00-04:00,450,-198.59673999999794,104164.80279662035,104934.93013050035,770.1273338799947,0.7339094169331798
2026-07-27 12:10:00-04:00,451,117.55268799999908,104282.35548462036,104934.93013050035,652.574645879984,0.6218850530213551
2026-07-27 15:59:00-04:00,452,34.27000699999959,104316.62549162036,104934.93013050035,618.3046388799849,0.5892267123169015
2026-07-28 11:44:00-04:00,453,-212.74643879999923,104103.87905282035,104934.93013050035,831.0510776799929,0.7919680097432493
2026-07-28 12:51:00-04:00,454,117.57067004000282,104221.44972286036,104934.93013050035,713.4804076399887,0.6799265094594167
2026-07-28 15:59:00-04:00,455,62.020868000003695,104283.47059086036,104934.93013050035,651.4595396399818,0.6208223885314513
2026-07-29 12:05:00-04:00,456,121.29873600000117,104404.76932686036,104934.93013050035,530.1608036399848,0.5052281475583587
2026-07-29 14:44:00-04:00,457,-214.73233999999897,104190.03698686037,104934.93013050035,744.8931436399725,0.7098619522723275
2026-07-30 15:59:00-04:00,458,77.5311180000005,104267.56810486037,104934.93013050035,667.3620256399736,0.6359770048067135
2026-07-31 13:27:00-04:00,459,-210.7152899999986,104056.85281486037,104934.93013050035,878.077315639981,0.836782675271215
2026-07-31 15:50:00-04:00,460,-208.7311999999992,103848.12161486037,104934.93013050035,1086.8085156399757,1.0356975644700834
2026-08-03 13:19:00-04:00,461,111.37785983999905,103959.49947470037,104934.93013050035,975.4306557999807,0.9295576359434411
2026-08-03 15:53:00-04:00,462,111.37036800000126,104070.86984270037,104934.93013050035,864.0602877999772,0.8234248469269527
2026-08-04 10:51:00-04:00,463,108.93265200000134,104179.80249470037,104934.93013050035,755.1276357999741,0.7196151318353896
2026-08-04 13:05:00-04:00,464,110.08083200000078,104289.88332670038,104934.93013050035,645.0468037999672,0.6147112339025402
2026-08-04 15:59:00-04:00,465,16.75098799999769,104306.63431470036,104934.93013050035,628.2958157999819,0.5987480193855503
2026-08-05 11:12:00-04:00,466,105.13885200000044,104411.77316670037,104934.93013050035,523.1569637999783,0.49855368765135116
2026-08-05 15:59:00-04:00,467,103.9468320000019,104515.71999870037,104934.93013050035,419.2101317999768,0.3994953170299289
2026-08-06 14:16:00-04:00,468,-190.61405999999997,104325.10593870038,104934.93013050035,609.8241917999694,0.581145087762076
2026-08-06 15:59:00-04:00,469,4.1343120000035185,104329.24025070037,104934.93013050035,605.6898797999747,0.5772052061660687
2026-08-07 12:07:00-04:00,470,102.65633799999902,104431.89658870037,104934.93013050035,503.03354179997405,0.479376639575007
2026-08-07 15:59:00-04:00,471,-148.30479221999852,104283.59179648038,104934.93013050035,651.3383340199653,0.6207068830273585
2026-08-10 12:29:00-04:00,472,105.13466600000066,104388.72646248038,104934.93013050035,546.2036680199672,0.5205165404319527
2026-08-10 15:03:00-04:00,473,105.1568700000015,104493.88333248039,104934.93013050035,441.046798019961,0.42030503805688096
2026-08-10 15:59:00-04:00,474,-74.99946999999781,104418.88386248038,104934.93013050035,516.0462680199707,0.49177739707664503
2026-08-11 11:14:00-04:00,475,103.9683600000028,104522.85222248039,104934.93013050035,412.07790801995725,0.39269851088430163
2026-08-11 12:55:00-04:00,476,105.16269400000232,104628.01491648039,104934.93013050035,306.9152140199585,0.29248145840309725
2026-08-12 13:02:00-04:00,477,102.67271400000068,104730.68763048039,104934.93013050035,204.24250001995824,0.19463728595040367
2026-08-12 15:59:00-04:00,478,35.907940000002576,104766.5955704804,104934.93013050035,168.33456001995364,0.1604180417432094
2026-08-13 14:31:00-04:00,479,102.60649800000091,104869.20206848039,104934.93013050035,65.7280620199599,0.06263697125277393
2026-08-14 11:24:00-04:00,480,101.44305600000006,104970.64512448039,104970.64512448039,0.0,0.0
2026-08-14 14:13:00-04:00,481,101.45291200000018,105072.0980364804,105072.0980364804,0.0,0.0
2026-08-14 15:50:00-04:00,482,101.45115552000242,105173.5491920004,105173.5491920004,0.0,0.0
2026-08-17 15:59:00-04:00,483,-103.59641599999988,105069.9527760004,105173.5491920004,103.59641600000032,0.09850044692404462
2026-08-18 15:59:00-04:00,484,9.56592000000299,105079.51869600039,105173.5491920004,94.03049600000668,0.08940508019592318
2026-08-19 10:31:00-04:00,485,106.34151200000133,105185.86020800039,105185.86020800039,0.0,0.0
2026-08-19 15:45:00-04:00,486,103.97861639999962,105289.8388244004,105289.8388244004,0.0,0.0
2026-08-20 10:53:00-04:00,487,105.16997764000234,105395.0088020404,105395.0088020404,0.0,0.0
2026-08-20 13:36:00-04:00,488,105.22093400000011,105500.2297360404,105500.2297360404,0.0,0.0
2026-08-20 15:59:00-04:00,489,13.455184000000832,105513.6849200404,105513.6849200404,0.0,0.0
2026-08-21 15:59:00-04:00,490,-37.99305600000013,105475.6918640404,105513.6849200404,37.993055999992066,0.036007704620290425
