entry_time,base_convergence_exit_time_audit_only,exit_time,direction,entry_z,entry_reference,entry_price,exit_reference,exit_price,shares,stop_usd_per_share,target_usd_per_share,gross_risk_usd,gross_reward_usd,risk_reward_ratio,stop_price,target_price,exit_reason,gross_pnl,slippage,commissions,costs,net_pnl,duration_bars
2025-08-22 10:01:00-04:00,2025-08-22 10:54:00-04:00,2025-08-22 10:08:00-04:00,LONG,-3.863034732278853,175.72,175.755144,176.97,176.934606,113,2.0,1.25,226.0,141.25,0.625,173.72,176.97,TAKE_PROFIT_BRACKET,141.25,7.9707939999998985,0.791,8.761793999999899,132.4882060000001,7
2025-08-22 12:57:00-04:00,2025-08-22 13:06:00-04:00,2025-08-22 15:59:00-04:00,SHORT,2.99334252457284,176.97,176.934606,178.02,178.05560400000002,113,2.0,1.25,226.0,141.25,0.625,178.97,175.72,FORCED_EOD,-118.65000000000128,8.02277400000034,0.791,8.81377400000034,-127.46377400000162,182
2025-08-25 11:03:00-04:00,2025-08-25 11:47:00-04:00,2025-08-25 15:59:00-04:00,SHORT,2.6512405667010905,180.29,180.253942,179.04,179.075808,110,2.0,1.25,220.0,137.5,0.625,182.29,179.04,TAKE_PROFIT_BRACKET,137.5,7.905259999999998,0.77,8.675259999999998,128.82474,296
2025-08-26 13:36:00-04:00,2025-08-26 13:51:00-04:00,2025-08-26 15:59:00-04:00,SHORT,2.7338644823896834,181.6,181.56368,181.7,181.73633999999998,110,2.0,1.25,220.0,137.5,0.625,183.6,180.35,FORCED_EOD,-10.999999999999375,7.992599999998333,0.77,8.762599999998333,-19.762599999997708,143
2025-08-27 12:21:00-04:00,2025-08-27 12:41:00-04:00,2025-08-27 15:59:00-04:00,LONG,-2.6000943297261414,181.5946,181.63091892,181.6,181.56368,110,2.0,1.25,220.0,137.5,0.625,179.5946,182.8446,FORCED_EOD,0.593999999997834,7.990281199997185,0.77,8.760281199997184,-8.16628119999935,218
2025-08-28 11:55:00-04:00,2025-08-28 12:25:00-04:00,2025-08-28 12:53:00-04:00,LONG,-2.6146474324419886,178.69,178.725738,179.94,179.904012,111,2.0,1.25,222.0,138.75,0.625,176.69,179.94,TAKE_PROFIT_BRACKET,138.75,7.961586000001375,0.777,8.738586000001375,130.01141399999864,58
2025-08-28 13:10:00-04:00,2025-08-28 13:17:00-04:00,2025-08-28 13:29:00-04:00,LONG,-2.541168056528706,178.715,178.750743,179.965,179.929007,111,2.0,1.25,222.0,138.75,0.625,176.715,179.965,TAKE_PROFIT_BRACKET,138.75,7.962695999998573,0.777,8.739695999998572,130.01030400000144,19
2025-08-28 14:25:00-04:00,2025-08-28 15:09:00-04:00,2025-08-28 15:59:00-04:00,SHORT,3.256538897873423,180.6817,180.64556366000002,180.2,180.23603999999997,110,2.0,1.25,220.0,137.5,0.625,182.6817,179.4317,FORCED_EOD,52.987000000001956,7.939397399996722,0.77,8.709397399996721,44.27760260000524,94
2025-08-29 10:51:00-04:00,2025-08-29 11:08:00-04:00,2025-08-29 11:21:00-04:00,LONG,-2.609349533974909,173.5942,173.62891883999998,174.8442,174.80923116,115,2.0,1.25,230.0,143.75,0.625,171.5942,174.8442,TAKE_PROFIT_BRACKET,143.75,8.01408319999851,0.805,8.81908319999851,134.93091680000148,30
2025-08-29 13:06:00-04:00,2025-08-29 13:41:00-04:00,2025-08-29 15:59:00-04:00,LONG,-3.242592883547234,173.66,173.694732,174.28,174.245144,115,2.0,1.25,230.0,143.75,0.625,171.66,174.91,FORCED_EOD,71.30000000000052,8.002619999997904,0.805,8.807619999997904,62.49238000000262,173
2025-09-02 12:09:00-04:00,2025-09-02 12:20:00-04:00,2025-09-02 12:42:00-04:00,LONG,-2.571106391091372,167.25,167.28345,168.5,168.4663,119,2.0,1.25,238.0,148.75,0.625,165.25,168.5,TAKE_PROFIT_BRACKET,148.75,7.990849999999767,0.833,8.823849999999767,139.92615000000023,33
2025-09-02 15:32:00-04:00,2025-09-02 15:53:00-04:00,2025-09-02 15:59:00-04:00,SHORT,2.681894521610044,170.5801,170.54598398,170.75,170.78414999999998,117,2.0,1.25,234.0,146.25,0.625,172.5801,169.3301,FORCED_EOD,-19.878300000001474,7.987124339997848,0.8190000000000001,8.806124339997849,-28.684424339999325,27
2025-09-03 11:04:00-04:00,2025-09-03 11:30:00-04:00,2025-09-03 14:19:00-04:00,LONG,-2.531268352720001,171.585,171.619317,169.585,169.551083,116,2.0,1.25,232.0,145.0,0.625,169.585,172.835,STOP,-232.0,7.915143999998804,0.812,8.727143999998804,-240.72714399999882,195
2025-09-03 14:23:00-04:00,2025-09-03 15:01:00-04:00,2025-09-03 15:59:00-04:00,LONG,-2.812722650064863,169.445,169.47888899999998,170.62,170.585876,118,2.0,1.25,236.0,147.5,0.625,167.445,170.695,FORCED_EOD,138.65000000000134,8.025533999997549,0.8260000000000001,8.85153399999755,129.7984660000038,96
2025-09-04 11:11:00-04:00,2025-09-04 12:04:00-04:00,2025-09-04 15:57:00-04:00,LONG,-2.773530641746396,170.3677,170.40177354000002,171.6177,171.58337646,117,2.0,1.25,234.0,146.25,0.625,168.3677,171.6177,TAKE_PROFIT_BRACKET,146.25,8.002458360001299,0.8190000000000001,8.8214583600013,137.4285416399987,286
2025-09-05 13:38:00-04:00,2025-09-05 14:10:00-04:00,2025-09-05 15:59:00-04:00,LONG,-2.587045606240608,166.131,166.1642262,167.04,167.00659199999998,120,2.0,1.25,240.0,150.0,0.625,164.131,167.381,FORCED_EOD,109.07999999999902,7.996104000001196,0.84,8.836104000001196,100.24389599999782,141
2025-09-08 11:49:00-04:00,2025-09-08 12:00:00-04:00,2025-09-08 15:59:00-04:00,LONG,-2.7496112006118207,169.36,169.39387200000002,168.37,168.336326,118,2.0,1.25,236.0,147.5,0.625,167.36,170.61,FORCED_EOD,-116.82000000000107,7.970427999999174,0.8260000000000001,8.796427999999175,-125.61642800000024,250
2025-09-09 10:51:00-04:00,2025-09-09 11:06:00-04:00,2025-09-09 11:53:00-04:00,LONG,-2.6304935854975344,166.85,166.88336999999999,168.1,168.06638,119,2.0,1.25,238.0,148.75,0.625,164.85,168.1,TAKE_PROFIT_BRACKET,148.75,7.971809999997106,0.833,8.804809999997106,139.9451900000029,62
2025-09-09 12:57:00-04:00,2025-09-09 13:47:00-04:00,2025-09-09 15:17:00-04:00,LONG,-2.6656533466283845,168.345,168.378669,169.595,169.561081,118,2.0,1.25,236.0,147.5,0.625,166.345,169.595,TAKE_PROFIT_BRACKET,147.5,7.975384000000076,0.8260000000000001,8.801384000000077,138.69861599999993,140
2025-09-10 11:41:00-04:00,2025-09-10 12:23:00-04:00,2025-09-10 15:13:00-04:00,LONG,-2.797479155478507,178.125,178.160625,176.125,176.089775,112,2.0,1.25,224.0,140.0,0.625,176.125,179.375,STOP,-224.0,7.935200000000805,0.784,8.719200000000805,-232.7192000000008,212
2025-09-10 15:30:00-04:00,2025-09-10 15:52:00-04:00,2025-09-10 15:59:00-04:00,SHORT,2.511039278835564,176.73,176.69465399999999,177.3,177.33546,113,2.0,1.25,226.0,141.25,0.625,178.73,175.48,FORCED_EOD,-64.41000000000244,8.001078000000518,0.791,8.792078000000519,-73.20207800000296,29
2025-09-11 12:25:00-04:00,2025-09-11 13:12:00-04:00,2025-09-11 15:59:00-04:00,LONG,-2.573517617287477,177.4581,177.49359162,177.09,177.054582,112,2.0,1.25,224.0,140.0,0.625,175.4581,178.7081,FORCED_EOD,-41.22719999999981,7.941877439997825,0.784,8.725877439997825,-49.953077439997635,214
2025-09-12 11:30:00-04:00,2025-09-12 12:08:00-04:00,2025-09-12 15:59:00-04:00,LONG,-2.6060411697948926,177.665,177.70053299999998,177.79,177.75444199999998,112,2.0,1.25,224.0,140.0,0.625,175.665,178.915,FORCED_EOD,14.0,7.962191999999504,0.784,8.746191999999505,5.253808000000495,269
2025-09-15 11:14:00-04:00,2025-09-15 12:08:00-04:00,2025-09-15 11:48:00-04:00,SHORT,3.337176560493082,175.815,175.77983700000001,177.815,177.850563,113,2.0,1.25,226.0,141.25,0.625,177.815,174.565,STOP,-226.0,7.992037999997649,0.791,8.78303799999765,-234.78303799999765,34
2025-09-15 14:06:00-04:00,2025-09-15 14:25:00-04:00,2025-09-15 15:59:00-04:00,SHORT,2.5771908722507906,177.8483,177.81273034,177.79,177.825558,112,2.0,1.25,224.0,140.0,0.625,179.8483,176.5983,FORCED_EOD,6.5296000000003005,7.9662979200002155,0.784,8.750297920000216,-2.2206979199999157,113
2025-09-16 11:04:00-04:00,2025-09-16 12:46:00-04:00,2025-09-16 15:59:00-04:00,LONG,-2.83113438048768,176.06,176.095212,174.86,174.82502800000003,113,2.0,1.25,226.0,141.25,0.625,174.06,177.31,FORCED_EOD,-135.59999999999872,7.930791999998121,0.791,8.721791999998121,-144.32179199999683,295
2025-09-17 11:17:00-04:00,2025-09-17 11:35:00-04:00,2025-09-17 12:03:00-04:00,SHORT,2.81504701744462,170.605,170.570879,169.355,169.388871,117,2.0,1.25,234.0,146.25,0.625,172.605,169.355,TAKE_PROFIT_BRACKET,146.25,7.955064000000448,0.8190000000000001,8.774064000000449,137.47593599999956,46
2025-09-17 13:43:00-04:00,2025-09-17 14:07:00-04:00,2025-09-17 14:11:00-04:00,SHORT,2.5341014921946354,171.0483,171.01409034000002,169.7983,169.83225966,116,2.0,1.25,232.0,145.0,0.625,173.0483,169.7983,TAKE_PROFIT_BRACKET,145.0,7.907641119997834,0.812,8.719641119997833,136.28035888000215,28
2025-09-17 14:14:00-04:00,2025-09-17 15:00:00-04:00,2025-09-17 15:02:00-04:00,LONG,-2.9582088794916017,169.13,169.163826,170.38,170.345924,118,2.0,1.25,236.0,147.5,0.625,167.13,170.38,TAKE_PROFIT_BRACKET,147.5,8.012436000000434,0.8260000000000001,8.838436000000435,138.66156399999957,48
2025-09-18 11:53:00-04:00,2025-09-18 12:25:00-04:00,2025-09-18 15:59:00-04:00,SHORT,2.535455586205829,175.52,175.48489600000002,174.27,174.304854,113,2.0,1.25,226.0,141.25,0.625,177.52,174.27,TAKE_PROFIT_BRACKET,141.25,7.905253999998365,0.791,8.696253999998365,132.55374600000164,246
2025-09-19 13:28:00-04:00,2025-09-19 13:44:00-04:00,2025-09-19 15:59:00-04:00,SHORT,2.6183695317072977,175.75,175.71485,177.75,177.78555,113,2.0,1.25,226.0,141.25,0.625,177.75,174.5,STOP,-226.0,7.989099999998643,0.791,8.780099999998644,-234.78009999999864,151
2025-09-22 11:35:00-04:00,2025-09-22 13:01:00-04:00,2025-09-22 12:06:00-04:00,SHORT,3.0241910770171003,175.53,175.49489400000002,177.53,177.565506,113,2.0,1.25,226.0,141.25,0.625,177.53,174.28,STOP,-226.0,7.979155999998056,0.791,8.770155999998057,-234.77015599999805,31
2025-09-22 13:16:00-04:00,2025-09-22 14:55:00-04:00,2025-09-22 15:12:00-04:00,LONG,-2.680143971446605,182.7,182.73654,183.95,183.91321,109,2.0,1.25,218.0,136.25,0.625,180.7,183.95,TAKE_PROFIT_BRACKET,136.25,7.992969999999843,0.763,8.755969999999843,127.49403000000015,116
2025-09-23 11:43:00-04:00,2025-09-23 11:48:00-04:00,2025-09-23 13:25:00-04:00,SHORT,2.6397940728952296,179.995,179.959001,178.745,178.78074900000001,111,2.0,1.25,222.0,138.75,0.625,181.995,178.745,TAKE_PROFIT_BRACKET,138.75,7.96402800000152,0.777,8.741028000001519,130.0089719999985,102
2025-09-23 15:00:00-04:00,2025-09-23 15:18:00-04:00,2025-09-23 15:59:00-04:00,SHORT,2.5097764428475484,178.145,178.109371,176.895,176.93037900000002,112,2.0,1.25,224.0,140.0,0.625,180.145,176.895,TAKE_PROFIT_BRACKET,140.0,7.952896000000692,0.784,8.736896000000693,131.26310399999932,59
2025-09-24 11:12:00-04:00,2025-09-24 11:21:00-04:00,2025-09-24 11:48:00-04:00,SHORT,2.614259096692797,178.11,178.07437800000002,176.86,176.895372,112,2.0,1.25,224.0,140.0,0.625,180.11,176.86,TAKE_PROFIT_BRACKET,140.0,7.951327999998284,0.784,8.735327999998285,131.26467200000172,36
2025-09-24 11:53:00-04:00,2025-09-24 12:23:00-04:00,2025-09-24 12:12:00-04:00,SHORT,2.6840354884333038,176.71,176.67465800000002,175.46,175.495092,113,2.0,1.25,226.0,141.25,0.625,178.71,175.46,TAKE_PROFIT_BRACKET,141.25,7.959041999997453,0.791,8.750041999997453,132.49995800000255,19
2025-09-24 15:46:00-04:00,2025-09-24 15:49:00-04:00,2025-09-24 15:59:00-04:00,SHORT,2.5078535097782453,176.73,176.69465399999999,176.88,176.91537599999998,113,2.0,1.25,226.0,141.25,0.625,178.73,175.48,FORCED_EOD,-16.950000000000642,7.99158599999879,0.791,8.78258599999879,-25.732585999999433,13
2025-09-25 11:09:00-04:00,2025-09-25 11:18:00-04:00,2025-09-25 11:43:00-04:00,SHORT,2.904258044539241,177.4401,177.40461198,179.4401,179.47598802,112,2.0,1.25,224.0,140.0,0.625,179.4401,176.1901,STOP,-224.0,7.9941164799988655,0.784,8.778116479998866,-232.77811647999886,34
2025-09-25 14:02:00-04:00,2025-09-25 14:12:00-04:00,2025-09-25 15:54:00-04:00,SHORT,2.66882040169984,175.99,175.954802,177.99,178.025598,113,2.0,1.25,226.0,141.25,0.625,177.99,174.74,STOP,-226.0,7.99994800000016,0.791,8.79094800000016,-234.79094800000016,112
2025-09-26 10:16:00-04:00,2025-09-26 11:17:00-04:00,2025-09-26 10:27:00-04:00,SHORT,2.550640906967568,176.38,176.34472399999999,175.13,175.16502599999998,113,2.0,1.25,226.0,141.25,0.625,178.38,175.13,TAKE_PROFIT_BRACKET,141.25,7.944125999999784,0.791,8.735125999999784,132.51487400000022,11
2025-09-26 12:21:00-04:00,2025-09-26 12:51:00-04:00,2025-09-26 14:17:00-04:00,LONG,-3.248354564373752,176.41,176.445282,177.66,177.624468,113,2.0,1.25,226.0,141.25,0.625,174.41,177.66,TAKE_PROFIT_BRACKET,141.25,8.001981999998236,0.791,8.792981999998236,132.45701800000177,116
2025-09-26 14:41:00-04:00,2025-09-26 15:16:00-04:00,2025-09-26 15:59:00-04:00,LONG,-2.787995299906385,177.505,177.54050099999998,178.755,178.719249,112,2.0,1.25,224.0,140.0,0.625,175.505,178.755,TAKE_PROFIT_BRACKET,140.0,7.980223999998543,0.784,8.764223999998544,131.23577600000147,78
2025-09-29 10:57:00-04:00,2025-09-29 12:07:00-04:00,2025-09-29 11:53:00-04:00,SHORT,2.524588635255528,183.18,183.14336400000002,181.93,181.966386,109,2.0,1.25,218.0,136.25,0.625,185.18,181.93,TAKE_PROFIT_BRACKET,136.25,7.9593979999978615,0.763,8.722397999997861,127.52760200000213,56
2025-09-29 12:11:00-04:00,2025-09-29 12:45:00-04:00,2025-09-29 15:59:00-04:00,LONG,-2.9209753717195,181.85,181.88637,181.83,181.79363400000003,109,2.0,1.25,218.0,136.25,0.625,179.85,183.1,FORCED_EOD,-2.1799999999980173,7.928223999999119,0.763,8.691223999999119,-10.871223999997136,228
2025-09-30 10:04:00-04:00,2025-09-30 10:18:00-04:00,2025-09-30 10:06:00-04:00,SHORT,2.608881072763966,184.895,184.858021,183.645,183.68172900000002,108,2.0,1.25,216.0,135.0,0.625,186.895,183.645,TAKE_PROFIT_BRACKET,135.0,7.960464000001139,0.756,8.716464000001139,126.28353599999886,2
2025-09-30 10:32:00-04:00,2025-09-30 11:00:00-04:00,2025-09-30 15:59:00-04:00,SHORT,2.533328308805303,185.8001,185.76293998,186.58,186.61731600000002,107,2.0,1.25,214.0,133.75,0.625,187.8001,184.5501,FORCED_EOD,-83.44930000000281,7.9689341399991065,0.749,8.717934139999107,-92.16723414000191,327
2025-10-01 10:30:00-04:00,2025-10-01 11:14:00-04:00,2025-10-01 15:59:00-04:00,SHORT,2.6060448445646487,186.655,186.617669,187.17,187.20743399999998,107,2.0,1.25,214.0,133.75,0.625,188.655,185.405,FORCED_EOD,-55.10499999999854,7.999854999998405,0.749,8.748854999998406,-63.85385499999695,329
2025-10-02 14:00:00-04:00,2025-10-02 14:11:00-04:00,2025-10-02 15:59:00-04:00,LONG,-3.2013855771889483,188.76,188.79775199999997,188.92,188.882216,105,2.0,1.25,210.0,131.25,0.625,186.76,190.01,FORCED_EOD,16.799999999999642,7.931279999996974,0.735,8.666279999996974,8.133720000002668,119
2025-10-03 12:38:00-04:00,2025-10-03 13:13:00-04:00,2025-10-03 13:50:00-04:00,LONG,-2.532332993891881,188.1701,188.20773401999998,186.1701,186.13286598,106,2.0,1.25,212.0,132.5,0.625,186.1701,189.4201,STOP,-212.0,7.93601223999832,0.742,8.67801223999832,-220.6780122399983,72
2025-10-06 13:33:00-04:00,2025-10-06 14:46:00-04:00,2025-10-06 15:59:00-04:00,LONG,-2.730320325004222,185.86,185.897172,185.53,185.492894,107,2.0,1.25,214.0,133.75,0.625,183.86,187.11,FORCED_EOD,-35.31000000000134,7.947745999999199,0.749,8.6967459999992,-44.00674600000054,146
2025-10-07 11:03:00-04:00,2025-10-07 11:57:00-04:00,2025-10-07 11:08:00-04:00,LONG,-2.6583275880964607,187.025,187.062405,185.025,184.987995,106,2.0,1.25,212.0,132.5,0.625,185.025,188.275,STOP,-212.0,7.887460000000033,0.742,8.629460000000034,-220.62946000000002,5
2025-10-07 12:04:00-04:00,2025-10-07 12:20:00-04:00,2025-10-07 15:59:00-04:00,SHORT,2.5150721477894797,186.0901,186.05288198000002,184.8401,184.87706802,107,2.0,1.25,214.0,133.75,0.625,188.0901,184.8401,TAKE_PROFIT_BRACKET,133.75,7.937906279997037,0.749,8.686906279997038,125.06309372000297,235
2025-10-08 13:12:00-04:00,2025-10-08 13:32:00-04:00,2025-10-08 15:57:00-04:00,LONG,-2.55263003431514,187.85,187.88756999999998,189.1,189.06218,106,2.0,1.25,212.0,132.5,0.625,185.85,189.1,TAKE_PROFIT_BRACKET,132.5,7.991339999996853,0.742,8.733339999996854,123.76666000000314,165
2025-10-09 14:28:00-04:00,2025-10-09 15:05:00-04:00,2025-10-09 15:59:00-04:00,LONG,-2.506763730325816,192.72,192.758544,192.54,192.50149199999998,103,2.0,1.25,206.0,128.75,0.625,190.72,193.97,FORCED_EOD,-18.540000000000703,7.936356000000927,0.721,8.657356000000927,-27.19735600000163,91
2025-10-10 11:00:00-04:00,2025-10-10 11:53:00-04:00,2025-10-10 11:02:00-04:00,LONG,-2.5707491788622923,194.15,194.18883,192.15,192.11157,102,2.0,1.25,204.0,127.5,0.625,192.15,195.4,STOP,-204.0,7.880519999999535,0.714,8.594519999999536,-212.59451999999953,2
2025-10-10 12:47:00-04:00,2025-10-10 13:23:00-04:00,2025-10-10 15:28:00-04:00,LONG,-3.038431622001127,188.1703,188.20793405999999,186.1703,186.13306594,106,2.0,1.25,212.0,132.5,0.625,186.1703,189.4203,STOP,-212.0,7.936020719999021,0.742,8.678020719999022,-220.678020719999,161
2025-10-10 15:33:00-04:00,2025-10-10 15:56:00-04:00,2025-10-10 15:54:00-04:00,LONG,-2.7686145528165342,186.08,186.117216,184.08,184.04318400000002,107,2.0,1.25,214.0,133.75,0.625,184.08,187.33,STOP,-214.0,7.921423999998751,0.749,8.670423999998752,-222.67042399999875,21
2025-10-13 10:25:00-04:00,2025-10-13 11:12:00-04:00,2025-10-13 10:57:00-04:00,LONG,-2.8725418683703268,188.14,188.17762799999997,186.14,186.102772,106,2.0,1.25,212.0,132.5,0.625,186.14,189.39,STOP,-212.0,7.934735999998168,0.742,8.676735999998169,-220.67673599999816,32
2025-10-13 12:35:00-04:00,2025-10-13 13:24:00-04:00,2025-10-13 14:42:00-04:00,SHORT,2.5001207430153154,188.73,188.692254,187.48,187.517496,105,2.0,1.25,210.0,131.25,0.625,190.73,187.48,TAKE_PROFIT_BRACKET,131.25,7.900410000000306,0.735,8.635410000000306,122.6145899999997,127
2025-10-13 15:55:00-04:00,2025-10-13 15:56:00-04:00,2025-10-13 15:59:00-04:00,SHORT,4.249997078726031,188.655,188.617269,188.32,188.357664,106,2.0,1.25,212.0,132.5,0.625,190.655,187.405,FORCED_EOD,35.510000000000844,7.991870000001541,0.742,8.733870000001541,26.776129999999302,4
2025-10-14 10:47:00-04:00,2025-10-14 11:20:00-04:00,2025-10-14 11:47:00-04:00,LONG,-2.5205728246528407,181.725,181.76134499999998,182.975,182.938405,110,2.0,1.25,220.0,137.5,0.625,179.725,182.975,TAKE_PROFIT_BRACKET,137.5,8.02339999999873,0.77,8.79339999999873,128.70660000000126,60
2025-10-14 11:48:00-04:00,2025-10-14 12:50:00-04:00,2025-10-14 14:04:00-04:00,SHORT,2.758309319961701,182.89,182.853422,181.64,181.67632799999998,109,2.0,1.25,218.0,136.25,0.625,184.89,181.64,TAKE_PROFIT_BRACKET,136.25,7.946753999998805,0.763,8.709753999998805,127.54024600000119,136
2025-10-14 15:38:00-04:00,2025-10-14 15:56:00-04:00,2025-10-14 15:59:00-04:00,SHORT,4.061278698585321,180.98,180.943804,180.07,180.106014,110,2.0,1.25,220.0,137.5,0.625,182.98,179.73,FORCED_EOD,100.09999999999962,7.943099999998253,0.77,8.713099999998253,91.38690000000138,21
2025-10-15 10:32:00-04:00,2025-10-15 10:46:00-04:00,2025-10-15 11:50:00-04:00,LONG,-2.6022159112749828,182.1182,182.15462364,180.1182,180.08217636,109,2.0,1.25,218.0,136.25,0.625,180.1182,183.3682,STOP,-218.0,7.89675352000063,0.763,8.65975352000063,-226.65975352000063,78
2025-10-15 13:42:00-04:00,2025-10-15 14:10:00-04:00,2025-10-15 14:33:00-04:00,LONG,-2.7163724684295376,178.805,178.84076100000001,180.055,180.018989,111,2.0,1.25,222.0,138.75,0.625,176.805,180.055,TAKE_PROFIT_BRACKET,138.75,7.966692000001103,0.777,8.743692000001102,130.0063079999989,51
2025-10-15 15:49:00-04:00,2025-10-15 15:51:00-04:00,2025-10-15 15:55:00-04:00,SHORT,3.3036634159350635,180.13,180.093974,178.88,178.915776,111,2.0,1.25,222.0,138.75,0.625,182.13,178.88,TAKE_PROFIT_BRACKET,138.75,7.970021999999005,0.777,8.747021999999005,130.002978000001,6
2025-10-16 11:31:00-04:00,2025-10-16 12:18:00-04:00,2025-10-16 12:30:00-04:00,SHORT,2.573956662692253,182.0288,181.99239423999998,180.7788,180.81495575999998,109,2.0,1.25,218.0,136.25,0.625,184.0288,180.7788,TAKE_PROFIT_BRACKET,136.25,7.909205679999303,0.763,8.672205679999303,127.57779432000069,59
2025-10-16 12:45:00-04:00,2025-10-16 12:56:00-04:00,2025-10-16 13:39:00-04:00,SHORT,2.5349417672630605,180.52,180.48389600000002,182.52,182.55650400000002,110,2.0,1.25,220.0,137.5,0.625,182.52,179.27,STOP,-220.0,7.986880000000269,0.77,8.756880000000269,-228.75688000000028,54
2025-10-16 14:48:00-04:00,2025-10-16 14:59:00-04:00,2025-10-16 15:59:00-04:00,LONG,-2.9648942626879475,181.08,181.116216,182.33,182.29353400000002,110,2.0,1.25,220.0,137.5,0.625,179.08,182.33,TAKE_PROFIT_BRACKET,137.5,7.995019999998476,0.77,8.765019999998476,128.7349800000015,71
2025-10-17 13:03:00-04:00,2025-10-17 13:38:00-04:00,2025-10-17 15:59:00-04:00,SHORT,2.653770795923816,182.4899,182.45340202,183.235,183.271647,109,2.0,1.25,218.0,136.25,0.625,184.4899,181.2399,FORCED_EOD,-81.21590000000086,7.972802819999458,0.763,8.735802819999458,-89.95170282000032,176
2025-10-20 10:23:00-04:00,2025-10-20 10:38:00-04:00,2025-10-20 15:16:00-04:00,SHORT,2.654249591795571,184.0786,184.04178428,182.8286,182.86516572,108,2.0,1.25,216.0,135.0,0.625,186.0786,182.8286,TAKE_PROFIT_BRACKET,135.0,7.925195519999079,0.756,8.68119551999908,126.31880448000092,293
2025-10-21 10:06:00-04:00,2025-10-21 10:17:00-04:00,2025-10-21 11:06:00-04:00,LONG,-2.6208308375075897,180.2807,180.31675614,181.5307,181.49439386,110,2.0,1.25,220.0,137.5,0.625,178.2807,181.5307,TAKE_PROFIT_BRACKET,137.5,7.959850799999231,0.77,8.72985079999923,128.77014920000076,60
2025-10-21 11:07:00-04:00,2025-10-21 11:53:00-04:00,2025-10-21 15:59:00-04:00,SHORT,2.5413342208623844,181.6258,181.58947484,181.16,181.19623199999998,110,2.0,1.25,220.0,137.5,0.625,183.6258,180.3758,FORCED_EOD,51.23800000000017,7.981287599997131,0.77,8.75128759999713,42.48671240000304,292
2025-10-22 10:30:00-04:00,2025-10-22 11:16:00-04:00,2025-10-22 11:31:00-04:00,LONG,-2.517522472993261,180.42,180.45608399999998,178.42,178.38431599999998,110,2.0,1.25,220.0,137.5,0.625,178.42,181.67,STOP,-220.0,7.894479999999078,0.77,8.664479999999077,-228.6644799999991,61
2025-10-23 11:45:00-04:00,2025-10-23 11:54:00-04:00,2025-10-23 14:22:00-04:00,LONG,-2.504369012098955,181.465,181.501293,182.715,182.678457,110,2.0,1.25,220.0,137.5,0.625,179.465,182.715,TAKE_PROFIT_BRACKET,137.5,8.011959999999476,0.77,8.781959999999476,128.7180400000005,157
2025-10-23 15:37:00-04:00,2025-10-23 15:56:00-04:00,2025-10-23 15:59:00-04:00,LONG,-2.9106701753004294,182.54,182.576508,182.2,182.16356,109,2.0,1.25,218.0,136.25,0.625,180.54,183.79,FORCED_EOD,-37.06000000000037,7.951331999999638,0.763,8.714331999999638,-45.77433200000001,22
2025-10-24 10:05:00-04:00,2025-10-24 10:37:00-04:00,2025-10-24 15:02:00-04:00,LONG,-2.506792387568043,185.03,185.067006,186.28,186.24274400000002,108,2.0,1.25,216.0,135.0,0.625,183.03,186.28,TAKE_PROFIT_BRACKET,135.0,8.020295999997415,0.756,8.776295999997416,126.22370400000258,297
2025-10-27 10:07:00-04:00,2025-10-27 10:33:00-04:00,2025-10-27 13:00:00-04:00,LONG,-2.8626326918644924,190.34,190.378068,191.59,191.551682,105,2.0,1.25,210.0,131.25,0.625,188.34,191.59,TAKE_PROFIT_BRACKET,131.25,8.020530000001429,0.735,8.755530000001428,122.49446999999857,173
2025-10-27 14:29:00-04:00,2025-10-27 14:58:00-04:00,2025-10-27 15:59:00-04:00,LONG,-2.581563210718143,190.6052,190.64332104,191.8552,191.81682896,104,2.0,1.25,208.0,130.0,0.625,188.6052,191.8552,TAKE_PROFIT_BRACKET,130.0,7.955176319997918,0.728,8.683176319997918,121.31682368000209,90
2025-10-28 12:02:00-04:00,2025-10-28 12:56:00-04:00,2025-10-28 13:12:00-04:00,SHORT,2.515905067864648,193.62,193.581276,195.62,195.659124,103,2.0,1.25,206.0,128.75,0.625,195.62,192.37,STOP,-206.0,8.018343999998848,0.721,8.739343999998848,-214.73934399999885,70
2025-10-28 13:13:00-04:00,2025-10-28 13:30:00-04:00,2025-10-28 13:19:00-04:00,SHORT,3.2342586644004747,195.945,195.905811,194.695,194.733939,102,2.0,1.25,204.0,127.5,0.625,197.945,194.695,TAKE_PROFIT_BRACKET,127.5,7.969055999999227,0.714,8.683055999999228,118.81694400000077,6
2025-10-28 15:09:00-04:00,2025-10-28 15:44:00-04:00,2025-10-28 15:59:00-04:00,SHORT,2.600363247962425,201.28,201.239744,201.03,201.07020599999998,99,2.0,1.25,198.0,123.75,0.625,203.28,200.03,FORCED_EOD,24.75,7.965737999998311,0.6930000000000001,8.65873799999831,16.09126200000169,50
2025-10-29 11:46:00-04:00,2025-10-29 12:46:00-04:00,2025-10-29 12:07:00-04:00,LONG,-3.5850227465381006,207.23,207.271446,205.23,205.188954,96,2.0,1.25,192.0,120.0,0.625,205.23,208.48,STOP,-192.0,7.919232000000193,0.672,8.591232000000193,-200.5912320000002,21
2025-10-29 13:52:00-04:00,2025-10-29 14:25:00-04:00,2025-10-29 14:35:00-04:00,SHORT,2.577079769464212,207.53,207.488494,206.28,206.321256,96,2.0,1.25,192.0,120.0,0.625,209.53,206.28,TAKE_PROFIT_BRACKET,120.0,7.945152000000235,0.672,8.617152000000235,111.38284799999977,43
2025-10-29 15:31:00-04:00,2025-10-29 15:45:00-04:00,2025-10-29 15:59:00-04:00,SHORT,3.190038212956379,207.4458,207.40431084,207.05,207.09141,96,2.0,1.25,192.0,120.0,0.625,209.4458,206.1958,FORCED_EOD,37.996799999998075,7.958319359998313,0.672,8.630319359998314,29.36648063999976,28
2025-10-30 13:15:00-04:00,2025-10-30 13:28:00-04:00,2025-10-30 13:46:00-04:00,LONG,-2.521779658902624,202.53,202.570506,203.78,203.739244,98,2.0,1.25,196.0,122.5,0.625,200.53,203.78,TAKE_PROFIT_BRACKET,122.5,7.963675999998145,0.686,8.649675999998145,113.85032400000185,31
2025-10-30 13:47:00-04:00,2025-10-30 14:16:00-04:00,2025-10-30 15:11:00-04:00,SHORT,2.9584409183545035,203.9499,203.90911002,202.6999,202.74043998000002,98,2.0,1.25,196.0,122.5,0.625,205.9499,202.6999,TAKE_PROFIT_BRACKET,122.5,7.970336080000493,0.686,8.656336080000493,113.8436639199995,84
2025-10-31 11:21:00-04:00,2025-10-31 11:42:00-04:00,2025-10-31 12:00:00-04:00,LONG,-2.7322507000466065,205.47,205.51109399999999,203.47,203.429306,97,2.0,1.25,194.0,121.25,0.625,203.47,206.72,STOP,-194.0,7.93343599999892,0.679,8.61243599999892,-202.61243599999892,39
2025-10-31 12:16:00-04:00,2025-10-31 12:40:00-04:00,2025-10-31 12:58:00-04:00,SHORT,2.5716397113681184,203.86,203.819228,202.61,202.650522,98,2.0,1.25,196.0,122.5,0.625,205.86,202.61,TAKE_PROFIT_BRACKET,122.5,7.966811999998583,0.686,8.652811999998583,113.84718800000141,42
2025-10-31 13:23:00-04:00,2025-10-31 14:04:00-04:00,2025-10-31 15:59:00-04:00,SHORT,2.590416259873958,202.865,202.82442700000001,202.41,202.450482,98,2.0,1.25,196.0,122.5,0.625,204.865,201.615,FORCED_EOD,44.590000000001226,7.943389999999226,0.686,8.629389999999226,35.960610000002,156
2025-11-03 10:24:00-05:00,2025-11-03 10:40:00-05:00,2025-11-03 10:49:00-05:00,SHORT,2.6144716348469133,208.41,208.368318,207.16,207.20143199999998,95,2.0,1.25,190.0,118.75,0.625,210.41,207.16,TAKE_PROFIT_BRACKET,118.75,7.895829999999506,0.665,8.560829999999505,110.1891700000005,25
2025-11-03 11:56:00-05:00,2025-11-03 12:13:00-05:00,2025-11-03 13:04:00-05:00,SHORT,2.630024451623887,208.8515,208.8097297,210.8515,210.8936703,95,2.0,1.25,190.0,118.75,0.625,210.8515,207.6015,STOP,-190.0,7.974357000000509,0.665,8.639357000000508,-198.6393570000005,68
2025-11-03 13:05:00-05:00,2025-11-03 13:33:00-05:00,2025-11-03 13:51:00-05:00,SHORT,2.6571429734751413,210.9801,210.93790398,209.7301,209.77204601999998,94,2.0,1.25,188.0,117.5,0.625,212.9801,209.7301,TAKE_PROFIT_BRACKET,117.5,7.9093517599989696,0.658,8.567351759998969,108.93264824000103,46
2025-11-03 15:28:00-05:00,2025-11-03 15:56:00-05:00,2025-11-03 15:59:00-05:00,LONG,-2.562965899491708,206.955,206.99639100000002,207.02,206.978596,96,2.0,1.25,192.0,120.0,0.625,204.955,208.205,FORCED_EOD,6.239999999999782,7.948320000000422,0.672,8.620320000000422,-2.3803200000006406,31
2025-11-04 12:32:00-05:00,2025-11-04 12:51:00-05:00,2025-11-04 13:30:00-05:00,SHORT,2.7561715158618925,201.01,200.969798,199.76,199.799952,99,2.0,1.25,198.0,123.75,0.625,203.01,199.76,TAKE_PROFIT_BRACKET,123.75,7.935245999999324,0.6930000000000001,8.628245999999324,115.12175400000068,58
2025-11-04 15:23:00-05:00,2025-11-04 15:39:00-05:00,2025-11-04 15:55:00-05:00,SHORT,2.555672255520164,199.315,199.275137,198.065,198.104613,100,2.0,1.25,200.0,125.0,0.625,201.315,198.065,TAKE_PROFIT_BRACKET,125.0,7.947599999999966,0.7000000000000001,8.647599999999965,116.35240000000003,32
2025-11-05 10:49:00-05:00,2025-11-05 11:26:00-05:00,2025-11-05 15:05:00-05:00,SHORT,2.51599607507426,201.7,201.65966,200.45,200.49008999999998,99,2.0,1.25,198.0,123.75,0.625,203.7,200.45,TAKE_PROFIT_BRACKET,123.75,7.962569999997868,0.6930000000000001,8.655569999997867,115.09443000000213,256
2025-11-06 10:49:00-05:00,2025-11-06 10:52:00-05:00,2025-11-06 10:50:00-05:00,LONG,-3.0932192786817216,189.47,189.507894,190.72,190.681856,105,2.0,1.25,210.0,131.25,0.625,187.47,190.72,TAKE_PROFIT_BRACKET,131.25,7.983989999998187,0.735,8.718989999998186,122.53101000000181,1
2025-11-06 11:40:00-05:00,2025-11-06 11:59:00-05:00,2025-11-06 12:26:00-05:00,LONG,-2.8776224350544783,188.53,188.567706,186.53,186.492694,106,2.0,1.25,212.0,132.5,0.625,186.53,189.78,STOP,-212.0,7.951271999998596,0.742,8.693271999998597,-220.6932719999986,46
2025-11-06 13:54:00-05:00,2025-11-06 14:08:00-05:00,2025-11-06 14:26:00-05:00,LONG,-2.5294490814423267,188.79,188.827758,190.04,190.001992,105,2.0,1.25,210.0,131.25,0.625,186.79,190.04,TAKE_PROFIT_BRACKET,131.25,7.955429999998671,0.735,8.69042999999867,122.55957000000133,32
2025-11-06 15:42:00-05:00,2025-11-06 15:56:00-05:00,2025-11-06 15:59:00-05:00,LONG,-2.7807809260281804,188.66,188.697732,188.17,188.132366,105,2.0,1.25,210.0,131.25,0.625,186.66,189.91,FORCED_EOD,-51.450000000000955,7.913430000000261,0.735,8.64843000000026,-60.098430000001215,17
2025-11-07 11:07:00-05:00,2025-11-07 11:18:00-05:00,2025-11-07 11:23:00-05:00,LONG,-3.435864128300224,179.6,179.63592,180.85,180.81383,111,2.0,1.25,222.0,138.75,0.625,177.6,180.85,TAKE_PROFIT_BRACKET,138.75,8.001990000000319,0.777,8.778990000000318,129.9710099999997,16
2025-11-07 15:27:00-05:00,2025-11-07 15:33:00-05:00,2025-11-07 15:33:00-05:00,LONG,-2.5451318178145224,185.745,185.782149,186.995,186.957601,107,2.0,1.25,214.0,133.75,0.625,183.745,186.995,TAKE_PROFIT_BRACKET,133.75,7.976635999999246,0.749,8.725635999999247,125.02436400000076,6
2025-11-10 10:06:00-05:00,2025-11-10 10:53:00-05:00,2025-11-10 11:00:00-05:00,SHORT,2.6364434772544523,195.68,195.64086400000002,194.43,194.468886,102,2.0,1.25,204.0,127.5,0.625,197.68,194.43,TAKE_PROFIT_BRACKET,127.5,7.958243999997535,0.714,8.672243999997535,118.82775600000247,54
2025-11-10 13:47:00-05:00,2025-11-10 13:59:00-05:00,2025-11-10 15:47:00-05:00,SHORT,2.8677755820367907,197.7,197.66046,199.7,199.73994,101,2.0,1.25,202.0,126.25,0.625,199.7,196.45,STOP,-202.0,8.027479999998945,0.707,8.734479999998946,-210.73447999999894,120
2025-11-11 10:43:00-05:00,2025-11-11 10:54:00-05:00,2025-11-11 10:53:00-05:00,SHORT,2.888837931120156,192.91,192.871418,191.66,191.698332,103,2.0,1.25,206.0,128.75,0.625,194.91,191.66,TAKE_PROFIT_BRACKET,128.75,7.9221419999987575,0.721,8.643141999998758,120.10685800000124,10
2025-11-11 11:48:00-05:00,2025-11-11 12:10:00-05:00,2025-11-11 12:53:00-05:00,LONG,-3.014446165446916,192.1699,192.20833398000002,193.4199,193.38121602,104,2.0,1.25,208.0,130.0,0.625,190.1699,193.4199,TAKE_PROFIT_BRACKET,130.0,8.020267840000997,0.728,8.748267840000997,121.25173215999901,65
2025-11-11 15:21:00-05:00,2025-11-11 15:46:00-05:00,2025-11-11 15:55:00-05:00,SHORT,2.535124782134441,194.1,194.06118,192.85,192.88857,103,2.0,1.25,206.0,128.75,0.625,196.1,192.85,TAKE_PROFIT_BRACKET,128.75,7.971169999997926,0.721,8.692169999997926,120.05783000000207,34
2025-11-12 11:56:00-05:00,2025-11-12 13:26:00-05:00,2025-11-12 13:40:00-05:00,LONG,-2.8717705184747926,191.91,191.94838199999998,193.16,193.121368,104,2.0,1.25,208.0,130.0,0.625,189.91,193.16,TAKE_PROFIT_BRACKET,130.0,8.00945599999909,0.728,8.73745599999909,121.26254400000091,104
2025-11-12 13:58:00-05:00,2025-11-12 14:13:00-05:00,2025-11-12 15:59:00-05:00,LONG,-2.551647218002238,192.465,192.503493,193.715,193.67625700000002,103,2.0,1.25,206.0,128.75,0.625,190.465,193.715,TAKE_PROFIT_BRACKET,128.75,7.95530799999699,0.721,8.67630799999699,120.073692000003,121
2025-11-13 10:47:00-05:00,2025-11-13 11:16:00-05:00,2025-11-13 11:07:00-05:00,SHORT,2.646901479936849,186.78,186.742644,185.53,185.567106,107,2.0,1.25,214.0,133.75,0.625,188.78,185.53,TAKE_PROFIT_BRACKET,133.75,7.96743399999815,0.749,8.71643399999815,125.03356600000185,20
2025-11-13 11:45:00-05:00,2025-11-13 11:58:00-05:00,2025-11-13 13:28:00-05:00,SHORT,2.6588520091484176,185.82,185.782836,184.57,184.606914,107,2.0,1.25,214.0,133.75,0.625,187.82,184.57,TAKE_PROFIT_BRACKET,133.75,7.926345999998489,0.749,8.67534599999849,125.07465400000152,103
2025-11-13 14:39:00-05:00,2025-11-13 15:17:00-05:00,2025-11-13 15:59:00-05:00,SHORT,3.2524184203336177,185.9825,185.9453035,186.9637,187.00109274,107,2.0,1.25,214.0,133.75,0.625,187.9825,184.7325,FORCED_EOD,-104.98840000000013,7.981048679999418,0.749,8.730048679999419,-113.71844867999954,80
2025-11-14 12:10:00-05:00,2025-11-14 12:27:00-05:00,2025-11-14 15:59:00-05:00,LONG,-2.552191718555941,189.87,189.907974,190.28,190.24194400000002,105,2.0,1.25,210.0,131.25,0.625,187.87,191.12,FORCED_EOD,43.04999999999964,7.983149999997323,0.735,8.718149999997323,34.33185000000232,229
2025-11-17 11:13:00-05:00,2025-11-17 11:29:00-05:00,2025-11-17 14:03:00-05:00,SHORT,2.669401379857895,186.46,186.422708,185.21,185.247042,107,2.0,1.25,214.0,133.75,0.625,188.46,185.21,TAKE_PROFIT_BRACKET,133.75,7.9537379999992766,0.749,8.702737999999277,125.04726200000073,170
2025-11-17 14:47:00-05:00,2025-11-17 15:19:00-05:00,2025-11-17 15:59:00-05:00,SHORT,2.550150295613117,184.82,184.783036,186.59,186.627318,108,2.0,1.25,216.0,135.0,0.625,186.82,183.57,FORCED_EOD,-191.1600000000011,8.022455999998101,0.756,8.778455999998101,-199.9384559999992,72
2025-11-18 10:04:00-05:00,2025-11-18 11:08:00-05:00,2025-11-18 10:21:00-05:00,SHORT,2.977035229762909,180.365,180.32892700000002,182.365,182.401473,110,2.0,1.25,220.0,137.5,0.625,182.365,179.115,STOP,-220.0,7.98005999999873,0.77,8.75005999999873,-228.75005999999874,17
2025-11-18 11:21:00-05:00,2025-11-18 12:04:00-05:00,2025-11-18 11:37:00-05:00,LONG,-2.7139457672236733,182.24,182.27644800000002,183.49,183.453302,109,2.0,1.25,218.0,136.25,0.625,180.24,183.49,TAKE_PROFIT_BRACKET,136.25,7.972914000000912,0.763,8.735914000000912,127.51408599999908,16
2025-11-18 12:33:00-05:00,2025-11-18 12:39:00-05:00,2025-11-18 12:42:00-05:00,SHORT,3.2684689907150686,181.47,181.433706,183.47,183.50669399999998,110,2.0,1.25,220.0,137.5,0.625,183.47,180.22,STOP,-220.0,8.028679999997905,0.77,8.798679999997905,-228.79867999999792,9
2025-11-18 13:02:00-05:00,2025-11-18 13:48:00-05:00,2025-11-18 15:36:00-05:00,LONG,-2.586977344559421,184.2,184.23683999999997,182.2,182.16356,108,2.0,1.25,216.0,135.0,0.625,182.2,185.45,STOP,-216.0,7.914239999998131,0.756,8.670239999998131,-224.67023999999813,154
2025-11-19 10:57:00-05:00,2025-11-19 11:53:00-05:00,2025-11-19 11:36:00-05:00,SHORT,2.518239283275139,186.01,185.97279799999998,184.76,184.79695199999998,107,2.0,1.25,214.0,133.75,0.625,188.01,184.76,TAKE_PROFIT_BRACKET,133.75,7.934477999999245,0.749,8.683477999999246,125.06652200000076,39
2025-11-19 12:00:00-05:00,2025-11-19 12:05:00-05:00,2025-11-19 12:37:00-05:00,LONG,-2.6746078599916694,185.14,185.17702799999998,183.14,183.10337199999998,108,2.0,1.25,216.0,135.0,0.625,183.14,186.39,STOP,-216.0,7.95484799999997,0.756,8.71084799999997,-224.71084799999997,37
2025-11-19 13:57:00-05:00,2025-11-19 14:12:00-05:00,2025-11-19 15:18:00-05:00,LONG,-2.602882987747066,185.5,185.5371,186.75,186.71265,107,2.0,1.25,214.0,133.75,0.625,183.5,186.75,TAKE_PROFIT_BRACKET,133.75,7.966150000001392,0.749,8.715150000001392,125.03484999999861,81
2025-11-19 15:19:00-05:00,2025-11-19 15:51:00-05:00,2025-11-19 15:59:00-05:00,LONG,-2.659584876096015,186.823,186.8603646,186.775,186.73764500000001,107,2.0,1.25,214.0,133.75,0.625,184.823,188.073,FORCED_EOD,-5.136000000000195,7.994997199997897,0.749,8.743997199997898,-13.879997199998092,40
2025-11-20 13:07:00-05:00,2025-11-20 13:39:00-05:00,2025-11-20 13:38:00-05:00,LONG,-2.697554894353204,185.04,185.07700799999998,183.04,183.003392,108,2.0,1.25,216.0,135.0,0.625,183.04,186.29,STOP,-216.0,7.950527999998599,0.756,8.706527999998599,-224.7065279999986,31
2025-11-20 15:36:00-05:00,2025-11-20 15:56:00-05:00,2025-11-20 15:46:00-05:00,SHORT,2.624792810381758,181.69,181.653662,180.44,180.476088,110,2.0,1.25,220.0,137.5,0.625,183.69,180.44,TAKE_PROFIT_BRACKET,137.5,7.966860000000793,0.77,8.736860000000792,128.7631399999992,10
2025-11-21 12:01:00-05:00,2025-11-21 12:37:00-05:00,2025-11-21 12:34:00-05:00,LONG,-2.8876119281256805,180.44,180.476088,181.69,181.653662,110,2.0,1.25,220.0,137.5,0.625,178.44,181.69,TAKE_PROFIT_BRACKET,137.5,7.966860000000793,0.77,8.736860000000792,128.7631399999992,33
2025-11-21 13:37:00-05:00,2025-11-21 13:49:00-05:00,2025-11-21 13:48:00-05:00,LONG,-2.803281371439676,180.22,180.256044,181.47,181.433706,110,2.0,1.25,220.0,137.5,0.625,178.22,181.47,TAKE_PROFIT_BRACKET,137.5,7.957180000000221,0.77,8.72718000000022,128.77281999999977,11
2025-11-21 14:13:00-05:00,2025-11-21 14:30:00-05:00,2025-11-21 14:24:00-05:00,LONG,-2.5412082972592014,182.63,182.666526,183.88,183.843224,109,2.0,1.25,218.0,136.25,0.625,180.63,183.88,TAKE_PROFIT_BRACKET,136.25,7.989918000001353,0.763,8.752918000001353,127.49708199999864,11
2025-11-24 11:09:00-05:00,2025-11-24 12:11:00-05:00,2025-11-24 11:23:00-05:00,SHORT,3.126077368410147,180.0841,180.04808318000002,182.0841,182.12051682,111,2.0,1.25,222.0,138.75,0.625,182.0841,178.8341,STOP,-222.0,8.040134039998406,0.777,8.817134039998406,-230.8171340399984,14
2025-11-24 12:58:00-05:00,2025-11-24 14:02:00-05:00,2025-11-24 15:59:00-05:00,LONG,-2.553376849535027,182.44,182.476488,182.55,182.51349000000002,109,2.0,1.25,218.0,136.25,0.625,180.44,183.69,FORCED_EOD,11.990000000001487,7.95678199999827,0.763,8.71978199999827,3.270218000003217,181
2025-11-25 10:03:00-05:00,2025-11-25 10:20:00-05:00,2025-11-25 10:20:00-05:00,LONG,-2.5594071746592952,170.3,170.33406,171.55,171.51569,117,2.0,1.25,234.0,146.25,0.625,168.3,171.55,TAKE_PROFIT_BRACKET,146.25,7.999289999998524,0.8190000000000001,8.818289999998525,137.4317100000015,17
2025-11-25 11:28:00-05:00,2025-11-25 12:02:00-05:00,2025-11-25 13:47:00-05:00,SHORT,2.6366317673037583,174.635,174.600073,176.635,176.670327,114,2.0,1.25,228.0,142.5,0.625,176.635,173.385,STOP,-228.0,8.008955999997397,0.798,8.806955999997397,-236.8069559999974,139
2025-11-25 14:04:00-05:00,2025-11-25 14:59:00-05:00,2025-11-25 14:40:00-05:00,LONG,-3.0251942697982366,175.73,175.765146,173.73,173.695254,113,2.0,1.25,226.0,141.25,0.625,173.73,176.98,STOP,-226.0,7.897795999997925,0.791,8.688795999997925,-234.68879599999792,36
2025-11-25 15:05:00-05:00,2025-11-25 15:56:00-05:00,2025-11-25 15:59:00-05:00,SHORT,2.5710221816509784,176.185,176.149763,177.79,177.825558,113,2.0,1.25,226.0,141.25,0.625,178.185,174.935,FORCED_EOD,-181.36499999999884,7.999835000000445,0.791,8.790835000000445,-190.15583499999929,54
2025-11-26 13:33:00-05:00,2025-11-26 13:59:00-05:00,2025-11-26 15:59:00-05:00,LONG,-2.7495839248320046,180.3,180.33606,180.175,180.138965,110,2.0,1.25,220.0,137.5,0.625,178.3,181.55,FORCED_EOD,-13.75,7.9304499999989275,0.77,8.700449999998927,-22.450449999998927,146
2025-11-28 12:22:00-05:00,2025-11-28 12:44:00-05:00,2025-11-28 12:59:00-05:00,SHORT,2.6083520141336893,177.275,177.23954500000002,176.99,177.025398,112,2.0,1.25,224.0,140.0,0.625,179.275,176.025,FORCED_EOD,31.919999999999618,7.935535999996773,0.784,8.719535999996774,23.200464000002846,37
2025-12-01 13:03:00-05:00,2025-12-01 13:39:00-05:00,2025-12-01 15:59:00-05:00,LONG,-2.7778917068458258,179.41,179.44588199999998,179.93,179.894014,111,2.0,1.25,222.0,138.75,0.625,177.41,180.66,FORCED_EOD,57.720000000001136,7.977347999999438,0.777,8.754347999999437,48.9656520000017,176
2025-12-02 10:11:00-05:00,2025-12-02 10:51:00-05:00,2025-12-02 11:09:00-05:00,LONG,-2.607268385961957,184.0618,184.09861236,182.0618,182.02538764000002,108,2.0,1.25,216.0,135.0,0.625,182.0618,185.3118,STOP,-216.0,7.908269759998348,0.756,8.664269759998348,-224.66426975999835,58
2025-12-02 13:58:00-05:00,2025-12-02 14:35:00-05:00,2025-12-02 15:59:00-05:00,LONG,-2.578113143091089,181.1,181.13621999999998,181.31,181.273738,110,2.0,1.25,220.0,137.5,0.625,179.1,182.35,FORCED_EOD,23.100000000000875,7.973019999997746,0.77,8.743019999997745,14.35698000000313,121
2025-12-03 10:04:00-05:00,2025-12-03 10:30:00-05:00,2025-12-03 15:34:00-05:00,SHORT,3.0991756563300816,180.92,180.883816,179.67,179.70593399999998,110,2.0,1.25,220.0,137.5,0.625,182.92,179.67,TAKE_PROFIT_BRACKET,137.5,7.932979999998793,0.77,8.702979999998792,128.7970200000012,330
2025-12-04 13:06:00-05:00,2025-12-04 13:25:00-05:00,2025-12-04 15:59:00-05:00,LONG,-2.616032305588674,183.13,183.16662599999998,183.4,183.36332000000002,109,2.0,1.25,218.0,136.25,0.625,181.13,184.38,FORCED_EOD,29.430000000001115,7.990353999997154,0.763,8.753353999997154,20.676646000003963,173
2025-12-05 13:51:00-05:00,2025-12-05 14:50:00-05:00,2025-12-05 15:59:00-05:00,LONG,-2.900484303289297,181.7845,181.8208569,182.35,182.31353,109,2.0,1.25,218.0,136.25,0.625,179.7845,183.0345,FORCED_EOD,61.63949999999846,7.938132099999507,0.763,8.701132099999507,52.93836789999896,128
2025-12-08 12:03:00-05:00,2025-12-08 12:09:00-05:00,2025-12-08 12:56:00-05:00,LONG,-2.504992822430818,183.01,183.04660199999998,184.26,184.223148,109,2.0,1.25,218.0,136.25,0.625,181.01,184.26,TAKE_PROFIT_BRACKET,136.25,8.006485999996698,0.763,8.769485999996698,127.4805140000033,53
2025-12-08 12:57:00-05:00,2025-12-08 13:33:00-05:00,2025-12-08 13:00:00-05:00,SHORT,5.910042741795057,184.575,184.538085,186.575,186.612315,108,2.0,1.25,216.0,135.0,0.625,186.575,183.325,STOP,-216.0,8.016840000000002,0.756,8.772840000000002,-224.77284,3
2025-12-08 15:54:00-05:00,2025-12-08 15:56:00-05:00,2025-12-08 15:59:00-05:00,SHORT,2.693174756023056,185.1001,185.06307998,185.58,185.617116,108,2.0,1.25,216.0,135.0,0.625,187.1001,183.8501,FORCED_EOD,-51.829200000001606,8.006690159999721,0.756,8.762690159999721,-60.59189016000133,5
2025-12-09 10:52:00-05:00,2025-12-09 11:13:00-05:00,2025-12-09 15:01:00-05:00,SHORT,2.5218592983089803,185.3,185.26294000000001,184.05,184.08681,107,2.0,1.25,214.0,133.75,0.625,187.3,184.05,TAKE_PROFIT_BRACKET,133.75,7.90408999999994,0.749,8.65308999999994,125.09691000000007,249
2025-12-09 15:51:00-05:00,2025-12-09 15:56:00-05:00,2025-12-09 15:59:00-05:00,SHORT,4.081067951785234,184.85,184.81303,184.97,185.006994,108,2.0,1.25,216.0,135.0,0.625,186.85,183.6,FORCED_EOD,-12.960000000000491,7.988111999998864,0.756,8.744111999998864,-21.704111999999355,8
2025-12-10 10:37:00-05:00,2025-12-10 11:19:00-05:00,2025-12-10 14:58:00-05:00,LONG,-2.93439135009782,183.09,183.126618,184.34,184.303132,109,2.0,1.25,218.0,136.25,0.625,181.09,184.34,TAKE_PROFIT_BRACKET,136.25,8.009974000000284,0.763,8.772974000000284,127.47702599999971,261
2025-12-10 14:59:00-05:00,2025-12-10 15:23:00-05:00,2025-12-10 15:59:00-05:00,SHORT,2.829123344138996,184.39,184.35312199999998,183.74,183.776748,108,2.0,1.25,216.0,135.0,0.625,186.39,183.14,FORCED_EOD,70.19999999999754,7.9516079999989415,0.756,8.707607999998942,61.4923919999986,60
2025-12-11 11:42:00-05:00,2025-12-11 14:55:00-05:00,2025-12-11 13:26:00-05:00,SHORT,2.5735947821778087,177.696,177.6604608,179.696,179.7319392,112,2.0,1.25,224.0,140.0,0.625,179.696,176.446,STOP,-224.0,8.005580799998825,0.784,8.789580799998825,-232.78958079999882,104
2025-12-11 15:15:00-05:00,2025-12-11 15:51:00-05:00,2025-12-11 15:59:00-05:00,LONG,-3.1295832870387152,180.03,180.066006,181.28,181.243744,111,2.0,1.25,222.0,138.75,0.625,178.03,181.28,TAKE_PROFIT_BRACKET,138.75,8.021081999999438,0.777,8.798081999999438,129.95191800000057,44
2025-12-12 10:59:00-05:00,2025-12-12 11:53:00-05:00,2025-12-12 11:37:00-05:00,LONG,-4.398616807601901,177.63,177.665526,175.63,175.594874,112,2.0,1.25,224.0,140.0,0.625,175.63,178.88,STOP,-224.0,7.913023999999496,0.784,8.697023999999496,-232.6970239999995,38
2025-12-12 12:03:00-05:00,2025-12-12 13:01:00-05:00,2025-12-12 15:38:00-05:00,SHORT,3.106868210337144,176.62,176.584676,175.37,175.405074,113,2.0,1.25,226.0,141.25,0.625,178.62,175.37,TAKE_PROFIT_BRACKET,141.25,7.9549740000013,0.791,8.7459740000013,132.5040259999987,215
2025-12-12 15:49:00-05:00,2025-12-12 15:56:00-05:00,2025-12-12 15:59:00-05:00,LONG,-2.532243987365055,175.175,175.210035,174.99,174.955002,114,2.0,1.25,228.0,142.5,0.625,173.175,176.425,FORCED_EOD,-21.09000000000026,7.9837619999994445,0.798,8.781761999999445,-29.871761999999705,10
2025-12-15 11:46:00-05:00,2025-12-15 12:26:00-05:00,2025-12-15 14:46:00-05:00,SHORT,2.622160179502805,177.595,177.559481,176.345,176.380269,112,2.0,1.25,224.0,140.0,0.625,179.595,176.345,TAKE_PROFIT_BRACKET,140.0,7.928255999999237,0.784,8.712255999999238,131.28774400000077,180
2025-12-16 12:38:00-05:00,2025-12-16 13:23:00-05:00,2025-12-16 15:59:00-05:00,SHORT,2.7682602946131434,176.7416,176.70625168,177.515,177.550503,113,2.0,1.25,226.0,141.25,0.625,178.7416,175.4916,FORCED_EOD,-87.39419999999785,8.006199160000307,0.791,8.797199160000307,-96.19139915999816,201
2025-12-17 10:58:00-05:00,2025-12-17 11:53:00-05:00,2025-12-17 13:06:00-05:00,LONG,-3.9286489809029113,171.325,171.359265,172.575,172.540485,116,2.0,1.25,232.0,145.0,0.625,169.325,172.575,TAKE_PROFIT_BRACKET,145.0,7.978480000000445,0.812,8.790480000000445,136.20951999999954,128
2025-12-17 14:19:00-05:00,2025-12-17 14:53:00-05:00,2025-12-17 15:59:00-05:00,LONG,-2.506221411611377,171.035,171.069207,170.92,170.88581599999998,116,2.0,1.25,232.0,145.0,0.625,169.035,172.285,FORCED_EOD,-13.340000000001055,7.933356000002277,0.812,8.745356000002277,-22.08535600000333,100
2025-12-18 11:08:00-05:00,2025-12-18 11:40:00-05:00,2025-12-18 15:59:00-05:00,LONG,-2.912170760162524,175.3,175.33506,173.3,173.26534,114,2.0,1.25,228.0,142.5,0.625,173.3,176.55,STOP,-228.0,7.948079999998811,0.798,8.74607999999881,-236.7460799999988,291
2025-12-19 11:40:00-05:00,2025-12-19 12:28:00-05:00,2025-12-19 15:59:00-05:00,SHORT,2.8417917544954823,180.035,179.998993,180.99,181.026198,111,2.0,1.25,222.0,138.75,0.625,182.035,178.785,FORCED_EOD,-106.00500000000139,8.014754999996484,0.777,8.791754999996483,-114.79675499999787,259
2025-12-22 10:57:00-05:00,2025-12-22 11:05:00-05:00,2025-12-22 15:59:00-05:00,SHORT,2.556810412001887,183.8601,183.82332798,183.6,183.63672,108,2.0,1.25,216.0,135.0,0.625,185.8601,182.6101,FORCED_EOD,28.090799999999376,7.937138160000359,0.756,8.693138160000359,19.397661839999017,302
2025-12-23 10:07:00-05:00,2025-12-23 11:04:00-05:00,2025-12-23 10:56:00-05:00,SHORT,2.677494153893239,184.125,184.088175,186.125,186.162225,108,2.0,1.25,216.0,135.0,0.625,186.125,182.875,STOP,-216.0,7.9973999999999705,0.756,8.75339999999997,-224.75339999999997,49
2025-12-23 11:25:00-05:00,2025-12-23 11:40:00-05:00,2025-12-23 15:59:00-05:00,SHORT,2.51361476318085,187.525,187.48749500000002,189.22,189.257844,106,2.0,1.25,212.0,132.5,0.625,189.525,186.275,FORCED_EOD,-179.66999999999928,7.986993999998788,0.742,8.728993999998789,-188.39899399999805,274
2025-12-24 10:25:00-05:00,2025-12-24 10:50:00-05:00,2025-12-24 11:31:00-05:00,LONG,-2.8460725317492934,186.86,186.89737200000002,188.11,188.07237800000001,107,2.0,1.25,214.0,133.75,0.625,184.86,188.11,TAKE_PROFIT_BRACKET,133.75,8.024358000000404,0.749,8.773358000000405,124.9766419999996,66
2025-12-24 12:49:00-05:00,2025-12-24 12:59:00-05:00,2025-12-24 12:59:00-05:00,SHORT,2.6261218433016515,188.39,188.352322,188.62,188.657724,106,2.0,1.25,212.0,132.5,0.625,190.39,187.14,FORCED_EOD,-24.380000000001928,7.992611999999667,0.742,8.734611999999668,-33.1146120000016,10
2025-12-26 10:12:00-05:00,2025-12-26 10:27:00-05:00,2025-12-26 10:28:00-05:00,LONG,-2.5472364879931204,190.36,190.398072,191.61,191.57167800000002,105,2.0,1.25,210.0,131.25,0.625,188.36,191.61,TAKE_PROFIT_BRACKET,131.25,8.021369999999308,0.735,8.756369999999308,122.49363000000069,16
2025-12-26 12:58:00-05:00,2025-12-26 14:31:00-05:00,2025-12-26 15:59:00-05:00,SHORT,2.639484543908758,191.18,191.14176400000002,189.93,189.967986,104,2.0,1.25,208.0,130.0,0.625,193.18,189.93,TAKE_PROFIT_BRACKET,130.0,7.927087999997184,0.728,8.655087999997184,121.34491200000282,181
2025-12-29 12:47:00-05:00,2025-12-29 13:01:00-05:00,2025-12-29 15:58:00-05:00,LONG,-2.5555192710885244,187.1,187.13742,188.35,188.31233,106,2.0,1.25,212.0,132.5,0.625,185.1,188.35,TAKE_PROFIT_BRACKET,132.5,7.95953999999881,0.742,8.701539999998811,123.79846000000119,191
2025-12-30 14:05:00-05:00,2025-12-30 14:08:00-05:00,2025-12-30 15:59:00-05:00,SHORT,3.147235466058273,188.07,188.032386,187.55,187.58751,106,2.0,1.25,212.0,132.5,0.625,190.07,186.82,FORCED_EOD,55.11999999999807,7.963143999998749,0.742,8.70514399999875,46.41485599999932,114
2025-12-31 11:30:00-05:00,2025-12-31 11:36:00-05:00,2025-12-31 15:55:00-05:00,LONG,-2.6690646323778813,188.85,188.88777,186.85,186.81262999999998,105,2.0,1.25,210.0,131.25,0.625,186.85,190.1,STOP,-210.0,7.889700000000488,0.735,8.624700000000487,-218.62470000000047,265
2026-01-02 10:58:00-05:00,2026-01-02 11:30:00-05:00,2026-01-02 15:59:00-05:00,LONG,-2.8648440145044733,189.26,189.29785199999998,188.8099,188.77213802,105,2.0,1.25,210.0,131.25,0.625,187.26,190.51,FORCED_EOD,-47.260499999999155,7.939467899998505,0.735,8.674467899998504,-55.93496789999766,301
2026-01-05 11:01:00-05:00,2026-01-05 11:23:00-05:00,2026-01-05 12:01:00-05:00,SHORT,2.5081956658052187,190.12,190.081976,188.87,188.907774,105,2.0,1.25,210.0,131.25,0.625,192.12,188.87,TAKE_PROFIT_BRACKET,131.25,7.958789999999141,0.735,8.69378999999914,122.55621000000086,60
2026-01-05 14:01:00-05:00,2026-01-05 14:41:00-05:00,2026-01-05 15:59:00-05:00,LONG,-2.505691745392218,187.3739,187.41137478,188.11,188.07237800000001,106,2.0,1.25,212.0,132.5,0.625,185.3739,188.6239,FORCED_EOD,78.0266000000023,7.9602586799995265,0.742,8.702258679999527,69.32434132000277,118
2026-01-06 13:35:00-05:00,2026-01-06 13:54:00-05:00,2026-01-06 15:59:00-05:00,LONG,-2.5064572701502086,187.55,187.58751,187.27,187.232546,106,2.0,1.25,212.0,132.5,0.625,185.55,188.8,FORCED_EOD,-29.68000000000012,7.946183999999391,0.742,8.688183999999392,-38.368183999999516,144
2026-01-07 10:39:00-05:00,2026-01-07 11:16:00-05:00,2026-01-07 10:48:00-05:00,LONG,-3.0673896028677774,189.01,189.047802,190.26,190.221948,105,2.0,1.25,210.0,131.25,0.625,187.01,190.26,TAKE_PROFIT_BRACKET,131.25,7.9646699999992165,0.735,8.699669999999216,122.55033000000078,9
2026-01-07 14:27:00-05:00,2026-01-07 14:35:00-05:00,2026-01-07 15:59:00-05:00,LONG,-2.510533374744285,189.245,189.282849,189.24,189.202152,105,2.0,1.25,210.0,131.25,0.625,187.245,190.495,FORCED_EOD,-0.5249999999995225,7.948184999999057,0.735,8.683184999999057,-9.20818499999858,92
2026-01-08 12:03:00-05:00,2026-01-08 12:20:00-05:00,2026-01-08 15:59:00-05:00,LONG,-2.508427557492339,184.381,184.4178762,185.09,185.05298200000001,108,2.0,1.25,216.0,135.0,0.625,182.381,185.631,FORCED_EOD,76.57200000000034,7.980573599998252,0.756,8.736573599998252,67.83542640000209,236
2026-01-09 12:16:00-05:00,2026-01-09 12:48:00-05:00,2026-01-09 14:10:00-05:00,LONG,-2.662249959857254,184.98,185.01699599999998,186.23,186.192754,108,2.0,1.25,216.0,135.0,0.625,182.98,186.23,TAKE_PROFIT_BRACKET,135.0,8.01813599999673,0.756,8.77413599999673,126.22586400000327,114
2026-01-09 15:31:00-05:00,2026-01-09 15:56:00-05:00,2026-01-09 15:59:00-05:00,LONG,-2.886896562781436,185.455,185.49209100000002,184.85,184.81303,107,2.0,1.25,214.0,133.75,0.625,183.455,186.705,FORCED_EOD,-64.73500000000195,7.92452700000004,0.749,8.67352700000004,-73.40852700000198,28
2026-01-12 12:11:00-05:00,2026-01-12 12:48:00-05:00,2026-01-12 15:59:00-05:00,SHORT,2.553962698345303,185.795,185.75784099999998,184.545,184.581909,107,2.0,1.25,214.0,133.75,0.625,187.795,184.545,TAKE_PROFIT_BRACKET,133.75,7.92527600000119,0.749,8.674276000001191,125.07572399999881,228
2026-01-13 11:01:00-05:00,2026-01-13 12:14:00-05:00,2026-01-13 11:46:00-05:00,SHORT,2.5862796538106565,184.925,184.88801500000002,186.925,186.962385,108,2.0,1.25,216.0,135.0,0.625,186.925,183.675,STOP,-216.0,8.031959999998662,0.756,8.787959999998662,-224.78795999999866,45
2026-01-13 14:34:00-05:00,2026-01-13 15:07:00-05:00,2026-01-13 15:59:00-05:00,LONG,-3.2380839595487374,184.47,184.506894,185.72,185.68285600000002,108,2.0,1.25,216.0,135.0,0.625,182.47,185.72,TAKE_PROFIT_BRACKET,135.0,7.9961039999971035,0.756,8.752103999997104,126.2478960000029,85
2026-01-14 15:00:00-05:00,2026-01-14 15:04:00-05:00,2026-01-14 15:08:00-05:00,LONG,-4.915691966117694,181.36,181.396272,182.61,182.57347800000002,110,2.0,1.25,220.0,137.5,0.625,179.36,182.61,TAKE_PROFIT_BRACKET,137.5,8.007339999998635,0.77,8.777339999998635,128.72266000000135,8
2026-01-15 11:45:00-05:00,2026-01-15 12:35:00-05:00,2026-01-15 15:50:00-05:00,SHORT,2.5300681981572204,188.145,188.107371,186.895,186.932379,106,2.0,1.25,212.0,132.5,0.625,190.145,186.895,TAKE_PROFIT_BRACKET,132.5,7.950847999999667,0.742,8.692847999999668,123.80715200000033,245
2026-01-16 10:02:00-05:00,2026-01-16 11:11:00-05:00,2026-01-16 15:56:00-05:00,LONG,-2.578084668120425,188.48,188.51769599999997,186.48,186.442704,106,2.0,1.25,212.0,132.5,0.625,186.48,189.73,STOP,-212.0,7.949151999997923,0.742,8.691151999997924,-220.6911519999979,354
2026-01-20 10:09:00-05:00,2026-01-20 10:22:00-05:00,2026-01-20 13:32:00-05:00,SHORT,2.5605710170909544,180.46,180.423908,179.21,179.245842,110,2.0,1.25,220.0,137.5,0.625,182.46,179.21,TAKE_PROFIT_BRACKET,137.5,7.9127399999998715,0.77,8.682739999999871,128.81726000000012,203
2026-01-20 15:18:00-05:00,2026-01-20 15:50:00-05:00,2026-01-20 15:59:00-05:00,LONG,-3.484145372097609,178.71,178.745742,178.21,178.174358,111,2.0,1.25,222.0,138.75,0.625,176.71,179.96,FORCED_EOD,-55.5,7.923623999999421,0.777,8.70062399999942,-64.20062399999942,41
2026-01-21 10:56:00-05:00,2026-01-21 12:24:00-05:00,2026-01-21 11:37:00-05:00,SHORT,2.8186692779813995,183.1,183.06338,181.85,181.88637,109,2.0,1.25,218.0,136.25,0.625,185.1,181.85,TAKE_PROFIT_BRACKET,136.25,7.955910000000472,0.763,8.718910000000472,127.53108999999952,41
2026-01-21 14:30:00-05:00,2026-01-21 15:17:00-05:00,2026-01-21 14:43:00-05:00,LONG,-2.662409163589269,182.98,183.016596,184.23,184.193154,109,2.0,1.25,218.0,136.25,0.625,180.98,184.23,TAKE_PROFIT_BRACKET,136.25,8.005178,0.763,8.768178,127.481822,13
2026-01-21 15:32:00-05:00,2026-01-21 15:56:00-05:00,2026-01-21 15:59:00-05:00,SHORT,2.676554237533581,184.035,183.99819300000001,183.34,183.376668,108,2.0,1.25,216.0,135.0,0.625,186.035,182.785,FORCED_EOD,75.05999999999926,7.935299999997142,0.756,8.691299999997142,66.36870000000212,27
2026-01-22 12:04:00-05:00,2026-01-22 13:09:00-05:00,2026-01-22 15:59:00-05:00,LONG,-2.56557594669575,185.53,185.567106,184.85,184.81303,107,2.0,1.25,214.0,133.75,0.625,183.53,186.78,FORCED_EOD,-72.76000000000073,7.926131999999029,0.749,8.67513199999903,-81.43513199999975,235
2026-01-23 13:46:00-05:00,2026-01-23 14:16:00-05:00,2026-01-23 15:59:00-05:00,SHORT,2.50317054009628,187.985,187.947403,187.67,187.70753399999998,106,2.0,1.25,212.0,132.5,0.625,189.985,186.735,FORCED_EOD,33.39000000000277,7.9638859999998886,0.742,8.70588599999989,24.684114000002882,133
2026-01-26 11:01:00-05:00,2026-01-26 11:13:00-05:00,2026-01-26 15:59:00-05:00,LONG,-5.284894419995884,186.45,186.48728999999997,186.38,186.342724,107,2.0,1.25,214.0,133.75,0.625,184.45,187.7,FORCED_EOD,-7.48999999999927,7.978561999997424,0.749,8.727561999997425,-16.217561999996697,298
2026-01-27 10:06:00-05:00,2026-01-27 10:48:00-05:00,2026-01-27 15:59:00-05:00,SHORT,2.810712250386832,188.06,188.022388,188.533,188.5707066,106,2.0,1.25,212.0,132.5,0.625,190.06,186.81,FORCED_EOD,-50.137999999998385,7.983771600000296,0.742,8.725771600000297,-58.863771599998685,353
2026-01-28 11:17:00-05:00,2026-01-28 11:40:00-05:00,2026-01-28 11:44:00-05:00,SHORT,2.6472869237726755,191.805,191.766639,190.555,190.593111,104,2.0,1.25,208.0,130.0,0.625,193.805,190.555,TAKE_PROFIT_BRACKET,130.0,7.953087999999525,0.728,8.681087999999525,121.31891200000048,27
2026-01-28 14:04:00-05:00,2026-01-28 14:12:00-05:00,2026-01-28 15:59:00-05:00,SHORT,2.703717288133932,191.75,191.71165,191.53,191.568306,104,2.0,1.25,208.0,130.0,0.625,193.75,190.5,FORCED_EOD,22.87999999999988,7.972224000001461,0.728,8.70022400000146,14.179775999998421,115
2026-01-29 12:17:00-05:00,2026-01-29 13:23:00-05:00,2026-01-29 15:13:00-05:00,SHORT,2.5726592131815,189.06,189.022188,191.06,191.098212,105,2.0,1.25,210.0,131.25,0.625,191.06,187.81,STOP,-210.0,7.982519999998914,0.735,8.717519999998913,-218.7175199999989,176
2026-01-30 10:19:00-05:00,2026-01-30 10:27:00-05:00,2026-01-30 10:28:00-05:00,SHORT,2.518671167745709,193.1294,193.09077412000002,191.8794,191.91777588,103,2.0,1.25,206.0,128.75,0.625,195.1294,191.8794,TAKE_PROFIT_BRACKET,128.75,7.931181279997247,0.721,8.652181279997247,120.09781872000275,9
2026-01-30 10:48:00-05:00,2026-01-30 11:05:00-05:00,2026-01-30 11:16:00-05:00,SHORT,2.7419868004122723,194.055,194.016189,192.805,192.843561,103,2.0,1.25,206.0,128.75,0.625,196.055,192.805,TAKE_PROFIT_BRACKET,128.75,7.969315999999679,0.721,8.69031599999968,120.05968400000032,28
2026-01-30 15:18:00-05:00,2026-01-30 15:42:00-05:00,2026-01-30 15:50:00-05:00,LONG,-2.6770463458291665,189.98,190.01799599999998,191.23,191.191754,105,2.0,1.25,210.0,131.25,0.625,187.98,191.23,TAKE_PROFIT_BRACKET,131.25,8.005409999997823,0.735,8.740409999997823,122.50959000000218,32
2026-02-02 10:14:00-05:00,2026-02-02 10:57:00-05:00,2026-02-02 15:00:00-05:00,SHORT,2.5226657031265707,188.555,188.517289,187.305,187.34246100000001,106,2.0,1.25,212.0,132.5,0.625,190.555,187.305,TAKE_PROFIT_BRACKET,132.5,7.968232000000967,0.742,8.710232000000968,123.78976799999903,286
2026-02-03 14:03:00-05:00,2026-02-03 14:12:00-05:00,2026-02-03 14:19:00-05:00,LONG,-2.554868178634103,178.19,178.225638,179.44,179.404112,112,2.0,1.25,224.0,140.0,0.625,176.19,179.44,TAKE_PROFIT_BRACKET,140.0,8.010912000000644,0.784,8.794912000000645,131.20508799999936,16
2026-02-03 14:44:00-05:00,2026-02-03 15:00:00-05:00,2026-02-03 15:18:00-05:00,LONG,-2.506287999425243,177.145,177.180429,178.395,178.35932100000002,112,2.0,1.25,224.0,140.0,0.625,175.145,178.395,TAKE_PROFIT_BRACKET,140.0,7.96409599999788,0.784,8.748095999997881,131.25190400000213,34
2026-02-04 11:05:00-05:00,2026-02-04 11:27:00-05:00,2026-02-04 12:37:00-05:00,LONG,-2.871031031817972,174.66,174.694932,172.66,172.625468,114,2.0,1.25,228.0,142.5,0.625,172.66,175.91,STOP,-228.0,7.918895999997972,0.798,8.716895999997972,-236.71689599999797,92
2026-02-04 13:27:00-05:00,2026-02-04 13:51:00-05:00,2026-02-04 15:00:00-05:00,SHORT,2.6593211432802044,174.14,174.10517199999998,176.14,176.17522799999998,114,2.0,1.25,228.0,142.5,0.625,176.14,172.89,STOP,-228.0,7.986383999999305,0.798,8.784383999999305,-236.7843839999993,93
2026-02-04 15:14:00-05:00,2026-02-04 15:23:00-05:00,2026-02-04 15:40:00-05:00,LONG,-2.714307317611844,174.39,174.42487799999998,175.64,175.604872,114,2.0,1.25,228.0,142.5,0.625,172.39,175.64,TAKE_PROFIT_BRACKET,142.5,7.9806839999974954,0.798,8.778683999997495,133.7213160000025,26
2026-02-05 11:30:00-05:00,2026-02-05 12:20:00-05:00,2026-02-05 14:01:00-05:00,SHORT,2.5151848118735667,174.27,174.23514600000001,173.02,173.054604,114,2.0,1.25,228.0,142.5,0.625,176.27,173.02,TAKE_PROFIT_BRACKET,142.5,7.9182119999996985,0.798,8.716211999999699,133.7837880000003,151
2026-02-06 14:19:00-05:00,2026-02-06 14:45:00-05:00,2026-02-06 15:09:00-05:00,LONG,-2.7726928158808963,184.185,184.221837,185.435,185.39791300000002,108,2.0,1.25,216.0,135.0,0.625,182.185,185.435,TAKE_PROFIT_BRACKET,135.0,7.983791999997493,0.756,8.739791999997493,126.2602080000025,50
2026-02-06 15:42:00-05:00,2026-02-06 15:56:00-05:00,2026-02-06 15:59:00-05:00,SHORT,2.6063931228659096,185.9101,185.87291798,185.41,185.447082,107,2.0,1.25,214.0,133.75,0.625,187.9101,184.6601,FORCED_EOD,53.510700000000355,7.946250139998597,0.749,8.695250139998597,44.815449860001756,17
2026-02-09 13:35:00-05:00,2026-02-09 14:41:00-05:00,2026-02-09 15:59:00-05:00,LONG,-2.585987772583277,190.955,190.993191,189.79,189.752042,104,2.0,1.25,208.0,130.0,0.625,188.955,192.205,FORCED_EOD,-121.16000000000213,7.919495999998617,0.728,8.647495999998617,-129.80749600000075,144
2026-02-10 12:04:00-05:00,2026-02-10 12:12:00-05:00,2026-02-10 15:59:00-05:00,SHORT,2.573660593853471,189.28,189.242144,188.61,188.64772200000002,105,2.0,1.25,210.0,131.25,0.625,191.28,188.03,FORCED_EOD,70.34999999999869,7.935690000000761,0.735,8.67069000000076,61.679309999997926,235
2026-02-11 10:13:00-05:00,2026-02-11 10:36:00-05:00,2026-02-11 10:55:00-05:00,SHORT,2.5455488703719094,189.922,189.8840156,191.922,191.96038439999998,105,2.0,1.25,210.0,131.25,0.625,191.922,188.672,STOP,-210.0,8.01872399999823,0.735,8.753723999998229,-218.75372399999821,42
2026-02-11 11:41:00-05:00,2026-02-11 11:51:00-05:00,2026-02-11 15:59:00-05:00,LONG,-2.696511757924409,191.3811,191.41937622,190.04,190.001992,104,2.0,1.25,208.0,130.0,0.625,189.3811,192.6311,FORCED_EOD,-139.4744000000012,7.933558879999055,0.728,8.661558879999054,-148.13595888000026,258
2026-02-12 10:51:00-05:00,2026-02-12 11:37:00-05:00,2026-02-12 11:14:00-05:00,SHORT,2.6807451680198486,190.1534,190.11536932,188.9034,188.94118068,105,2.0,1.25,210.0,131.25,0.625,192.1534,188.9034,TAKE_PROFIT_BRACKET,131.25,7.960192799998822,0.735,8.695192799998821,122.55480720000118,23
2026-02-12 12:58:00-05:00,2026-02-12 13:07:00-05:00,2026-02-12 14:55:00-05:00,SHORT,2.641028243171992,189.7101,189.67215798,188.4601,188.49779202000002,105,2.0,1.25,210.0,131.25,0.625,191.7101,188.4601,TAKE_PROFIT_BRACKET,131.25,7.941574200001185,0.735,8.676574200001184,122.57342579999882,117
2026-02-13 11:55:00-05:00,2026-02-13 12:30:00-05:00,2026-02-13 12:32:00-05:00,LONG,-2.683015315991731,183.6735,183.71023469999997,184.9235,184.88651529999999,108,2.0,1.25,216.0,135.0,0.625,181.6735,184.9235,TAKE_PROFIT_BRACKET,135.0,7.961695199998644,0.756,8.717695199998644,126.28230480000136,37
2026-02-13 13:38:00-05:00,2026-02-13 14:09:00-05:00,2026-02-13 14:56:00-05:00,SHORT,2.822555343753691,184.66,184.623068,183.41,183.44668199999998,108,2.0,1.25,216.0,135.0,0.625,186.66,183.41,TAKE_PROFIT_BRACKET,135.0,7.950311999999144,0.756,8.706311999999144,126.29368800000086,78
2026-02-17 10:52:00-05:00,2026-02-17 11:58:00-05:00,2026-02-17 11:07:00-05:00,SHORT,2.666193951734812,181.425,181.38871500000002,183.425,183.46168500000002,110,2.0,1.25,220.0,137.5,0.625,183.425,180.175,STOP,-220.0,8.026699999999778,0.77,8.796699999999777,-228.7966999999998,15
2026-02-17 12:19:00-05:00,2026-02-17 13:31:00-05:00,2026-02-17 14:27:00-05:00,SHORT,2.7995081551734984,184.39,184.35312199999998,186.39,186.42727799999997,108,2.0,1.25,216.0,135.0,0.625,186.39,183.14,STOP,-216.0,8.008847999998693,0.756,8.764847999998693,-224.7648479999987,128
2026-02-17 14:30:00-05:00,2026-02-17 14:49:00-05:00,2026-02-17 15:31:00-05:00,SHORT,2.751635555119236,186.42,186.382716,185.17,185.207034,107,2.0,1.25,214.0,133.75,0.625,188.42,185.17,TAKE_PROFIT_BRACKET,133.75,7.952026000000558,0.749,8.701026000000558,125.04897399999945,61
2026-02-17 15:55:00-05:00,2026-02-17 15:56:00-05:00,2026-02-17 15:59:00-05:00,LONG,-2.544984453711044,184.58,184.616916,185.0299,184.99289402,108,2.0,1.25,216.0,135.0,0.625,182.58,185.83,FORCED_EOD,48.589199999998414,7.983573839999394,0.756,8.739573839999395,39.84962615999902,4
2026-02-18 11:51:00-05:00,2026-02-18 12:23:00-05:00,2026-02-18 14:57:00-05:00,LONG,-2.553707601191748,189.075,189.11281499999998,187.075,187.03758499999998,105,2.0,1.25,210.0,131.25,0.625,187.075,190.325,STOP,-210.0,7.899150000000503,0.735,8.634150000000503,-218.6341500000005,186
2026-02-18 14:58:00-05:00,2026-02-18 15:31:00-05:00,2026-02-18 15:48:00-05:00,LONG,-2.5897855689449845,186.995,187.032399,188.245,188.20735100000002,106,2.0,1.25,212.0,132.5,0.625,184.995,188.245,TAKE_PROFIT_BRACKET,132.5,7.955087999998,0.742,8.697087999998,123.802912000002,50
2026-02-18 15:49:00-05:00,2026-02-18 15:56:00-05:00,2026-02-18 15:59:00-05:00,SHORT,2.5398121328179264,188.18,188.14236400000001,187.84,187.877568,106,2.0,1.25,212.0,132.5,0.625,190.18,186.93,FORCED_EOD,36.04000000000036,7.971623999998428,0.742,8.713623999998429,27.326376000001932,10
2026-02-19 11:07:00-05:00,2026-02-19 11:33:00-05:00,2026-02-19 15:59:00-05:00,LONG,-2.5668684923741942,187.03,187.067406,187.89,187.852422,106,2.0,1.25,212.0,132.5,0.625,185.03,188.28,FORCED_EOD,91.15999999999843,7.948304000000064,0.742,8.690304000000065,82.46969599999836,292
2026-02-20 10:45:00-05:00,2026-02-20 11:21:00-05:00,2026-02-20 12:24:00-05:00,SHORT,2.5495800271074,189.2,189.16216,187.95,187.98758999999998,105,2.0,1.25,210.0,131.25,0.625,191.2,187.95,TAKE_PROFIT_BRACKET,131.25,7.920149999998216,0.735,8.655149999998216,122.59485000000178,99
2026-02-20 12:25:00-05:00,2026-02-20 13:08:00-05:00,2026-02-20 13:31:00-05:00,LONG,-2.595614414155439,187.865,187.90257300000002,189.115,189.077177,106,2.0,1.25,212.0,132.5,0.625,185.865,189.115,TAKE_PROFIT_BRACKET,132.5,7.991976000001273,0.742,8.733976000001274,123.76602399999872,66
2026-02-20 13:32:00-05:00,2026-02-20 14:27:00-05:00,2026-02-20 15:59:00-05:00,SHORT,2.552853009239059,189.115,189.077177,189.81,189.847962,105,2.0,1.25,210.0,131.25,0.625,191.115,187.865,FORCED_EOD,-72.97499999999928,7.957424999999603,0.735,8.692424999999602,-81.66742499999889,147
