entry_mode,abs_threshold_usd,anchor_filter,trades,net_pnl,gross_pnl,costs,net_return_pct,net_sharpe,net_sortino,max_drawdown_pct,win_rate_pct,profit_factor,avg_net_trade,median_net_trade,avg_duration,long_net_pnl,short_net_pnl,eligible
z_or_abs,6.0,False,241,3925.0758886602434,6101.804300000014,2176.728411339771,3.9250758886602433,2.128025083918753,3.8716925949849474,1.2397303981199803,59.75103734439834,1.5939634823335407,16.286621944648314,12.278328560003287,32.04979253112033,3274.3840038401463,650.6918848200975,True
z_or_abs,7.5,False,220,3669.29053588025,5656.125800000036,1986.8352641197862,3.66929053588025,2.072110959362822,3.6957045215176083,1.2397303981199803,60.909090909090914,1.5849568517516668,16.678593344910226,15.139531500002912,34.22727272727273,3018.598651060153,650.6918848200975,True
z_only,,False,218,3379.037249380247,5347.718300000034,1968.6810506197871,3.379037249380247,1.9223100502006794,3.374724251906447,1.2397303981199803,60.550458715596335,1.5386847871600617,15.50017086871673,14.761814999999729,34.481651376146786,2728.3453645601494,650.6918848200975,True
z_or_abs,10.0,False,218,3379.037249380247,5347.718300000034,1968.6810506197871,3.379037249380247,1.9223100502006794,3.374724251906447,1.2397303981199803,60.550458715596335,1.5386847871600617,15.50017086871673,14.761814999999729,34.481651376146786,2728.3453645601494,650.6918848200975,True
z_or_abs,5.0,False,309,4474.520680400317,7268.635000000038,2794.114319599721,4.4745206804003175,1.7361335688347146,3.403229714283121,1.7734477005198714,57.92880258899677,1.5228469562296925,14.480649451133713,8.846555999999605,27.071197411003237,2200.925857400188,2273.594823000129,True
z_or_abs,4.0,False,469,2659.671854040471,6896.482800000042,4236.810945959571,2.6596718540404707,1.169780910066335,1.7261949651822925,2.771352800799708,51.59914712153518,1.231694885618829,5.670942119489277,1.9311999999990785,20.405117270788914,1599.6114108002619,1060.060443240211,True
z_or_abs,6.0,True,144,1607.8138069001552,2907.876900000013,1300.0630930998577,1.6078138069001553,1.1018374653024308,1.6906969864940435,1.4416595267199737,56.94444444444444,1.3290973056939552,11.165373659028855,5.49892250999831,31.4375,1815.063662180087,-207.24985527993198,True
z_or_abs,5.0,True,210,2362.1590687402295,4261.348100000038,1899.1890312598089,2.3621590687402296,1.0911596483069799,1.88508255727578,1.6739508345798824,56.19047619047619,1.3526841251088264,11.248376517810616,5.452629000000192,24.580952380952382,946.505985840129,1415.6530829001,True
z_or_abs,7.5,True,123,1352.0284541201622,2462.1984000000334,1110.1699458798712,1.3520284541201621,0.9915734378392931,1.456008511526301,1.4416595267199737,58.536585365853654,1.2971489047362663,10.99210125300945,12.278328560003287,35.22764227642276,1559.278309400094,-207.24985527993198,True
abs_only,5.0,True,93,1649.7691811200739,2493.257200000009,843.4880188799352,1.649769181120074,0.9565609182368284,1.9797870820440457,1.4710417104199587,53.76344086021505,1.7218158089523612,17.739453560430903,3.635972999999229,10.0,26.866242940042014,1622.9029381800317,True
abs_only,5.0,False,96,1441.644022020074,2312.5317000000055,870.8876779799314,1.4416440220200741,0.8342593650087984,1.7101914822764,1.6478827877799342,51.041666666666664,1.5941526070314662,15.017125229375772,0.7936728999979357,10.25,-181.25891615995775,1622.9029381800317,True
z_only,,True,121,1061.775167620159,2153.7909000000313,1092.0157323798724,1.061775167620159,0.7909904298191387,1.1342549732363907,1.4416595267199737,57.85123966942148,1.233357017874163,8.77500138529057,10.660102000001212,35.70247933884298,1269.0250229000906,-207.24985527993198,True
z_or_abs,10.0,True,121,1061.775167620159,2153.7909000000313,1092.0157323798724,1.061775167620159,0.7909904298191387,1.1342549732363907,1.4416595267199737,57.85123966942148,1.233357017874163,8.77500138529057,10.660102000001212,35.70247933884298,1269.0250229000906,-207.24985527993198,True
z_or_abs,4.0,True,363,851.6736168603759,4130.6369000000395,3278.963283139664,0.8516736168603758,0.43941580644916944,0.5795062088577566,2.627592221419822,49.586776859504134,1.0898044057564378,2.3462083109101264,-0.7358199799973715,17.669421487603305,670.1057757802046,181.56784108017263,True
abs_only,4.0,True,251,126.58362226022359,2394.5511000000097,2267.967477739786,0.1265836222602236,0.09144984192731022,0.11558846170635037,2.409876821519865,46.21513944223107,1.024098156377501,0.5043172201602534,-2.3108410000005435,9.306772908366534,-402.67317009987903,529.2567923601024,True
abs_only,4.0,False,265,-105.79841771976669,2289.192600000006,2394.991017719773,-0.10579841771976668,-0.06221178817633886,-0.07835585910652153,2.665371916099859,45.660377358490564,0.9808865880085417,-0.399239312150063,-2.3108410000005435,9.015094339622642,-630.7945075398792,524.9960898201124,True
z_or_abs,3.0,False,735,-2039.081365199323,4600.526800000034,6639.608165199357,-2.039081365199323,-0.7120166186579547,-0.9085033091965379,5.846633361339452,45.714285714285715,0.8961939305241281,-2.7742603608154055,-3.4959599999978153,16.574149659863945,-886.8578358596343,-1152.2235293396889,True
z_or_abs,3.0,True,610,-2456.4205164194245,3050.9157000000323,5507.336216419457,-2.456420516419424,-1.0147940048837072,-1.2296117520953387,4.745556051699518,44.75409836065574,0.8469613758421837,-4.0269188793761055,-3.6819859999997355,14.136065573770491,-1277.7610984596809,-1178.659417959745,True
abs_only,3.0,True,506,-4103.380807399582,465.3857999999979,4568.766607399581,-4.103380807399582,-2.0254848920215798,-2.3226995057368076,5.040453422059625,41.30434782608695,0.6781652646019971,-8.109448235967553,-4.792313620001093,9.539525691699605,-2594.663144399772,-1508.7176629998107,True
abs_only,3.0,False,545,-5486.015665419553,-561.4590999999991,4924.556565419554,-5.486015665419553,-2.47381428853024,-2.762818302010872,6.318992426919605,40.18348623853211,0.6258233657727448,-10.066083789760649,-5.551273400001106,9.939449541284404,-3215.1866656597704,-2270.8289997597835,True
z_or_abs,2.0,False,1535,-10997.209365538727,2885.54130000003,13882.750665538757,-10.997209365538726,-2.883001822115529,-3.3065546762795353,12.535798337559187,38.17589576547231,0.7048120980864321,-7.1643057755952615,-6.285048000000664,11.8371335504886,-5748.005522499318,-5249.203843039405,True
z_or_abs,2.0,True,1286,-11032.87651657892,587.7591000000157,11620.635616578935,-11.03287651657892,-3.368151521710666,-3.6266094628065386,11.826420248359296,37.791601866251945,0.6472432976366637,-8.57921968629776,-6.557211999999035,10.673405909797824,-5504.641659979434,-5528.234856599475,True
abs_only,2.0,False,1389,-13932.094323558902,-1366.2351999999998,12565.859123558903,-13.932094323558902,-3.9679958650127554,-4.284355880402751,14.525033609399005,35.63714902807775,0.5861301288647118,-10.030305488523327,-7.454500000000197,8.987041036717063,-7193.020749619419,-6739.073573939471,True
abs_only,2.0,True,1205,-13080.887559219043,-2191.0295000000096,10889.858059219034,-13.080887559219043,-4.267791329376963,-4.390979000461585,13.667764856519105,36.09958506224066,0.5484083623368795,-10.85550834789962,-7.415546720001231,8.809958506224067,-6726.101482099506,-6354.786077119528,True
z_or_abs,1.5,False,2395,-19816.457524677975,1835.1018000000258,21651.559324678,-19.816457524677975,-4.5434063844699155,-5.013738987829365,19.91861522567812,37.28601252609604,0.6302239438831563,-8.274094999865543,-6.93534141999905,9.777035490605428,-10626.615484078886,-9189.84204059905,True
z_or_abs,1.5,True,1975,-18415.37329751833,-581.6989999999928,17833.674297518337,-18.415373297518332,-4.960456104662657,-5.144551909101578,18.745468845878467,37.21518987341772,0.5837375983281398,-9.324239644313078,-6.8863290000020765,9.24607594936709,-10227.763933719114,-8187.6093637992035,True
abs_only,1.5,False,2278,-22229.37046655811,-1633.2649999999949,20596.105466558114,-22.22937046655811,-5.267041487329733,-5.651268690422746,22.331528167558282,36.08428446005268,0.565176835835459,-9.75828378689996,-7.488420999998892,8.364793678665496,-12112.791164598959,-10116.579301959116,True
abs_only,1.5,True,1914,-19719.053492918425,-2436.2658000000138,17282.787692918413,-19.719053492918427,-5.464526754623794,-5.5440964647171205,19.921039316998606,36.52037617554859,0.5382552049197893,-10.302535785223837,-7.3843228899999795,8.3239289446186,-11503.032891039154,-8216.020601879249,True
z_or_abs,1.0,True,3133,-27701.653136537316,562.7127000000273,28264.36583653734,-27.701653136537313,-6.493634366440701,-6.471514331973115,27.850085751637266,35.684647302904565,0.5619973564952424,-8.841893755677408,-7.233361280002329,8.02872646026173,-16020.953376058576,-11680.699760478745,True
z_or_abs,1.0,False,3855,-32594.009870056703,2219.461900000047,34813.47177005675,-32.5940098700567,-6.560412555190583,-6.754814919330016,32.74244248515656,35.61608300907912,0.584065632180204,-8.454996075241686,-7.4809559999977395,8.292607003891051,-17926.852956318227,-14667.156913738496,True
abs_only,1.0,True,3097,-28126.147109157388,-188.3005999999932,27937.846509157396,-28.12614710915739,-6.652977280420338,-6.57144671350923,28.274579724257347,35.48595414917662,0.5461245177079351,-9.081739460496411,-7.255737199995767,7.674200839522118,-16598.476213058602,-11527.670896098789,True
abs_only,1.0,False,3788,-34115.89174625679,90.84990000001744,34206.74164625681,-34.11589174625679,-6.976722053259913,-7.046856970430887,34.26432436135664,35.11087645195354,0.5551083892806642,-9.00630721918078,-7.5256126500003555,7.688753959873284,-18932.238923038232,-15183.652823218546,True
z_or_abs,0.75,False,4719,-39378.716838936045,3224.222699999942,42602.939538935985,-39.37871683893604,-7.421447844663794,-7.482355491816505,39.458496402935964,34.22335240517059,0.5710430046912669,-8.344716431221878,-7.533667999999722,7.624072896800169,-20857.195479357822,-18521.521359578153,True
z_or_abs,0.75,True,3808,-33619.373565856775,726.3816999999653,34345.755265856744,-33.619373565856776,-7.4720715919859835,-7.283075664680311,33.6991531298568,34.16491596638656,0.5482320912586225,-8.82861700784054,-7.501603489997588,7.447478991596639,-18916.364911558278,-14703.008654298475,True
abs_only,0.75,True,3783,-34353.186994016825,-234.00670000005994,34119.18029401677,-34.35318699401682,-7.707974981487576,-7.435503832315787,34.43296655801685,33.96775046259582,0.5342684829571394,-9.080937614067361,-7.518129839998446,7.267776896642876,-19524.106724838268,-14829.080269178503,True
abs_only,0.75,False,4671,-41495.63778109611,674.2456999999213,42169.88348109603,-41.495637781096114,-7.957676946510474,-7.851627586700951,41.575417345096014,33.80432455576965,0.5457993284818704,-8.883673256496706,-7.569561999998337,7.29244273174909,-22282.342639677885,-19213.295141418188,True
z_or_abs,0.5,True,4490,-39040.90776051617,1455.813799999939,40496.72156051611,-39.04090776051618,-8.320953354718107,-7.928575228394856,39.12068732451612,33.897550111358576,0.5392686644992023,-8.695079679402266,-7.453874999998778,7.088864142538975,-20879.603091797966,-18161.304668718203,True
abs_only,0.5,True,4472,-39672.3203430762,660.7369999999273,40333.05734307613,-39.6723203430762,-8.530768111333586,-8.050679213234467,39.75209990707609,33.788014311270125,0.529211228025762,-8.871270201940117,-7.458662149998335,6.982110912343471,-21507.07571111798,-18165.244631958223,True
z_or_abs,0.5,False,5722,-47274.651866095155,4385.146099999943,51659.797966095095,-47.274651866095155,-8.761734975342485,-8.501469546105744,47.354431430095104,33.85180006990563,0.5601701996258525,-8.261910497395169,-7.501603489997588,7.155889549108704,-24236.758536517395,-23037.89332957777,True
z_or_abs,0.25,True,5164,-43825.90761280422,2770.102642999863,46596.01025580408,-43.82590761280422,-9.060424924309203,-8.491921992714257,43.98126619576427,33.694810224632064,0.538300182195403,-8.486814022618942,-7.4552643499975115,6.739155693261038,-22867.72191740628,-20958.185695397948,True
abs_only,0.5,False,5702,-48426.5078308752,3052.9333999999335,51479.441230875134,-48.426507830875195,-9.069978793299299,-8.690000357093917,48.50628739487523,33.654857944580854,0.548184683487,-8.492898602398316,-7.524029819999316,6.978428621536303,-25344.09841969743,-23082.409411177796,True
abs_only,0.25,True,5155,-44139.75043184425,2374.6572429998496,46514.4076748441,-44.13975043184425,-9.15254679292055,-8.55216441042858,44.29510901480433,33.6372453928225,0.5333518712119648,-8.56251220792323,-7.461404000000831,6.686905916585839,-23321.329594486295,-20818.420837357957,True
z_or_abs,0.25,False,6850,-58732.188644922775,3130.8406429998754,61863.02928792265,-58.73218864492278,-10.79497345688216,-9.642867783176063,58.887547227883076,33.18248175182482,0.5353445003194266,-8.57404213794493,-7.528586349996959,6.712846715328467,-29591.663723205438,-29140.52492171735,True
abs_only,0.25,False,6849,-58995.630990542806,2857.2337429998615,61852.864733542665,-58.9956309905428,-10.903083831037844,-9.698430207670409,59.15098957350312,33.128923930500804,0.5326026650742202,-8.613758357503695,-7.529339999995191,6.668272740546065,-30028.226148545444,-28967.404841997373,True
abs_only,7.5,False,3,635.5299105000034,662.8875000000023,27.35758949999888,0.6355299105000035,1.2789617033439216,0.0,0.1497826068600116,100.0,0.0,211.84330350000116,163.34843514000187,9.0,635.5299105000034,0.0,False
abs_only,7.5,True,3,635.5299105000034,662.8875000000023,27.35758949999888,0.6355299105000035,1.2789617033439216,0.0,0.1497826068600116,100.0,0.0,211.84330350000116,163.34843514000187,9.0,635.5299105000034,0.0,False
abs_only,6.0,False,25,631.8709152799976,858.0059999999826,226.135084719985,0.6318709152799975,1.013741206301954,3.117097524724659,0.5189926637399912,52.0,2.3511966009354963,25.274836611199902,0.8296399999990349,11.08,631.8709152799973,0.0,False
abs_only,6.0,True,25,631.8709152799976,858.0059999999826,226.135084719985,0.6318709152799975,1.013741206301954,3.117097524724659,0.5189926637399912,52.0,2.3511966009354963,25.274836611199902,0.8296399999990349,11.08,631.8709152799973,0.0,False
abs_only,10.0,False,0,0.0,0.0,0.0,0.0,0.0,0.0,0.0,0.0,0.0,0.0,0.0,0.0,0.0,0.0,False
abs_only,10.0,True,0,0.0,0.0,0.0,0.0,0.0,0.0,0.0,0.0,0.0,0.0,0.0,0.0,0.0,0.0,False
