signal_time,entry_time,exit_time,direction,entry_z,entry_reference,entry_price,exit_reference,exit_price,shares,stop_usd_per_share,target_usd_per_share,max_holding_bars,exit_reason,duration_bars,gross_pnl,slippage,commissions,costs,net_pnl
2025-08-22 10:00:00-04:00,2025-08-22 10:01:00-04:00,2025-08-22 10:08:00-04:00,LONG,-3.863034732279,175.720000000000,175.755144000000,176.970000000000,176.934606000000,113,5.250000000000,1.250000000000,,TAKE_PROFIT_BRACKET,7,141.250000000000,7.970794000000,0.791000000000,8.761794000000,132.488206000000
2025-08-22 12:56:00-04:00,2025-08-22 12:57:00-04:00,2025-08-22 15:59:00-04:00,SHORT,2.993342524573,176.970000000000,176.934606000000,178.020000000000,178.055604000000,113,5.250000000000,1.250000000000,,FORCED_EOD,182,-118.650000000001,8.022774000000,0.791000000000,8.813774000000,-127.463774000002
2025-08-25 11:02:00-04:00,2025-08-25 11:03:00-04:00,2025-08-25 15:59:00-04:00,SHORT,2.651240566701,180.290000000000,180.253942000000,179.040000000000,179.075808000000,110,5.250000000000,1.250000000000,,TAKE_PROFIT_BRACKET,296,137.500000000000,7.905260000000,0.770000000000,8.675260000000,128.824740000000
2025-08-26 13:35:00-04:00,2025-08-26 13:36:00-04:00,2025-08-26 15:59:00-04:00,SHORT,2.733864482390,181.600000000000,181.563680000000,181.700000000000,181.736340000000,110,5.250000000000,1.250000000000,,FORCED_EOD,143,-10.999999999999,7.992599999998,0.770000000000,8.762599999998,-19.762599999998
2025-08-27 12:20:00-04:00,2025-08-27 12:21:00-04:00,2025-08-27 15:59:00-04:00,LONG,-2.600094329726,181.594600000000,181.630918920000,181.600000000000,181.563680000000,110,5.250000000000,1.250000000000,,FORCED_EOD,218,0.593999999998,7.990281199997,0.770000000000,8.760281199997,-8.166281199999
2025-08-28 11:54:00-04:00,2025-08-28 11:55:00-04:00,2025-08-28 12:53:00-04:00,LONG,-2.614647432442,178.690000000000,178.725738000000,179.940000000000,179.904012000000,111,5.250000000000,1.250000000000,,TAKE_PROFIT_BRACKET,58,138.750000000000,7.961586000001,0.777000000000,8.738586000001,130.011413999999
2025-08-28 13:09:00-04:00,2025-08-28 13:10:00-04:00,2025-08-28 13:29:00-04:00,LONG,-2.541168056529,178.715000000000,178.750743000000,179.965000000000,179.929007000000,111,5.250000000000,1.250000000000,,TAKE_PROFIT_BRACKET,19,138.750000000000,7.962695999999,0.777000000000,8.739695999999,130.010304000001
2025-08-28 14:24:00-04:00,2025-08-28 14:25:00-04:00,2025-08-28 15:59:00-04:00,SHORT,3.256538897873,180.681700000000,180.645563660000,180.200000000000,180.236040000000,110,5.250000000000,1.250000000000,,FORCED_EOD,94,52.987000000002,7.939397399997,0.770000000000,8.709397399997,44.277602600005
2025-08-29 10:50:00-04:00,2025-08-29 10:51:00-04:00,2025-08-29 11:21:00-04:00,LONG,-2.609349533975,173.594200000000,173.628918840000,174.844200000000,174.809231160000,115,5.250000000000,1.250000000000,,TAKE_PROFIT_BRACKET,30,143.750000000000,8.014083199999,0.805000000000,8.819083199999,134.930916800001
2025-08-29 13:05:00-04:00,2025-08-29 13:06:00-04:00,2025-08-29 15:59:00-04:00,LONG,-3.242592883547,173.660000000000,173.694732000000,174.280000000000,174.245144000000,115,5.250000000000,1.250000000000,,FORCED_EOD,173,71.300000000001,8.002619999998,0.805000000000,8.807619999998,62.492380000003
2025-09-02 12:08:00-04:00,2025-09-02 12:09:00-04:00,2025-09-02 12:42:00-04:00,LONG,-2.571106391091,167.250000000000,167.283450000000,168.500000000000,168.466300000000,119,5.250000000000,1.250000000000,,TAKE_PROFIT_BRACKET,33,148.750000000000,7.990850000000,0.833000000000,8.823850000000,139.926150000000
2025-09-02 15:31:00-04:00,2025-09-02 15:32:00-04:00,2025-09-02 15:59:00-04:00,SHORT,2.681894521610,170.580100000000,170.545983980000,170.750000000000,170.784150000000,117,5.250000000000,1.250000000000,,FORCED_EOD,27,-19.878300000001,7.987124339998,0.819000000000,8.806124339998,-28.684424339999
2025-09-03 11:03:00-04:00,2025-09-03 11:04:00-04:00,2025-09-03 15:59:00-04:00,LONG,-2.531268352720,171.585000000000,171.619317000000,170.620000000000,170.585876000000,116,5.250000000000,1.250000000000,,FORCED_EOD,295,-111.940000000000,7.939155999998,0.812000000000,8.751155999998,-120.691155999998
2025-09-04 11:10:00-04:00,2025-09-04 11:11:00-04:00,2025-09-04 15:57:00-04:00,LONG,-2.773530641746,170.367700000000,170.401773540000,171.617700000000,171.583376460000,117,5.250000000000,1.250000000000,,TAKE_PROFIT_BRACKET,286,146.250000000000,8.002458360001,0.819000000000,8.821458360001,137.428541639999
2025-09-04 15:57:00-04:00,2025-09-04 15:58:00-04:00,2025-09-04 15:59:00-04:00,SHORT,3.892111705445,171.660000000000,171.625668000000,171.640000000000,171.674328000000,116,5.250000000000,1.250000000000,,FORCED_EOD,1,2.320000000001,7.964559999999,0.812000000000,8.776559999999,-6.456559999998
2025-09-05 13:37:00-04:00,2025-09-05 13:38:00-04:00,2025-09-05 15:59:00-04:00,LONG,-2.587045606241,166.131000000000,166.164226200000,167.040000000000,167.006592000000,120,5.250000000000,1.250000000000,,FORCED_EOD,141,109.079999999999,7.996104000001,0.840000000000,8.836104000001,100.243895999998
2025-09-08 11:48:00-04:00,2025-09-08 11:49:00-04:00,2025-09-08 15:59:00-04:00,LONG,-2.749611200612,169.360000000000,169.393872000000,168.370000000000,168.336326000000,118,5.250000000000,1.250000000000,,FORCED_EOD,250,-116.820000000001,7.970427999999,0.826000000000,8.796427999999,-125.616428000000
2025-09-09 10:50:00-04:00,2025-09-09 10:51:00-04:00,2025-09-09 11:53:00-04:00,LONG,-2.630493585498,166.850000000000,166.883370000000,168.100000000000,168.066380000000,119,5.250000000000,1.250000000000,,TAKE_PROFIT_BRACKET,62,148.750000000000,7.971809999997,0.833000000000,8.804809999997,139.945190000003
2025-09-09 12:56:00-04:00,2025-09-09 12:57:00-04:00,2025-09-09 15:17:00-04:00,LONG,-2.665653346628,168.345000000000,168.378669000000,169.595000000000,169.561081000000,118,5.250000000000,1.250000000000,,TAKE_PROFIT_BRACKET,140,147.500000000000,7.975384000000,0.826000000000,8.801384000000,138.698616000000
2025-09-10 11:40:00-04:00,2025-09-10 11:41:00-04:00,2025-09-10 15:59:00-04:00,LONG,-2.797479155479,178.125000000000,178.160625000000,177.300000000000,177.264540000000,112,5.250000000000,1.250000000000,,FORCED_EOD,258,-92.399999999999,7.961520000001,0.784000000000,8.745520000001,-101.145520000000
2025-09-11 12:24:00-04:00,2025-09-11 12:25:00-04:00,2025-09-11 15:59:00-04:00,LONG,-2.573517617287,177.458100000000,177.493591620000,177.090000000000,177.054582000000,112,5.250000000000,1.250000000000,,FORCED_EOD,214,-41.227200000000,7.941877439998,0.784000000000,8.725877439998,-49.953077439998
2025-09-12 11:29:00-04:00,2025-09-12 11:30:00-04:00,2025-09-12 15:59:00-04:00,LONG,-2.606041169795,177.665000000000,177.700533000000,177.790000000000,177.754442000000,112,5.250000000000,1.250000000000,,FORCED_EOD,269,14.000000000000,7.962192000000,0.784000000000,8.746192000000,5.253808000000
2025-09-15 11:13:00-04:00,2025-09-15 11:14:00-04:00,2025-09-15 15:59:00-04:00,SHORT,3.337176560493,175.815000000000,175.779837000000,177.790000000000,177.825558000000,113,5.250000000000,1.250000000000,,FORCED_EOD,285,-223.174999999999,7.991472999999,0.791000000000,8.782472999999,-231.957472999998
2025-09-16 11:03:00-04:00,2025-09-16 11:04:00-04:00,2025-09-16 15:59:00-04:00,LONG,-2.831134380488,176.060000000000,176.095212000000,174.860000000000,174.825028000000,113,5.250000000000,1.250000000000,,FORCED_EOD,295,-135.599999999999,7.930791999998,0.791000000000,8.721791999998,-144.321791999997
2025-09-17 11:16:00-04:00,2025-09-17 11:17:00-04:00,2025-09-17 12:03:00-04:00,SHORT,2.815047017445,170.605000000000,170.570879000000,169.355000000000,169.388871000000,117,5.250000000000,1.250000000000,,TAKE_PROFIT_BRACKET,46,146.250000000000,7.955064000000,0.819000000000,8.774064000000,137.475936000000
2025-09-17 13:42:00-04:00,2025-09-17 13:43:00-04:00,2025-09-17 14:11:00-04:00,SHORT,2.534101492195,171.048300000000,171.014090340000,169.798300000000,169.832259660000,116,5.250000000000,1.250000000000,,TAKE_PROFIT_BRACKET,28,145.000000000000,7.907641119998,0.812000000000,8.719641119998,136.280358880002
2025-09-17 14:13:00-04:00,2025-09-17 14:14:00-04:00,2025-09-17 15:02:00-04:00,LONG,-2.958208879492,169.130000000000,169.163826000000,170.380000000000,170.345924000000,118,5.250000000000,1.250000000000,,TAKE_PROFIT_BRACKET,48,147.500000000000,8.012436000000,0.826000000000,8.838436000000,138.661564000000
2025-09-18 11:52:00-04:00,2025-09-18 11:53:00-04:00,2025-09-18 15:59:00-04:00,SHORT,2.535455586206,175.520000000000,175.484896000000,174.270000000000,174.304854000000,113,5.250000000000,1.250000000000,,TAKE_PROFIT_BRACKET,246,141.250000000000,7.905253999998,0.791000000000,8.696253999998,132.553746000002
2025-09-19 13:27:00-04:00,2025-09-19 13:28:00-04:00,2025-09-19 15:59:00-04:00,SHORT,2.618369531707,175.750000000000,175.714850000000,176.510000000000,176.545302000000,113,5.250000000000,1.250000000000,,FORCED_EOD,151,-85.879999999999,7.961075999999,0.791000000000,8.752075999999,-94.632075999998
2025-09-22 11:34:00-04:00,2025-09-22 11:35:00-04:00,2025-09-22 12:16:00-04:00,SHORT,3.024191077017,175.530000000000,175.494894000000,180.780000000000,180.816156000000,113,5.250000000000,1.250000000000,,STOP,41,-593.250000000000,8.052605999999,0.791000000000,8.843605999999,-602.093605999999
2025-09-22 13:15:00-04:00,2025-09-22 13:16:00-04:00,2025-09-22 15:12:00-04:00,LONG,-2.680143971447,182.700000000000,182.736540000000,183.950000000000,183.913210000000,109,5.250000000000,1.250000000000,,TAKE_PROFIT_BRACKET,116,136.250000000000,7.992970000000,0.763000000000,8.755970000000,127.494030000000
2025-09-23 11:42:00-04:00,2025-09-23 11:43:00-04:00,2025-09-23 13:25:00-04:00,SHORT,2.639794072895,179.995000000000,179.959001000000,178.745000000000,178.780749000000,111,5.250000000000,1.250000000000,,TAKE_PROFIT_BRACKET,102,138.750000000000,7.964028000002,0.777000000000,8.741028000002,130.008971999998
2025-09-23 13:41:00-04:00,2025-09-23 13:42:00-04:00,2025-09-23 15:59:00-04:00,SHORT,2.957780326799,177.420000000000,177.384516000000,178.440000000000,178.475688000000,112,5.250000000000,1.250000000000,,FORCED_EOD,137,-114.240000000001,7.971263999999,0.784000000000,8.755263999999,-122.995264000000
2025-09-24 11:11:00-04:00,2025-09-24 11:12:00-04:00,2025-09-24 11:48:00-04:00,SHORT,2.614259096693,178.110000000000,178.074378000000,176.860000000000,176.895372000000,112,5.250000000000,1.250000000000,,TAKE_PROFIT_BRACKET,36,140.000000000000,7.951327999998,0.784000000000,8.735327999998,131.264672000002
2025-09-24 11:52:00-04:00,2025-09-24 11:53:00-04:00,2025-09-24 12:12:00-04:00,SHORT,2.684035488433,176.710000000000,176.674658000000,175.460000000000,175.495092000000,113,5.250000000000,1.250000000000,,TAKE_PROFIT_BRACKET,19,141.250000000000,7.959041999997,0.791000000000,8.750041999997,132.499958000003
2025-09-24 15:45:00-04:00,2025-09-24 15:46:00-04:00,2025-09-24 15:59:00-04:00,SHORT,2.507853509778,176.730000000000,176.694654000000,176.880000000000,176.915376000000,113,5.250000000000,1.250000000000,,FORCED_EOD,13,-16.950000000001,7.991585999999,0.791000000000,8.782585999999,-25.732585999999
2025-09-25 11:08:00-04:00,2025-09-25 11:09:00-04:00,2025-09-25 14:00:00-04:00,SHORT,2.904258044539,177.440100000000,177.404611980000,176.190100000000,176.225338020000,112,5.250000000000,1.250000000000,,TAKE_PROFIT_BRACKET,171,140.000000000000,7.921316480001,0.784000000000,8.705316480001,131.294683519999
2025-09-25 14:01:00-04:00,2025-09-25 14:02:00-04:00,2025-09-25 15:59:00-04:00,SHORT,2.668820401700,175.990000000000,175.954802000000,177.680000000000,177.715536000000,113,5.250000000000,1.250000000000,,FORCED_EOD,117,-190.970000000000,7.992942000002,0.791000000000,8.783942000002,-199.753942000002
2025-09-26 10:15:00-04:00,2025-09-26 10:16:00-04:00,2025-09-26 10:27:00-04:00,SHORT,2.550640906968,176.380000000000,176.344724000000,175.130000000000,175.165026000000,113,5.250000000000,1.250000000000,,TAKE_PROFIT_BRACKET,11,141.250000000000,7.944126000000,0.791000000000,8.735126000000,132.514874000000
2025-09-26 12:20:00-04:00,2025-09-26 12:21:00-04:00,2025-09-26 14:17:00-04:00,LONG,-3.248354564374,176.410000000000,176.445282000000,177.660000000000,177.624468000000,113,5.250000000000,1.250000000000,,TAKE_PROFIT_BRACKET,116,141.250000000000,8.001981999998,0.791000000000,8.792981999998,132.457018000002
2025-09-26 14:40:00-04:00,2025-09-26 14:41:00-04:00,2025-09-26 15:59:00-04:00,LONG,-2.787995299906,177.505000000000,177.540501000000,178.755000000000,178.719249000000,112,5.250000000000,1.250000000000,,TAKE_PROFIT_BRACKET,78,140.000000000000,7.980223999999,0.784000000000,8.764223999999,131.235776000001
2025-09-29 10:56:00-04:00,2025-09-29 10:57:00-04:00,2025-09-29 11:53:00-04:00,SHORT,2.524588635256,183.180000000000,183.143364000000,181.930000000000,181.966386000000,109,5.250000000000,1.250000000000,,TAKE_PROFIT_BRACKET,56,136.250000000000,7.959397999998,0.763000000000,8.722397999998,127.527602000002
2025-09-29 12:10:00-04:00,2025-09-29 12:11:00-04:00,2025-09-29 15:59:00-04:00,LONG,-2.920975371719,181.850000000000,181.886370000000,181.830000000000,181.793634000000,109,5.250000000000,1.250000000000,,FORCED_EOD,228,-2.179999999998,7.928223999999,0.763000000000,8.691223999999,-10.871223999997
2025-09-30 10:03:00-04:00,2025-09-30 10:04:00-04:00,2025-09-30 10:06:00-04:00,SHORT,2.608881072764,184.895000000000,184.858021000000,183.645000000000,183.681729000000,108,5.250000000000,1.250000000000,,TAKE_PROFIT_BRACKET,2,135.000000000000,7.960464000001,0.756000000000,8.716464000001,126.283535999999
2025-09-30 10:31:00-04:00,2025-09-30 10:32:00-04:00,2025-09-30 15:59:00-04:00,SHORT,2.533328308805,185.800100000000,185.762939980000,186.580000000000,186.617316000000,107,5.250000000000,1.250000000000,,FORCED_EOD,327,-83.449300000003,7.968934139999,0.749000000000,8.717934139999,-92.167234140002
2025-10-01 10:29:00-04:00,2025-10-01 10:30:00-04:00,2025-10-01 15:59:00-04:00,SHORT,2.606044844565,186.655000000000,186.617669000000,187.170000000000,187.207434000000,107,5.250000000000,1.250000000000,,FORCED_EOD,329,-55.104999999999,7.999854999998,0.749000000000,8.748854999998,-63.853854999997
2025-10-02 13:59:00-04:00,2025-10-02 14:00:00-04:00,2025-10-02 15:59:00-04:00,LONG,-3.201385577189,188.760000000000,188.797752000000,188.920000000000,188.882216000000,105,5.250000000000,1.250000000000,,FORCED_EOD,119,16.800000000000,7.931279999997,0.735000000000,8.666279999997,8.133720000003
2025-10-03 12:37:00-04:00,2025-10-03 12:38:00-04:00,2025-10-03 15:59:00-04:00,LONG,-2.532332993892,188.170100000000,188.207734020000,187.621000000000,187.583475800000,106,5.250000000000,1.250000000000,,FORCED_EOD,201,-58.204599999998,7.966771319999,0.742000000000,8.708771319999,-66.913371319997
2025-10-06 13:32:00-04:00,2025-10-06 13:33:00-04:00,2025-10-06 15:59:00-04:00,LONG,-2.730320325004,185.860000000000,185.897172000000,185.530000000000,185.492894000000,107,5.250000000000,1.250000000000,,FORCED_EOD,146,-35.310000000001,7.947745999999,0.749000000000,8.696745999999,-44.006746000001
2025-10-07 11:02:00-04:00,2025-10-07 11:03:00-04:00,2025-10-07 15:59:00-04:00,LONG,-2.658327588096,187.025000000000,187.062405000000,184.950000000000,184.913010000000,106,5.250000000000,1.250000000000,,FORCED_EOD,296,-219.950000000002,7.885870000001,0.742000000000,8.627870000001,-228.577870000003
2025-10-08 13:11:00-04:00,2025-10-08 13:12:00-04:00,2025-10-08 15:57:00-04:00,LONG,-2.552630034315,187.850000000000,187.887570000000,189.100000000000,189.062180000000,106,5.250000000000,1.250000000000,,TAKE_PROFIT_BRACKET,165,132.500000000000,7.991339999997,0.742000000000,8.733339999997,123.766660000003
2025-10-08 15:57:00-04:00,2025-10-08 15:58:00-04:00,2025-10-08 15:59:00-04:00,SHORT,2.806890937518,189.030000000000,188.992194000000,189.060000000000,189.097812000000,105,5.250000000000,1.250000000000,,FORCED_EOD,1,-3.150000000000,7.939889999999,0.735000000000,8.674889999999,-11.824889999999
2025-10-09 14:27:00-04:00,2025-10-09 14:28:00-04:00,2025-10-09 15:59:00-04:00,LONG,-2.506763730326,192.720000000000,192.758544000000,192.540000000000,192.501492000000,103,5.250000000000,1.250000000000,,FORCED_EOD,91,-18.540000000001,7.936356000001,0.721000000000,8.657356000001,-27.197356000002
2025-10-10 10:59:00-04:00,2025-10-10 11:00:00-04:00,2025-10-10 11:24:00-04:00,LONG,-2.570749178862,194.150000000000,194.188830000000,188.900000000000,188.862220000000,102,5.250000000000,1.250000000000,,STOP,24,-535.500000000000,7.814219999999,0.714000000000,8.528219999999,-544.028219999999
2025-10-10 11:24:00-04:00,2025-10-10 11:25:00-04:00,2025-10-10 11:44:00-04:00,LONG,-2.503076942337,188.505000000000,188.542701000000,189.755000000000,189.717049000000,106,5.250000000000,1.250000000000,,TAKE_PROFIT_BRACKET,19,132.500000000000,8.019111999999,0.742000000000,8.761111999999,123.738888000001
2025-10-10 12:46:00-04:00,2025-10-10 12:47:00-04:00,2025-10-10 15:59:00-04:00,LONG,-3.038431622001,188.170300000000,188.207934060000,182.920300000000,182.883715940000,106,5.250000000000,1.250000000000,,STOP,192,-556.500000000000,7.867120719998,0.742000000000,8.609120719998,-565.109120719998
2025-10-13 10:24:00-04:00,2025-10-13 10:25:00-04:00,2025-10-13 13:03:00-04:00,LONG,-2.872541868370,188.140000000000,188.177628000000,189.390000000000,189.352122000000,106,5.250000000000,1.250000000000,,TAKE_PROFIT_BRACKET,158,132.500000000000,8.003635999999,0.742000000000,8.745635999999,123.754364000001
2025-10-13 14:01:00-04:00,2025-10-13 14:02:00-04:00,2025-10-13 15:59:00-04:00,LONG,-3.286211493558,188.190000000000,188.227638000000,188.320000000000,188.282336000000,106,5.250000000000,1.250000000000,,FORCED_EOD,117,13.780000000000,7.982011999999,0.742000000000,8.724011999999,5.055988000000
2025-10-14 10:46:00-04:00,2025-10-14 10:47:00-04:00,2025-10-14 11:47:00-04:00,LONG,-2.520572824653,181.725000000000,181.761345000000,182.975000000000,182.938405000000,110,5.250000000000,1.250000000000,,TAKE_PROFIT_BRACKET,60,137.500000000000,8.023399999999,0.770000000000,8.793399999999,128.706600000001
2025-10-14 11:47:00-04:00,2025-10-14 11:48:00-04:00,2025-10-14 14:04:00-04:00,SHORT,2.758309319962,182.890000000000,182.853422000000,181.640000000000,181.676328000000,109,5.250000000000,1.250000000000,,TAKE_PROFIT_BRACKET,136,136.250000000000,7.946753999999,0.763000000000,8.709753999999,127.540246000001
2025-10-14 15:37:00-04:00,2025-10-14 15:38:00-04:00,2025-10-14 15:59:00-04:00,SHORT,4.061278698585,180.980000000000,180.943804000000,180.070000000000,180.106014000000,110,5.250000000000,1.250000000000,,FORCED_EOD,21,100.100000000000,7.943099999998,0.770000000000,8.713099999998,91.386900000001
2025-10-15 10:31:00-04:00,2025-10-15 10:32:00-04:00,2025-10-15 15:59:00-04:00,LONG,-2.602215911275,182.118200000000,182.154623640000,179.875000000000,179.839025000000,109,5.250000000000,1.250000000000,,FORCED_EOD,327,-244.508800000000,7.891451760002,0.763000000000,8.654451760002,-253.163251760002
2025-10-16 11:30:00-04:00,2025-10-16 11:31:00-04:00,2025-10-16 12:30:00-04:00,SHORT,2.573956662692,182.028800000000,181.992394240000,180.778800000000,180.814955760000,109,5.250000000000,1.250000000000,,TAKE_PROFIT_BRACKET,59,136.250000000000,7.909205679999,0.763000000000,8.672205679999,127.577794320001
2025-10-16 12:44:00-04:00,2025-10-16 12:45:00-04:00,2025-10-16 15:59:00-04:00,SHORT,2.534941767263,180.520000000000,180.483896000000,181.811000000000,181.847362200000,110,5.250000000000,1.250000000000,,FORCED_EOD,194,-142.010000000000,7.971281999998,0.770000000000,8.741281999998,-150.751281999997
2025-10-17 13:02:00-04:00,2025-10-17 13:03:00-04:00,2025-10-17 15:59:00-04:00,SHORT,2.653770795924,182.489900000000,182.453402020000,183.235000000000,183.271647000000,109,5.250000000000,1.250000000000,,FORCED_EOD,176,-81.215900000001,7.972802819999,0.763000000000,8.735802819999,-89.951702820000
2025-10-20 10:22:00-04:00,2025-10-20 10:23:00-04:00,2025-10-20 15:16:00-04:00,SHORT,2.654249591796,184.078600000000,184.041784280000,182.828600000000,182.865165720000,108,5.250000000000,1.250000000000,,TAKE_PROFIT_BRACKET,293,135.000000000000,7.925195519999,0.756000000000,8.681195519999,126.318804480001
2025-10-20 15:53:00-04:00,2025-10-20 15:54:00-04:00,2025-10-20 15:59:00-04:00,LONG,-2.794401499822,182.630000000000,182.666526000000,182.570000000000,182.533486000000,109,5.250000000000,1.250000000000,,FORCED_EOD,5,-6.540000000000,7.961359999999,0.763000000000,8.724359999999,-15.264359999999
2025-10-21 10:05:00-04:00,2025-10-21 10:06:00-04:00,2025-10-21 11:06:00-04:00,LONG,-2.620830837508,180.280700000000,180.316756140000,181.530700000000,181.494393860000,110,5.250000000000,1.250000000000,,TAKE_PROFIT_BRACKET,60,137.500000000000,7.959850799999,0.770000000000,8.729850799999,128.770149200001
2025-10-21 11:06:00-04:00,2025-10-21 11:07:00-04:00,2025-10-21 15:59:00-04:00,SHORT,2.541334220862,181.625800000000,181.589474840000,181.160000000000,181.196232000000,110,5.250000000000,1.250000000000,,FORCED_EOD,292,51.238000000000,7.981287599997,0.770000000000,8.751287599997,42.486712400003
2025-10-22 10:29:00-04:00,2025-10-22 10:30:00-04:00,2025-10-22 15:59:00-04:00,LONG,-2.517522472993,180.420000000000,180.456084000000,180.290000000000,180.253942000000,110,5.250000000000,1.250000000000,,FORCED_EOD,329,-14.299999999999,7.935619999998,0.770000000000,8.705619999998,-23.005619999998
2025-10-23 11:44:00-04:00,2025-10-23 11:45:00-04:00,2025-10-23 14:22:00-04:00,LONG,-2.504369012099,181.465000000000,181.501293000000,182.715000000000,182.678457000000,110,5.250000000000,1.250000000000,,TAKE_PROFIT_BRACKET,157,137.500000000000,8.011959999999,0.770000000000,8.781959999999,128.718040000001
2025-10-23 15:36:00-04:00,2025-10-23 15:37:00-04:00,2025-10-23 15:59:00-04:00,LONG,-2.910670175300,182.540000000000,182.576508000000,182.200000000000,182.163560000000,109,5.250000000000,1.250000000000,,FORCED_EOD,22,-37.060000000000,7.951332000000,0.763000000000,8.714332000000,-45.774332000000
2025-10-24 10:04:00-04:00,2025-10-24 10:05:00-04:00,2025-10-24 15:02:00-04:00,LONG,-2.506792387568,185.030000000000,185.067006000000,186.280000000000,186.242744000000,108,5.250000000000,1.250000000000,,TAKE_PROFIT_BRACKET,297,135.000000000000,8.020295999997,0.756000000000,8.776295999997,126.223704000003
2025-10-24 15:02:00-04:00,2025-10-24 15:03:00-04:00,2025-10-24 15:59:00-04:00,SHORT,3.513577783594,186.240000000000,186.202752000000,186.270000000000,186.307254000000,107,5.250000000000,1.250000000000,,FORCED_EOD,56,-3.210000000000,7.971714000000,0.749000000000,8.720714000000,-11.930714000000
2025-10-27 10:06:00-04:00,2025-10-27 10:07:00-04:00,2025-10-27 13:00:00-04:00,LONG,-2.862632691864,190.340000000000,190.378068000000,191.590000000000,191.551682000000,105,5.250000000000,1.250000000000,,TAKE_PROFIT_BRACKET,173,131.250000000000,8.020530000001,0.735000000000,8.755530000001,122.494469999999
2025-10-27 13:06:00-04:00,2025-10-27 13:07:00-04:00,2025-10-27 14:31:00-04:00,SHORT,2.736294647951,191.650000000000,191.611670000000,190.400000000000,190.438080000000,104,5.250000000000,1.250000000000,,TAKE_PROFIT_BRACKET,84,130.000000000000,7.946640000001,0.728000000000,8.674640000001,121.325359999999
2025-10-27 14:31:00-04:00,2025-10-27 14:32:00-04:00,2025-10-27 15:50:00-04:00,LONG,-2.809617567306,190.429300000000,190.467385860000,191.679300000000,191.640964140000,105,5.250000000000,1.250000000000,,TAKE_PROFIT_BRACKET,78,131.250000000000,8.024280599998,0.735000000000,8.759280599998,122.490719400002
2025-10-27 15:50:00-04:00,2025-10-27 15:51:00-04:00,2025-10-27 15:59:00-04:00,SHORT,3.918472776614,191.630000000000,191.591674000000,191.430000000000,191.468286000000,104,5.250000000000,1.250000000000,,FORCED_EOD,8,20.799999999999,7.967647999998,0.728000000000,8.695647999998,12.104352000001
2025-10-28 12:01:00-04:00,2025-10-28 12:02:00-04:00,2025-10-28 14:19:00-04:00,SHORT,2.515905067865,193.620000000000,193.581276000000,198.870000000000,198.909774000000,103,5.250000000000,1.250000000000,,STOP,137,-540.750000000000,8.085294000000,0.721000000000,8.806294000000,-549.556294000000
2025-10-28 15:08:00-04:00,2025-10-28 15:09:00-04:00,2025-10-28 15:59:00-04:00,SHORT,2.600363247962,201.280000000000,201.239744000000,201.030000000000,201.070206000000,99,5.250000000000,1.250000000000,,FORCED_EOD,50,24.750000000000,7.965737999998,0.693000000000,8.658737999998,16.091262000002
2025-10-29 11:45:00-04:00,2025-10-29 11:46:00-04:00,2025-10-29 15:59:00-04:00,LONG,-3.585022746538,207.230000000000,207.271446000000,207.050000000000,207.008590000000,96,5.250000000000,1.250000000000,,FORCED_EOD,253,-17.279999999998,7.954175999999,0.672000000000,8.626175999999,-25.906175999997
2025-10-30 13:14:00-04:00,2025-10-30 13:15:00-04:00,2025-10-30 13:46:00-04:00,LONG,-2.521779658903,202.530000000000,202.570506000000,203.780000000000,203.739244000000,98,5.250000000000,1.250000000000,,TAKE_PROFIT_BRACKET,31,122.500000000000,7.963675999998,0.686000000000,8.649675999998,113.850324000002
2025-10-30 13:46:00-04:00,2025-10-30 13:47:00-04:00,2025-10-30 15:11:00-04:00,SHORT,2.958440918355,203.949900000000,203.909110020000,202.699900000000,202.740439980000,98,5.250000000000,1.250000000000,,TAKE_PROFIT_BRACKET,84,122.500000000000,7.970336080000,0.686000000000,8.656336080000,113.843663919999
2025-10-30 15:11:00-04:00,2025-10-30 15:12:00-04:00,2025-10-30 15:59:00-04:00,LONG,-2.839737809526,202.675000000000,202.715535000000,202.780000000000,202.739444000000,98,5.250000000000,1.250000000000,,FORCED_EOD,47,10.289999999999,7.946918000001,0.686000000000,8.632918000001,1.657081999998
2025-10-31 11:20:00-04:00,2025-10-31 11:21:00-04:00,2025-10-31 15:59:00-04:00,LONG,-2.732250700047,205.470000000000,205.511094000000,202.410000000000,202.369518000000,97,5.250000000000,1.250000000000,,FORCED_EOD,278,-296.820000000000,7.912871999998,0.679000000000,8.591871999998,-305.411871999999
2025-11-03 10:23:00-05:00,2025-11-03 10:24:00-05:00,2025-11-03 10:49:00-05:00,SHORT,2.614471634847,208.410000000000,208.368318000000,207.160000000000,207.201432000000,95,5.250000000000,1.250000000000,,TAKE_PROFIT_BRACKET,25,118.750000000000,7.895830000000,0.665000000000,8.560830000000,110.189170000000
2025-11-03 11:55:00-05:00,2025-11-03 11:56:00-05:00,2025-11-03 14:28:00-05:00,SHORT,2.630024451624,208.851500000000,208.809729700000,207.601500000000,207.643020300000,95,5.250000000000,1.250000000000,,TAKE_PROFIT_BRACKET,152,118.750000000000,7.912607000000,0.665000000000,8.577607000000,110.172393000000
2025-11-03 15:27:00-05:00,2025-11-03 15:28:00-05:00,2025-11-03 15:59:00-05:00,LONG,-2.562965899492,206.955000000000,206.996391000000,207.020000000000,206.978596000000,96,5.250000000000,1.250000000000,,FORCED_EOD,31,6.240000000000,7.948320000000,0.672000000000,8.620320000000,-2.380320000001
2025-11-04 12:31:00-05:00,2025-11-04 12:32:00-05:00,2025-11-04 13:30:00-05:00,SHORT,2.756171515862,201.010000000000,200.969798000000,199.760000000000,199.799952000000,99,5.250000000000,1.250000000000,,TAKE_PROFIT_BRACKET,58,123.750000000000,7.935245999999,0.693000000000,8.628245999999,115.121754000001
2025-11-04 15:22:00-05:00,2025-11-04 15:23:00-05:00,2025-11-04 15:55:00-05:00,SHORT,2.555672255520,199.315000000000,199.275137000000,198.065000000000,198.104613000000,100,5.250000000000,1.250000000000,,TAKE_PROFIT_BRACKET,32,125.000000000000,7.947600000000,0.700000000000,8.647600000000,116.352400000000
2025-11-05 10:48:00-05:00,2025-11-05 10:49:00-05:00,2025-11-05 15:05:00-05:00,SHORT,2.515996075074,201.700000000000,201.659660000000,200.450000000000,200.490090000000,99,5.250000000000,1.250000000000,,TAKE_PROFIT_BRACKET,256,123.750000000000,7.962569999998,0.693000000000,8.655569999998,115.094430000002
2025-11-05 15:05:00-05:00,2025-11-05 15:06:00-05:00,2025-11-05 15:59:00-05:00,LONG,-3.166201941573,200.439900000000,200.479987980000,195.189900000000,195.150862020000,99,5.250000000000,1.250000000000,,STOP,53,-519.750000000000,7.833470040000,0.693000000000,8.526470040000,-528.276470040000
2025-11-06 10:48:00-05:00,2025-11-06 10:49:00-05:00,2025-11-06 10:50:00-05:00,LONG,-3.093219278682,189.470000000000,189.507894000000,190.720000000000,190.681856000000,105,5.250000000000,1.250000000000,,TAKE_PROFIT_BRACKET,1,131.250000000000,7.983989999998,0.735000000000,8.718989999998,122.531010000002
2025-11-06 11:39:00-05:00,2025-11-06 11:40:00-05:00,2025-11-06 13:36:00-05:00,LONG,-2.877622435054,188.530000000000,188.567706000000,189.780000000000,189.742044000000,106,5.250000000000,1.250000000000,,TAKE_PROFIT_BRACKET,116,132.500000000000,8.020171999999,0.742000000000,8.762171999999,123.737828000001
2025-11-06 13:53:00-05:00,2025-11-06 13:54:00-05:00,2025-11-06 14:26:00-05:00,LONG,-2.529449081442,188.790000000000,188.827758000000,190.040000000000,190.001992000000,105,5.250000000000,1.250000000000,,TAKE_PROFIT_BRACKET,32,131.250000000000,7.955429999999,0.735000000000,8.690429999999,122.559570000001
2025-11-06 15:41:00-05:00,2025-11-06 15:42:00-05:00,2025-11-06 15:59:00-05:00,LONG,-2.780780926028,188.660000000000,188.697732000000,188.170000000000,188.132366000000,105,5.250000000000,1.250000000000,,FORCED_EOD,17,-51.450000000001,7.913430000000,0.735000000000,8.648430000000,-60.098430000001
2025-11-07 11:06:00-05:00,2025-11-07 11:07:00-05:00,2025-11-07 11:23:00-05:00,LONG,-3.435864128300,179.600000000000,179.635920000000,180.850000000000,180.813830000000,111,5.250000000000,1.250000000000,,TAKE_PROFIT_BRACKET,16,138.750000000000,8.001990000000,0.777000000000,8.778990000000,129.971010000000
2025-11-07 15:26:00-05:00,2025-11-07 15:27:00-05:00,2025-11-07 15:33:00-05:00,LONG,-2.545131817815,185.745000000000,185.782149000000,186.995000000000,186.957601000000,107,5.250000000000,1.250000000000,,TAKE_PROFIT_BRACKET,6,133.750000000000,7.976635999999,0.749000000000,8.725635999999,125.024364000001
2025-11-10 10:05:00-05:00,2025-11-10 10:06:00-05:00,2025-11-10 11:00:00-05:00,SHORT,2.636443477254,195.680000000000,195.640864000000,194.430000000000,194.468886000000,102,5.250000000000,1.250000000000,,TAKE_PROFIT_BRACKET,54,127.500000000000,7.958243999998,0.714000000000,8.672243999998,118.827756000002
2025-11-10 13:46:00-05:00,2025-11-10 13:47:00-05:00,2025-11-10 15:59:00-05:00,SHORT,2.867775582037,197.700000000000,197.660460000000,199.030000000000,199.069806000000,101,5.250000000000,1.250000000000,,FORCED_EOD,132,-134.330000000001,8.013945999999,0.707000000000,8.720945999999,-143.050946000000
2025-11-11 10:42:00-05:00,2025-11-11 10:43:00-05:00,2025-11-11 10:53:00-05:00,SHORT,2.888837931120,192.910000000000,192.871418000000,191.660000000000,191.698332000000,103,5.250000000000,1.250000000000,,TAKE_PROFIT_BRACKET,10,128.750000000000,7.922141999999,0.721000000000,8.643141999999,120.106858000001
2025-11-11 11:47:00-05:00,2025-11-11 11:48:00-05:00,2025-11-11 12:53:00-05:00,LONG,-3.014446165447,192.169900000000,192.208333980000,193.419900000000,193.381216020000,104,5.250000000000,1.250000000000,,TAKE_PROFIT_BRACKET,65,130.000000000000,8.020267840001,0.728000000000,8.748267840001,121.251732159999
2025-11-11 15:20:00-05:00,2025-11-11 15:21:00-05:00,2025-11-11 15:55:00-05:00,SHORT,2.535124782134,194.100000000000,194.061180000000,192.850000000000,192.888570000000,103,5.250000000000,1.250000000000,,TAKE_PROFIT_BRACKET,34,128.750000000000,7.971169999998,0.721000000000,8.692169999998,120.057830000002
2025-11-12 11:55:00-05:00,2025-11-12 11:56:00-05:00,2025-11-12 13:40:00-05:00,LONG,-2.871770518475,191.910000000000,191.948382000000,193.160000000000,193.121368000000,104,5.250000000000,1.250000000000,,TAKE_PROFIT_BRACKET,104,130.000000000000,8.009455999999,0.728000000000,8.737455999999,121.262544000001
2025-11-12 13:57:00-05:00,2025-11-12 13:58:00-05:00,2025-11-12 15:59:00-05:00,LONG,-2.551647218002,192.465000000000,192.503493000000,193.715000000000,193.676257000000,103,5.250000000000,1.250000000000,,TAKE_PROFIT_BRACKET,121,128.750000000000,7.955307999997,0.721000000000,8.676307999997,120.073692000003
2025-11-13 10:46:00-05:00,2025-11-13 10:47:00-05:00,2025-11-13 11:07:00-05:00,SHORT,2.646901479937,186.780000000000,186.742644000000,185.530000000000,185.567106000000,107,5.250000000000,1.250000000000,,TAKE_PROFIT_BRACKET,20,133.750000000000,7.967433999998,0.749000000000,8.716433999998,125.033566000002
2025-11-13 11:44:00-05:00,2025-11-13 11:45:00-05:00,2025-11-13 13:28:00-05:00,SHORT,2.658852009148,185.820000000000,185.782836000000,184.570000000000,184.606914000000,107,5.250000000000,1.250000000000,,TAKE_PROFIT_BRACKET,103,133.750000000000,7.926345999998,0.749000000000,8.675345999998,125.074654000002
2025-11-13 14:38:00-05:00,2025-11-13 14:39:00-05:00,2025-11-13 15:59:00-05:00,SHORT,3.252418420334,185.982500000000,185.945303500000,186.963700000000,187.001092740000,107,5.250000000000,1.250000000000,,FORCED_EOD,80,-104.988400000000,7.981048679999,0.749000000000,8.730048679999,-113.718448680000
2025-11-14 12:09:00-05:00,2025-11-14 12:10:00-05:00,2025-11-14 15:59:00-05:00,LONG,-2.552191718556,189.870000000000,189.907974000000,190.280000000000,190.241944000000,105,5.250000000000,1.250000000000,,FORCED_EOD,229,43.050000000000,7.983149999997,0.735000000000,8.718149999997,34.331850000002
2025-11-17 11:12:00-05:00,2025-11-17 11:13:00-05:00,2025-11-17 14:03:00-05:00,SHORT,2.669401379858,186.460000000000,186.422708000000,185.210000000000,185.247042000000,107,5.250000000000,1.250000000000,,TAKE_PROFIT_BRACKET,170,133.750000000000,7.953737999999,0.749000000000,8.702737999999,125.047262000001
2025-11-17 14:46:00-05:00,2025-11-17 14:47:00-05:00,2025-11-17 15:59:00-05:00,SHORT,2.550150295613,184.820000000000,184.783036000000,186.590000000000,186.627318000000,108,5.250000000000,1.250000000000,,FORCED_EOD,72,-191.160000000001,8.022455999998,0.756000000000,8.778455999998,-199.938455999999
2025-11-18 10:03:00-05:00,2025-11-18 10:04:00-05:00,2025-11-18 15:59:00-05:00,SHORT,2.977035229763,180.365000000000,180.328927000000,181.370000000000,181.406274000000,110,5.250000000000,1.250000000000,,FORCED_EOD,355,-110.549999999999,7.958169999998,0.770000000000,8.728169999998,-119.278169999997
2025-11-19 10:56:00-05:00,2025-11-19 10:57:00-05:00,2025-11-19 11:36:00-05:00,SHORT,2.518239283275,186.010000000000,185.972798000000,184.760000000000,184.796952000000,107,5.250000000000,1.250000000000,,TAKE_PROFIT_BRACKET,39,133.750000000000,7.934477999999,0.749000000000,8.683477999999,125.066522000001
2025-11-19 11:59:00-05:00,2025-11-19 12:00:00-05:00,2025-11-19 15:16:00-05:00,LONG,-2.674607859992,185.140000000000,185.177028000000,186.390000000000,186.352722000000,108,5.250000000000,1.250000000000,,TAKE_PROFIT_BRACKET,196,135.000000000000,8.025047999998,0.756000000000,8.781047999998,126.218952000002
2025-11-19 15:18:00-05:00,2025-11-19 15:19:00-05:00,2025-11-19 15:59:00-05:00,LONG,-2.659584876096,186.823000000000,186.860364600000,186.775000000000,186.737645000000,107,5.250000000000,1.250000000000,,FORCED_EOD,40,-5.136000000000,7.994997199998,0.749000000000,8.743997199998,-13.879997199998
2025-11-20 13:06:00-05:00,2025-11-20 13:07:00-05:00,2025-11-20 15:59:00-05:00,LONG,-2.697554894353,185.040000000000,185.077008000000,180.910000000000,180.873818000000,108,5.250000000000,1.250000000000,,FORCED_EOD,172,-446.040000000000,7.904519999998,0.756000000000,8.660519999998,-454.700519999998
2025-11-21 12:00:00-05:00,2025-11-21 12:01:00-05:00,2025-11-21 12:34:00-05:00,LONG,-2.887611928126,180.440000000000,180.476088000000,181.690000000000,181.653662000000,110,5.250000000000,1.250000000000,,TAKE_PROFIT_BRACKET,33,137.500000000000,7.966860000001,0.770000000000,8.736860000001,128.763139999999
2025-11-21 13:36:00-05:00,2025-11-21 13:37:00-05:00,2025-11-21 13:48:00-05:00,LONG,-2.803281371440,180.220000000000,180.256044000000,181.470000000000,181.433706000000,110,5.250000000000,1.250000000000,,TAKE_PROFIT_BRACKET,11,137.500000000000,7.957180000000,0.770000000000,8.727180000000,128.772820000000
2025-11-21 14:12:00-05:00,2025-11-21 14:13:00-05:00,2025-11-21 14:24:00-05:00,LONG,-2.541208297259,182.630000000000,182.666526000000,183.880000000000,183.843224000000,109,5.250000000000,1.250000000000,,TAKE_PROFIT_BRACKET,11,136.250000000000,7.989918000001,0.763000000000,8.752918000001,127.497081999999
2025-11-21 15:55:00-05:00,2025-11-21 15:56:00-05:00,2025-11-21 15:59:00-05:00,SHORT,2.540825946579,178.900000000000,178.864220000000,178.940000000000,178.975788000000,111,5.250000000000,1.250000000000,,FORCED_EOD,3,-4.439999999999,7.944047999998,0.777000000000,8.721047999998,-13.161047999997
2025-11-24 11:08:00-05:00,2025-11-24 11:09:00-05:00,2025-11-24 15:59:00-05:00,SHORT,3.126077368410,180.084100000000,180.048083180000,182.550000000000,182.586510000000,111,5.250000000000,1.250000000000,,FORCED_EOD,290,-273.714900000001,8.050477019998,0.777000000000,8.827477019998,-282.542377019998
2025-11-25 10:02:00-05:00,2025-11-25 10:03:00-05:00,2025-11-25 10:20:00-05:00,LONG,-2.559407174659,170.300000000000,170.334060000000,171.550000000000,171.515690000000,117,5.250000000000,1.250000000000,,TAKE_PROFIT_BRACKET,17,146.250000000000,7.999289999999,0.819000000000,8.818289999999,137.431710000001
2025-11-25 11:27:00-05:00,2025-11-25 11:28:00-05:00,2025-11-25 15:59:00-05:00,SHORT,2.636631767304,174.635000000000,174.600073000000,177.790000000000,177.825558000000,114,5.250000000000,1.250000000000,,FORCED_EOD,271,-359.670000000000,8.035289999999,0.798000000000,8.833289999999,-368.503289999999
2025-11-26 13:32:00-05:00,2025-11-26 13:33:00-05:00,2025-11-26 15:59:00-05:00,LONG,-2.749583924832,180.300000000000,180.336060000000,180.175000000000,180.138965000000,110,5.250000000000,1.250000000000,,FORCED_EOD,146,-13.750000000000,7.930449999999,0.770000000000,8.700449999999,-22.450449999999
2025-11-28 12:21:00-05:00,2025-11-28 12:22:00-05:00,2025-11-28 12:59:00-05:00,SHORT,2.608352014134,177.275000000000,177.239545000000,176.990000000000,177.025398000000,112,5.250000000000,1.250000000000,,FORCED_EOD,37,31.920000000000,7.935535999997,0.784000000000,8.719535999997,23.200464000003
2025-12-01 13:02:00-05:00,2025-12-01 13:03:00-05:00,2025-12-01 15:59:00-05:00,LONG,-2.777891706846,179.410000000000,179.445882000000,179.930000000000,179.894014000000,111,5.250000000000,1.250000000000,,FORCED_EOD,176,57.720000000001,7.977347999999,0.777000000000,8.754347999999,48.965652000002
2025-12-02 10:10:00-05:00,2025-12-02 10:11:00-05:00,2025-12-02 15:59:00-05:00,LONG,-2.607268385962,184.061800000000,184.098612360000,181.310000000000,181.273738000000,108,5.250000000000,1.250000000000,,FORCED_EOD,348,-297.194400000000,7.892030879999,0.756000000000,8.648030879999,-305.842430879999
2025-12-03 10:03:00-05:00,2025-12-03 10:04:00-05:00,2025-12-03 15:34:00-05:00,SHORT,3.099175656330,180.920000000000,180.883816000000,179.670000000000,179.705934000000,110,5.250000000000,1.250000000000,,TAKE_PROFIT_BRACKET,330,137.500000000000,7.932979999999,0.770000000000,8.702979999999,128.797020000001
2025-12-04 13:05:00-05:00,2025-12-04 13:06:00-05:00,2025-12-04 15:59:00-05:00,LONG,-2.616032305589,183.130000000000,183.166626000000,183.400000000000,183.363320000000,109,5.250000000000,1.250000000000,,FORCED_EOD,173,29.430000000001,7.990353999997,0.763000000000,8.753353999997,20.676646000004
2025-12-05 13:50:00-05:00,2025-12-05 13:51:00-05:00,2025-12-05 15:59:00-05:00,LONG,-2.900484303289,181.784500000000,181.820856900000,182.350000000000,182.313530000000,109,5.250000000000,1.250000000000,,FORCED_EOD,128,61.639499999998,7.938132100000,0.763000000000,8.701132100000,52.938367899999
2025-12-08 12:02:00-05:00,2025-12-08 12:03:00-05:00,2025-12-08 12:56:00-05:00,LONG,-2.504992822431,183.010000000000,183.046602000000,184.260000000000,184.223148000000,109,5.250000000000,1.250000000000,,TAKE_PROFIT_BRACKET,53,136.250000000000,8.006485999997,0.763000000000,8.769485999997,127.480514000003
2025-12-08 12:56:00-05:00,2025-12-08 12:57:00-05:00,2025-12-08 15:59:00-05:00,SHORT,5.910042741795,184.575000000000,184.538085000000,185.580000000000,185.617116000000,108,5.250000000000,1.250000000000,,FORCED_EOD,182,-108.540000000003,7.995347999999,0.756000000000,8.751347999999,-117.291348000002
2025-12-09 10:51:00-05:00,2025-12-09 10:52:00-05:00,2025-12-09 15:01:00-05:00,SHORT,2.521859298309,185.300000000000,185.262940000000,184.050000000000,184.086810000000,107,5.250000000000,1.250000000000,,TAKE_PROFIT_BRACKET,249,133.750000000000,7.904090000000,0.749000000000,8.653090000000,125.096910000000
2025-12-09 15:01:00-05:00,2025-12-09 15:02:00-05:00,2025-12-09 15:59:00-05:00,LONG,-2.748875104868,184.080100000000,184.116916020000,184.970000000000,184.933006000000,108,5.250000000000,1.250000000000,,FORCED_EOD,57,96.109200000001,7.971482160000,0.756000000000,8.727482160000,87.381717840002
2025-12-10 10:36:00-05:00,2025-12-10 10:37:00-05:00,2025-12-10 14:58:00-05:00,LONG,-2.934391350098,183.090000000000,183.126618000000,184.340000000000,184.303132000000,109,5.250000000000,1.250000000000,,TAKE_PROFIT_BRACKET,261,136.250000000000,8.009974000000,0.763000000000,8.772974000000,127.477026000000
2025-12-10 14:58:00-05:00,2025-12-10 14:59:00-05:00,2025-12-10 15:59:00-05:00,SHORT,2.829123344139,184.390000000000,184.353122000000,183.740000000000,183.776748000000,108,5.250000000000,1.250000000000,,FORCED_EOD,60,70.199999999998,7.951607999999,0.756000000000,8.707607999999,61.492391999999
2025-12-11 11:41:00-05:00,2025-12-11 11:42:00-05:00,2025-12-11 15:59:00-05:00,SHORT,2.573594782178,177.696000000000,177.660460800000,180.935500000000,180.971687100000,112,5.250000000000,1.250000000000,,FORCED_EOD,257,-362.823999999999,8.033345599999,0.784000000000,8.817345599999,-371.641345599999
2025-12-12 10:58:00-05:00,2025-12-12 10:59:00-05:00,2025-12-12 15:59:00-05:00,LONG,-4.398616807602,177.630000000000,177.665526000000,174.990000000000,174.955002000000,112,5.250000000000,1.250000000000,,FORCED_EOD,300,-295.679999999998,7.898688000001,0.784000000000,8.682688000001,-304.362687999999
2025-12-15 11:45:00-05:00,2025-12-15 11:46:00-05:00,2025-12-15 14:46:00-05:00,SHORT,2.622160179503,177.595000000000,177.559481000000,176.345000000000,176.380269000000,112,5.250000000000,1.250000000000,,TAKE_PROFIT_BRACKET,180,140.000000000000,7.928255999999,0.784000000000,8.712255999999,131.287744000001
2025-12-15 15:04:00-05:00,2025-12-15 15:05:00-05:00,2025-12-15 15:59:00-05:00,LONG,-2.506125885678,176.205000000000,176.240241000000,176.280000000000,176.244744000000,113,5.250000000000,1.250000000000,,FORCED_EOD,54,8.474999999999,7.966160999999,0.791000000000,8.757160999999,-0.282161000000
2025-12-16 12:37:00-05:00,2025-12-16 12:38:00-05:00,2025-12-16 15:59:00-05:00,SHORT,2.768260294613,176.741600000000,176.706251680000,177.515000000000,177.550503000000,113,5.250000000000,1.250000000000,,FORCED_EOD,201,-87.394199999998,8.006199160000,0.791000000000,8.797199160000,-96.191399159998
2025-12-17 10:57:00-05:00,2025-12-17 10:58:00-05:00,2025-12-17 13:06:00-05:00,LONG,-3.928648980903,171.325000000000,171.359265000000,172.575000000000,172.540485000000,116,5.250000000000,1.250000000000,,TAKE_PROFIT_BRACKET,128,145.000000000000,7.978480000000,0.812000000000,8.790480000000,136.209520000000
2025-12-17 14:18:00-05:00,2025-12-17 14:19:00-05:00,2025-12-17 15:59:00-05:00,LONG,-2.506221411611,171.035000000000,171.069207000000,170.920000000000,170.885816000000,116,5.250000000000,1.250000000000,,FORCED_EOD,100,-13.340000000001,7.933356000002,0.812000000000,8.745356000002,-22.085356000003
2025-12-18 11:07:00-05:00,2025-12-18 11:08:00-05:00,2025-12-18 15:59:00-05:00,LONG,-2.912170760163,175.300000000000,175.335060000000,174.010000000000,173.975198000000,114,5.250000000000,1.250000000000,,FORCED_EOD,291,-147.060000000002,7.964267999997,0.798000000000,8.762267999997,-155.822267999999
2025-12-19 11:39:00-05:00,2025-12-19 11:40:00-05:00,2025-12-19 15:59:00-05:00,SHORT,2.841791754495,180.035000000000,179.998993000000,180.990000000000,181.026198000000,111,5.250000000000,1.250000000000,,FORCED_EOD,259,-106.005000000001,8.014754999996,0.777000000000,8.791754999996,-114.796754999998
2025-12-22 10:56:00-05:00,2025-12-22 10:57:00-05:00,2025-12-22 15:59:00-05:00,SHORT,2.556810412002,183.860100000000,183.823327980000,183.600000000000,183.636720000000,108,5.250000000000,1.250000000000,,FORCED_EOD,302,28.090799999999,7.937138160000,0.756000000000,8.693138160000,19.397661839999
2025-12-23 10:06:00-05:00,2025-12-23 10:07:00-05:00,2025-12-23 15:59:00-05:00,SHORT,2.677494153893,184.125000000000,184.088175000000,189.220000000000,189.257844000000,108,5.250000000000,1.250000000000,,FORCED_EOD,352,-550.260000000000,8.064252000000,0.756000000000,8.820252000000,-559.080252000000
2025-12-24 10:24:00-05:00,2025-12-24 10:25:00-05:00,2025-12-24 11:31:00-05:00,LONG,-2.846072531749,186.860000000000,186.897372000000,188.110000000000,188.072378000000,107,5.250000000000,1.250000000000,,TAKE_PROFIT_BRACKET,66,133.750000000000,8.024358000000,0.749000000000,8.773358000000,124.976642000000
2025-12-24 12:48:00-05:00,2025-12-24 12:49:00-05:00,2025-12-24 12:59:00-05:00,SHORT,2.626121843302,188.390000000000,188.352322000000,188.620000000000,188.657724000000,106,5.250000000000,1.250000000000,,FORCED_EOD,10,-24.380000000002,7.992612000000,0.742000000000,8.734612000000,-33.114612000002
2025-12-26 10:11:00-05:00,2025-12-26 10:12:00-05:00,2025-12-26 10:28:00-05:00,LONG,-2.547236487993,190.360000000000,190.398072000000,191.610000000000,191.571678000000,105,5.250000000000,1.250000000000,,TAKE_PROFIT_BRACKET,16,131.250000000000,8.021369999999,0.735000000000,8.756369999999,122.493630000001
2025-12-26 12:57:00-05:00,2025-12-26 12:58:00-05:00,2025-12-26 15:59:00-05:00,SHORT,2.639484543909,191.180000000000,191.141764000000,189.930000000000,189.967986000000,104,5.250000000000,1.250000000000,,TAKE_PROFIT_BRACKET,181,130.000000000000,7.927087999997,0.728000000000,8.655087999997,121.344912000003
2025-12-29 12:46:00-05:00,2025-12-29 12:47:00-05:00,2025-12-29 15:58:00-05:00,LONG,-2.555519271089,187.100000000000,187.137420000000,188.350000000000,188.312330000000,106,5.250000000000,1.250000000000,,TAKE_PROFIT_BRACKET,191,132.500000000000,7.959539999999,0.742000000000,8.701539999999,123.798460000001
2025-12-30 14:04:00-05:00,2025-12-30 14:05:00-05:00,2025-12-30 15:59:00-05:00,SHORT,3.147235466058,188.070000000000,188.032386000000,187.550000000000,187.587510000000,106,5.250000000000,1.250000000000,,FORCED_EOD,114,55.119999999998,7.963143999999,0.742000000000,8.705143999999,46.414855999999
2025-12-31 11:29:00-05:00,2025-12-31 11:30:00-05:00,2025-12-31 15:59:00-05:00,LONG,-2.669064632378,188.850000000000,188.887770000000,186.490000000000,186.452702000000,105,5.250000000000,1.250000000000,,FORCED_EOD,269,-247.799999999998,7.882139999999,0.735000000000,8.617139999999,-256.417139999997
2026-01-02 10:57:00-05:00,2026-01-02 10:58:00-05:00,2026-01-02 15:59:00-05:00,LONG,-2.864844014504,189.260000000000,189.297852000000,188.809900000000,188.772138020000,105,5.250000000000,1.250000000000,,FORCED_EOD,301,-47.260499999999,7.939467899999,0.735000000000,8.674467899999,-55.934967899998
2026-01-05 11:00:00-05:00,2026-01-05 11:01:00-05:00,2026-01-05 12:01:00-05:00,SHORT,2.508195665805,190.120000000000,190.081976000000,188.870000000000,188.907774000000,105,5.250000000000,1.250000000000,,TAKE_PROFIT_BRACKET,60,131.250000000000,7.958789999999,0.735000000000,8.693789999999,122.556210000001
2026-01-05 12:01:00-05:00,2026-01-05 12:02:00-05:00,2026-01-05 15:59:00-05:00,LONG,-3.872811232406,188.725000000000,188.762745000000,188.110000000000,188.072378000000,105,5.250000000000,1.250000000000,,FORCED_EOD,237,-64.574999999998,7.913535000000,0.735000000000,8.648535000000,-73.223534999998
2026-01-06 13:34:00-05:00,2026-01-06 13:35:00-05:00,2026-01-06 15:59:00-05:00,LONG,-2.506457270150,187.550000000000,187.587510000000,187.270000000000,187.232546000000,106,5.250000000000,1.250000000000,,FORCED_EOD,144,-29.680000000000,7.946183999999,0.742000000000,8.688183999999,-38.368184000000
2026-01-07 10:38:00-05:00,2026-01-07 10:39:00-05:00,2026-01-07 10:48:00-05:00,LONG,-3.067389602868,189.010000000000,189.047802000000,190.260000000000,190.221948000000,105,5.250000000000,1.250000000000,,TAKE_PROFIT_BRACKET,9,131.250000000000,7.964669999999,0.735000000000,8.699669999999,122.550330000001
2026-01-07 14:26:00-05:00,2026-01-07 14:27:00-05:00,2026-01-07 15:59:00-05:00,LONG,-2.510533374744,189.245000000000,189.282849000000,189.240000000000,189.202152000000,105,5.250000000000,1.250000000000,,FORCED_EOD,92,-0.525000000000,7.948184999999,0.735000000000,8.683184999999,-9.208184999999
2026-01-08 12:02:00-05:00,2026-01-08 12:03:00-05:00,2026-01-08 15:59:00-05:00,LONG,-2.508427557492,184.381000000000,184.417876200000,185.090000000000,185.052982000000,108,5.250000000000,1.250000000000,,FORCED_EOD,236,76.572000000000,7.980573599998,0.756000000000,8.736573599998,67.835426400002
2026-01-09 12:15:00-05:00,2026-01-09 12:16:00-05:00,2026-01-09 14:10:00-05:00,LONG,-2.662249959857,184.980000000000,185.016996000000,186.230000000000,186.192754000000,108,5.250000000000,1.250000000000,,TAKE_PROFIT_BRACKET,114,135.000000000000,8.018135999997,0.756000000000,8.774135999997,126.225864000003
2026-01-09 14:10:00-05:00,2026-01-09 14:11:00-05:00,2026-01-09 15:52:00-05:00,SHORT,3.700750353682,186.240000000000,186.202752000000,184.990000000000,185.026998000000,107,5.250000000000,1.250000000000,,TAKE_PROFIT_BRACKET,101,133.750000000000,7.944321999999,0.749000000000,8.693321999999,125.056678000001
2026-01-12 12:10:00-05:00,2026-01-12 12:11:00-05:00,2026-01-12 15:59:00-05:00,SHORT,2.553962698345,185.795000000000,185.757841000000,184.545000000000,184.581909000000,107,5.250000000000,1.250000000000,,TAKE_PROFIT_BRACKET,228,133.750000000000,7.925276000001,0.749000000000,8.674276000001,125.075723999999
2026-01-13 11:00:00-05:00,2026-01-13 11:01:00-05:00,2026-01-13 15:59:00-05:00,SHORT,2.586279653811,184.925000000000,184.888015000000,185.810000000000,185.847162000000,108,5.250000000000,1.250000000000,,FORCED_EOD,298,-95.579999999999,8.007875999998,0.756000000000,8.763875999998,-104.343875999997
2026-01-14 14:59:00-05:00,2026-01-14 15:00:00-05:00,2026-01-14 15:08:00-05:00,LONG,-4.915691966118,181.360000000000,181.396272000000,182.610000000000,182.573478000000,110,5.250000000000,1.250000000000,,TAKE_PROFIT_BRACKET,8,137.500000000000,8.007339999999,0.770000000000,8.777339999999,128.722660000001
2026-01-14 15:58:00-05:00,2026-01-14 15:59:00-05:00,2026-01-14 15:59:00-05:00,SHORT,2.550179412843,183.060000000000,183.023388000000,183.210000000000,183.246642000000,109,5.250000000000,1.250000000000,,FORCED_EOD,0,-16.350000000001,7.984685999999,0.763000000000,8.747685999999,-25.097686000000
2026-01-15 11:44:00-05:00,2026-01-15 11:45:00-05:00,2026-01-15 15:50:00-05:00,SHORT,2.530068198157,188.145000000000,188.107371000000,186.895000000000,186.932379000000,106,5.250000000000,1.250000000000,,TAKE_PROFIT_BRACKET,245,132.500000000000,7.950848000000,0.742000000000,8.692848000000,123.807152000000
2026-01-16 10:01:00-05:00,2026-01-16 10:02:00-05:00,2026-01-16 15:59:00-05:00,LONG,-2.578084668120,188.480000000000,188.517696000000,186.220000000000,186.182756000000,106,5.250000000000,1.250000000000,,FORCED_EOD,357,-239.559999999999,7.943639999997,0.742000000000,8.685639999997,-248.245639999996
2026-01-20 10:08:00-05:00,2026-01-20 10:09:00-05:00,2026-01-20 13:32:00-05:00,SHORT,2.560571017091,180.460000000000,180.423908000000,179.210000000000,179.245842000000,110,5.250000000000,1.250000000000,,TAKE_PROFIT_BRACKET,203,137.500000000000,7.912740000000,0.770000000000,8.682740000000,128.817260000000
2026-01-20 13:50:00-05:00,2026-01-20 13:51:00-05:00,2026-01-20 15:54:00-05:00,SHORT,2.878214922494,179.470000000000,179.434106000000,178.220000000000,178.255644000000,111,5.250000000000,1.250000000000,,TAKE_PROFIT_BRACKET,123,138.750000000000,7.940717999997,0.777000000000,8.717717999997,130.032282000003
2026-01-20 15:55:00-05:00,2026-01-20 15:56:00-05:00,2026-01-20 15:59:00-05:00,LONG,-2.570643487646,178.300000000000,178.335660000000,178.210000000000,178.174358000000,112,5.250000000000,1.250000000000,,FORCED_EOD,3,-10.080000000000,7.985824000000,0.784000000000,8.769824000000,-18.849824000001
2026-01-21 10:55:00-05:00,2026-01-21 10:56:00-05:00,2026-01-21 11:37:00-05:00,SHORT,2.818669277981,183.100000000000,183.063380000000,181.850000000000,181.886370000000,109,5.250000000000,1.250000000000,,TAKE_PROFIT_BRACKET,41,136.250000000000,7.955910000000,0.763000000000,8.718910000000,127.531090000000
2026-01-21 14:29:00-05:00,2026-01-21 14:30:00-05:00,2026-01-21 14:43:00-05:00,LONG,-2.662409163589,182.980000000000,183.016596000000,184.230000000000,184.193154000000,109,5.250000000000,1.250000000000,,TAKE_PROFIT_BRACKET,13,136.250000000000,8.005178000000,0.763000000000,8.768178000000,127.481822000000
2026-01-21 15:31:00-05:00,2026-01-21 15:32:00-05:00,2026-01-21 15:59:00-05:00,SHORT,2.676554237534,184.035000000000,183.998193000000,183.340000000000,183.376668000000,108,5.250000000000,1.250000000000,,FORCED_EOD,27,75.059999999999,7.935299999997,0.756000000000,8.691299999997,66.368700000002
2026-01-22 12:03:00-05:00,2026-01-22 12:04:00-05:00,2026-01-22 15:59:00-05:00,LONG,-2.565575946696,185.530000000000,185.567106000000,184.850000000000,184.813030000000,107,5.250000000000,1.250000000000,,FORCED_EOD,235,-72.760000000001,7.926131999999,0.749000000000,8.675131999999,-81.435132000000
2026-01-23 13:45:00-05:00,2026-01-23 13:46:00-05:00,2026-01-23 15:59:00-05:00,SHORT,2.503170540096,187.985000000000,187.947403000000,187.670000000000,187.707534000000,106,5.250000000000,1.250000000000,,FORCED_EOD,133,33.390000000003,7.963886000000,0.742000000000,8.705886000000,24.684114000003
2026-01-26 11:00:00-05:00,2026-01-26 11:01:00-05:00,2026-01-26 15:59:00-05:00,LONG,-5.284894419996,186.450000000000,186.487290000000,186.380000000000,186.342724000000,107,5.250000000000,1.250000000000,,FORCED_EOD,298,-7.489999999999,7.978561999997,0.749000000000,8.727561999997,-16.217561999997
2026-01-27 10:05:00-05:00,2026-01-27 10:06:00-05:00,2026-01-27 15:59:00-05:00,SHORT,2.810712250387,188.060000000000,188.022388000000,188.533000000000,188.570706600000,106,5.250000000000,1.250000000000,,FORCED_EOD,353,-50.137999999998,7.983771600000,0.742000000000,8.725771600000,-58.863771599999
2026-01-28 11:16:00-05:00,2026-01-28 11:17:00-05:00,2026-01-28 11:44:00-05:00,SHORT,2.647286923773,191.805000000000,191.766639000000,190.555000000000,190.593111000000,104,5.250000000000,1.250000000000,,TAKE_PROFIT_BRACKET,27,130.000000000000,7.953088000000,0.728000000000,8.681088000000,121.318912000000
2026-01-28 14:03:00-05:00,2026-01-28 14:04:00-05:00,2026-01-28 15:59:00-05:00,SHORT,2.703717288134,191.750000000000,191.711650000000,191.530000000000,191.568306000000,104,5.250000000000,1.250000000000,,FORCED_EOD,115,22.880000000000,7.972224000001,0.728000000000,8.700224000001,14.179775999998
2026-01-29 12:16:00-05:00,2026-01-29 12:17:00-05:00,2026-01-29 15:59:00-05:00,SHORT,2.572659213181,189.060000000000,189.022188000000,192.430000000000,192.468486000000,105,5.250000000000,1.250000000000,,FORCED_EOD,222,-353.850000000000,8.011290000001,0.735000000000,8.746290000001,-362.596290000001
2026-01-30 10:18:00-05:00,2026-01-30 10:19:00-05:00,2026-01-30 10:28:00-05:00,SHORT,2.518671167746,193.129400000000,193.090774120000,191.879400000000,191.917775880000,103,5.250000000000,1.250000000000,,TAKE_PROFIT_BRACKET,9,128.750000000000,7.931181279997,0.721000000000,8.652181279997,120.097818720003
2026-01-30 10:47:00-05:00,2026-01-30 10:48:00-05:00,2026-01-30 11:16:00-05:00,SHORT,2.741986800412,194.055000000000,194.016189000000,192.805000000000,192.843561000000,103,5.250000000000,1.250000000000,,TAKE_PROFIT_BRACKET,28,128.750000000000,7.969316000000,0.721000000000,8.690316000000,120.059684000000
2026-01-30 15:17:00-05:00,2026-01-30 15:18:00-05:00,2026-01-30 15:50:00-05:00,LONG,-2.677046345829,189.980000000000,190.017996000000,191.230000000000,191.191754000000,105,5.250000000000,1.250000000000,,TAKE_PROFIT_BRACKET,32,131.250000000000,8.005409999998,0.735000000000,8.740409999998,122.509590000002
2026-02-02 10:13:00-05:00,2026-02-02 10:14:00-05:00,2026-02-02 15:00:00-05:00,SHORT,2.522665703127,188.555000000000,188.517289000000,187.305000000000,187.342461000000,106,5.250000000000,1.250000000000,,TAKE_PROFIT_BRACKET,286,132.500000000000,7.968232000001,0.742000000000,8.710232000001,123.789767999999
2026-02-02 15:00:00-05:00,2026-02-02 15:01:00-05:00,2026-02-02 15:59:00-05:00,LONG,-2.510541106602,187.365000000000,187.402473000000,185.690000000000,185.652862000000,106,5.250000000000,1.250000000000,,FORCED_EOD,58,-177.550000000001,7.908766000000,0.742000000000,8.650766000000,-186.200766000002
2026-02-03 14:02:00-05:00,2026-02-03 14:03:00-05:00,2026-02-03 14:19:00-05:00,LONG,-2.554868178634,178.190000000000,178.225638000000,179.440000000000,179.404112000000,112,5.250000000000,1.250000000000,,TAKE_PROFIT_BRACKET,16,140.000000000000,8.010912000001,0.784000000000,8.794912000001,131.205087999999
2026-02-03 14:43:00-05:00,2026-02-03 14:44:00-05:00,2026-02-03 15:18:00-05:00,LONG,-2.506287999425,177.145000000000,177.180429000000,178.395000000000,178.359321000000,112,5.250000000000,1.250000000000,,TAKE_PROFIT_BRACKET,34,140.000000000000,7.964095999998,0.784000000000,8.748095999998,131.251904000002
2026-02-04 11:04:00-05:00,2026-02-04 11:05:00-05:00,2026-02-04 14:48:00-05:00,LONG,-2.871031031818,174.660000000000,174.694932000000,175.910000000000,175.874818000000,114,5.250000000000,1.250000000000,,TAKE_PROFIT_BRACKET,223,142.500000000000,7.992995999999,0.798000000000,8.790995999999,133.709004000001
2026-02-04 15:13:00-05:00,2026-02-04 15:14:00-05:00,2026-02-04 15:40:00-05:00,LONG,-2.714307317612,174.390000000000,174.424878000000,175.640000000000,175.604872000000,114,5.250000000000,1.250000000000,,TAKE_PROFIT_BRACKET,26,142.500000000000,7.980683999997,0.798000000000,8.778683999997,133.721316000003
2026-02-05 11:29:00-05:00,2026-02-05 11:30:00-05:00,2026-02-05 14:01:00-05:00,SHORT,2.515184811874,174.270000000000,174.235146000000,173.020000000000,173.054604000000,114,5.250000000000,1.250000000000,,TAKE_PROFIT_BRACKET,151,142.500000000000,7.918212000000,0.798000000000,8.716212000000,133.783788000000
2026-02-06 14:18:00-05:00,2026-02-06 14:19:00-05:00,2026-02-06 15:09:00-05:00,LONG,-2.772692815881,184.185000000000,184.221837000000,185.435000000000,185.397913000000,108,5.250000000000,1.250000000000,,TAKE_PROFIT_BRACKET,50,135.000000000000,7.983791999997,0.756000000000,8.739791999997,126.260208000003
2026-02-06 15:41:00-05:00,2026-02-06 15:42:00-05:00,2026-02-06 15:59:00-05:00,SHORT,2.606393122866,185.910100000000,185.872917980000,185.410000000000,185.447082000000,107,5.250000000000,1.250000000000,,FORCED_EOD,17,53.510700000000,7.946250139999,0.749000000000,8.695250139999,44.815449860002
2026-02-09 13:34:00-05:00,2026-02-09 13:35:00-05:00,2026-02-09 15:59:00-05:00,LONG,-2.585987772583,190.955000000000,190.993191000000,189.790000000000,189.752042000000,104,5.250000000000,1.250000000000,,FORCED_EOD,144,-121.160000000002,7.919495999999,0.728000000000,8.647495999999,-129.807496000001
2026-02-10 12:03:00-05:00,2026-02-10 12:04:00-05:00,2026-02-10 15:59:00-05:00,SHORT,2.573660593853,189.280000000000,189.242144000000,188.610000000000,188.647722000000,105,5.250000000000,1.250000000000,,FORCED_EOD,235,70.349999999999,7.935690000001,0.735000000000,8.670690000001,61.679309999998
2026-02-11 10:12:00-05:00,2026-02-11 10:13:00-05:00,2026-02-11 15:59:00-05:00,SHORT,2.545548870372,189.922000000000,189.884015600000,190.040000000000,190.078008000000,105,5.250000000000,1.250000000000,,FORCED_EOD,346,-12.389999999999,7.979201999999,0.735000000000,8.714201999999,-21.104201999998
2026-02-12 10:50:00-05:00,2026-02-12 10:51:00-05:00,2026-02-12 11:14:00-05:00,SHORT,2.680745168020,190.153400000000,190.115369320000,188.903400000000,188.941180680000,105,5.250000000000,1.250000000000,,TAKE_PROFIT_BRACKET,23,131.250000000000,7.960192799999,0.735000000000,8.695192799999,122.554807200001
2026-02-12 12:57:00-05:00,2026-02-12 12:58:00-05:00,2026-02-12 14:55:00-05:00,SHORT,2.641028243172,189.710100000000,189.672157980000,188.460100000000,188.497792020000,105,5.250000000000,1.250000000000,,TAKE_PROFIT_BRACKET,117,131.250000000000,7.941574200001,0.735000000000,8.676574200001,122.573425799999
2026-02-13 11:54:00-05:00,2026-02-13 11:55:00-05:00,2026-02-13 12:32:00-05:00,LONG,-2.683015315992,183.673500000000,183.710234700000,184.923500000000,184.886515300000,108,5.250000000000,1.250000000000,,TAKE_PROFIT_BRACKET,37,135.000000000000,7.961695199999,0.756000000000,8.717695199999,126.282304800001
2026-02-13 13:37:00-05:00,2026-02-13 13:38:00-05:00,2026-02-13 14:56:00-05:00,SHORT,2.822555343754,184.660000000000,184.623068000000,183.410000000000,183.446682000000,108,5.250000000000,1.250000000000,,TAKE_PROFIT_BRACKET,78,135.000000000000,7.950311999999,0.756000000000,8.706311999999,126.293688000001
2026-02-13 15:25:00-05:00,2026-02-13 15:26:00-05:00,2026-02-13 15:59:00-05:00,SHORT,2.972377391946,182.480000000000,182.443504000000,182.780000000000,182.816556000000,109,5.250000000000,1.250000000000,,FORCED_EOD,33,-32.700000000001,7.962667999999,0.763000000000,8.725667999999,-41.425668000000
2026-02-17 10:51:00-05:00,2026-02-17 10:52:00-05:00,2026-02-17 14:32:00-05:00,SHORT,2.666193951735,181.425000000000,181.388715000000,186.675000000000,186.712335000000,110,5.250000000000,1.250000000000,,STOP,220,-577.500000000000,8.098199999997,0.770000000000,8.868199999997,-586.368199999997
2026-02-17 14:32:00-05:00,2026-02-17 14:33:00-05:00,2026-02-17 15:22:00-05:00,SHORT,2.914803322465,186.755000000000,186.717649000000,185.505000000000,185.542101000000,107,5.250000000000,1.250000000000,,TAKE_PROFIT_BRACKET,49,133.750000000000,7.966364000001,0.749000000000,8.715364000001,125.034635999999
2026-02-17 15:54:00-05:00,2026-02-17 15:55:00-05:00,2026-02-17 15:59:00-05:00,LONG,-2.544984453711,184.580000000000,184.616916000000,185.029900000000,184.992894020000,108,5.250000000000,1.250000000000,,FORCED_EOD,4,48.589199999998,7.983573839999,0.756000000000,8.739573839999,39.849626159999
2026-02-18 11:50:00-05:00,2026-02-18 11:51:00-05:00,2026-02-18 15:59:00-05:00,LONG,-2.553707601192,189.075000000000,189.112815000000,187.840000000000,187.802432000000,105,5.250000000000,1.250000000000,,FORCED_EOD,248,-129.674999999998,7.915214999999,0.735000000000,8.650214999999,-138.325214999997
2026-02-19 11:06:00-05:00,2026-02-19 11:07:00-05:00,2026-02-19 15:59:00-05:00,LONG,-2.566868492374,187.030000000000,187.067406000000,187.890000000000,187.852422000000,106,5.250000000000,1.250000000000,,FORCED_EOD,292,91.159999999998,7.948304000000,0.742000000000,8.690304000000,82.469695999998
2026-02-20 10:44:00-05:00,2026-02-20 10:45:00-05:00,2026-02-20 12:24:00-05:00,SHORT,2.549580027107,189.200000000000,189.162160000000,187.950000000000,187.987590000000,105,5.250000000000,1.250000000000,,TAKE_PROFIT_BRACKET,99,131.250000000000,7.920149999998,0.735000000000,8.655149999998,122.594850000002
2026-02-20 12:24:00-05:00,2026-02-20 12:25:00-05:00,2026-02-20 13:31:00-05:00,LONG,-2.595614414155,187.865000000000,187.902573000000,189.115000000000,189.077177000000,106,5.250000000000,1.250000000000,,TAKE_PROFIT_BRACKET,66,132.500000000000,7.991976000001,0.742000000000,8.733976000001,123.766023999999
2026-02-20 13:31:00-05:00,2026-02-20 13:32:00-05:00,2026-02-20 15:59:00-05:00,SHORT,2.552853009239,189.115000000000,189.077177000000,189.810000000000,189.847962000000,105,5.250000000000,1.250000000000,,FORCED_EOD,147,-72.974999999999,7.957425000000,0.735000000000,8.692425000000,-81.667424999999
