stop_usd,target_usd,sessions,raw_bars,trades,generated_flat_signals,ignored_signals_while_open,gross_pnl,costs,commissions,slippage,net_pnl,net_return_pct,win_rate_pct,profit_factor,net_sharpe,net_sortino,max_drawdown_usd_daily,max_drawdown_pct_daily,avg_net_trade,avg_duration_bars,stops,targets,forced_eod,avg_gross_risk_usd,avg_gross_reward_usd
3.0,1.25,125,48390,228,228,1376,2852.6743999999944,1988.4936634397868,172.63400000000016,1815.8596634397854,864.1807365602077,0.8641807365602078,60.526315789473685,1.0616529384435018,0.45532270112226214,0.567051401806505,2288.8267501799564,2.261587861749545,3.790266388421964,116.64035087719299,28,108,92,324.5,135.20833333333334
2.5,1.25,125,48390,238,238,1366,2750.9123999999874,2075.549911719784,180.2220000000001,1895.3279117197826,675.3624882802033,0.6753624882802033,59.2436974789916,1.0462925950155904,0.3620144934019887,0.4494077920787565,2320.903942379955,2.2992206466016247,2.8376575137823665,109.51680672268908,37,111,90,270.44117647058823,135.22058823529412
2.75,1.25,125,48390,230,230,1374,2112.657399999991,2005.8678374797864,174.08300000000014,1831.784837479785,106.78956252020464,0.10678956252020463,59.130434782608695,1.0073572106782884,0.07389624594579385,0.09167269998310949,2192.3656951399607,2.1710366337522364,0.46430244574002016,114.18695652173913,33,106,91,297.3467391304348,135.1576086956522
2.25,1.25,125,48390,245,245,1359,2218.2298999999766,2136.649795179774,185.46500000000015,1951.1847951797736,81.58010482020256,0.08158010482020256,58.36734693877551,1.005345422668527,0.06226525296112989,0.07858950249308438,2139.287456299964,2.1186925714799845,0.3329800196742962,104.15510204081633,47,111,87,243.32142857142858,135.17857142857142
2.0,1.25,125,48390,260,260,1344,2214.124899999979,2267.1082070997745,196.65800000000002,2070.4502070997737,-52.983307099795525,-0.052983307099795526,57.30769230769231,0.9966927211478448,-0.009220010436150785,-0.011486930419465007,2294.126489219969,2.2715878128523177,-0.20378195038382893,95.74230769230769,56,115,89,216.1076923076923,135.06730769230768
2.0,1.0,125,48390,284,284,1320,2358.867199999985,2475.9426730797336,214.56400000000002,2261.3786730797337,-117.07547307974858,-0.11707547307974857,60.91549295774647,0.9924827596412712,-0.051270507086718355,-0.06456766462766836,2248.772021099954,2.2354300955977418,-0.41223758126672033,82.80281690140845,52,146,86,215.85915492957747,107.92957746478874
3.0,1.0,125,48390,251,251,1353,1856.8457000000008,2188.528823339742,189.82600000000016,1998.7028233397427,-331.6831233397412,-0.3316831233397412,62.54980079681275,0.9770361010223735,-0.15422165898244497,-0.18603803158174817,2090.529735719945,2.0753417488626793,-1.3214467065328335,100.02390438247012,27,134,90,324.1195219123506,108.0398406374502
1.75,1.25,125,48390,263,263,1341,1923.5418999999797,2293.3688899397457,198.842,2094.5268899397465,-369.8269899397661,-0.3698269899397661,54.752851711026615,0.9769448746616053,-0.18725311174931358,-0.23590993629587215,2846.3967418398533,2.815534583764473,-1.4061862735352324,92.93155893536121,68,112,83,189.01330798479088,135.00950570342206
1.75,1.0,125,48390,288,288,1316,2065.3245999999835,2510.920715999693,217.46200000000002,2293.4587159996945,-445.5961159997098,-0.44559611599970983,59.02777777777778,0.9715797400247359,-0.25680082994358355,-0.3249430776372147,2339.6459470198024,2.325094725148706,-1.5472087361101035,80.11805555555556,64,144,80,188.76909722222223,107.86805555555556
2.5,1.0,125,48390,264,264,1340,1732.0186999999926,2301.780064619743,199.6820000000001,2102.098064619743,-569.7613646197503,-0.5697613646197504,61.74242424242424,0.9627462865146459,-0.28459506170159843,-0.34466131778133524,2770.8098823399487,2.755676873800795,-2.158186987196024,92.17424242424242,38,140,86,270.13257575757575,108.0530303030303
2.25,1.5,125,48390,223,223,1381,1324.999799999987,1944.495931519776,168.60900000000015,1775.886931519775,-619.4961315197888,-0.6194961315197889,54.7085201793722,0.9595182151354631,-0.3229594899520708,-0.4041454347770432,3124.0755191799544,3.0915783277471145,-2.7780095583847033,121.6322869955157,46,82,95,243.03026905829597,162.0201793721973
2.5,1.75,125,48390,201,201,1403,1009.7815,1752.643107099805,152.0680000000001,1600.5751070998058,-742.8616070998049,-0.742861607099805,53.73134328358209,0.9506237599441745,-0.35811519163985767,-0.4409524314097035,3514.9896456198767,3.4780481658144904,-3.6958288910438055,142.83582089552237,38,66,97,270.19900497512435,189.13930348258705
2.25,1.0,125,48390,270,270,1334,1643.8705999999827,2354.181057199721,204.19700000000006,2149.9840571997215,-710.3104571997386,-0.7103104571997386,61.111111111111114,0.9542002251100262,-0.38355620613522423,-0.47459777334605163,2551.1435778999585,2.5367387531728642,-2.630779471110143,88.41111111111111,46,140,84,243.09166666666667,108.04074074074074
2.5,1.5,125,48390,217,217,1387,1066.852299999999,1892.2455140598047,164.1150000000001,1728.1305140598033,-825.3932140598056,-0.8253932140598056,54.377880184331794,0.9460157798836354,-0.4058391883730747,-0.49160858578080235,3626.7248309798742,3.589190418160854,-3.8036553643309015,126.84792626728111,39,81,97,270.1036866359447,162.06221198156683
2.75,1.0,125,48390,255,255,1349,1332.368699999996,2223.396653379738,192.84300000000013,2030.5536533797385,-891.027953379742,-0.8910279533797419,62.35294117647059,0.9411097143976911,-0.45259058801513574,-0.5460445538968046,2512.0631047399656,2.4968889438469017,-3.4942272681558513,96.15686274509804,33,135,87,297.09705882352944,108.03529411764706
2.5,0.75,125,48390,304,304,1300,1764.6842000000054,2650.769287239724,230.09700000000012,2420.672287239724,-886.0850872397185,-0.8860850872397186,68.0921052631579,0.9415638841962136,-0.4678929390703192,-0.5543760526697545,2874.168596999938,2.8511949006441175,-2.9147535764464423,71.6842105263158,38,190,76,270.3207236842105,81.09621710526316
2.25,0.75,125,48390,310,310,1294,1835.8685999999948,2703.1305242796934,234.68900000000002,2468.441524279694,-867.2619242796986,-0.8672619242796987,67.74193548387096,0.9434207159886387,-0.48881519467113665,-0.5900457502993243,2512.045670839929,2.4912501706838173,-2.797619110579673,68.97741935483872,45,191,74,243.34112903225807,81.11370967741935
2.0,1.5,125,48390,237,237,1367,1111.862799999981,2066.376261279789,179.1300000000001,1887.2462612797872,-954.5134612798083,-0.9545134612798083,53.58649789029536,0.9410566791612124,-0.4972708135623567,-0.6132895094270078,3506.0362840999733,3.4688339146612304,-4.027482958986533,112.69620253164557,56,85,96,215.9493670886076,161.9620253164557
1.75,0.75,125,48390,331,331,1273,1984.7789999999916,2885.9841889196778,250.3130000000001,2635.6711889196777,-901.2051889196861,-0.901205188919686,65.55891238670695,0.9431998326828436,-0.5552923309655666,-0.6829388489851482,3003.565279939794,2.9769888999150664,-2.722674286766423,61.38066465256797,67,198,66,189.0581570996979,81.02492447129909
3.0,0.75,125,48390,292,292,1312,1469.419600000008,2546.1228479597235,221.01800000000011,2325.104847959723,-1076.7032479597156,-1.0767032479597154,68.4931506849315,0.9275068092849155,-0.5612673789134441,-0.6593923941155595,2660.317235899827,2.6364805471780475,-3.6873398902729986,77.32534246575342,28,183,81,324.3904109589041,81.09760273972603
2.25,1.75,125,48390,207,207,1397,729.199599999991,1804.8838024397899,156.50600000000014,1648.3778024397905,-1075.6842024397988,-1.0756842024397988,53.62318840579711,0.9303633641925639,-0.5675584574194987,-0.7163353557534874,3299.998118339936,3.265142009828268,-5.196542040771975,136.19806763285024,47,66,94,243.02173913043478,189.0169082125604
2.75,0.75,125,48390,294,294,1310,1440.994200000003,2563.57459199973,222.4810000000001,2341.09359199973,-1122.580391999727,-1.122580391999727,68.36734693877551,0.9249698388591556,-0.5990235839923785,-0.7096405400647707,2744.1835298398073,2.7195953913601114,-3.818300653060296,75.421768707483,32,184,78,297.2899659863946,81.07908163265306
3.0,1.5,125,48390,204,204,1400,542.5893000000015,1778.9424250198065,154.3010000000001,1624.6414250198059,-1236.353125019805,-1.236353125019805,54.90196078431373,0.9162710923640441,-0.6111492505558613,-0.7369609781625044,4001.5758779398748,3.9594978070263354,-6.060554534410809,137.79901960784315,29,76,99,324.1617647058824,162.0808823529412
3.0,1.75,125,48390,188,188,1416,259.98850000000317,1639.3533811798152,142.25400000000008,1497.0993811798148,-1379.364881179812,-1.379364881179812,54.25531914893617,0.9056236003772669,-0.6709690157415931,-0.8212779824242614,4062.3734556998825,4.019005088607216,-7.3370472403181495,154.56914893617022,29,61,98,324.28723404255317,189.16755319148936
2.0,0.75,125,48390,322,322,1282,1652.127499999991,2807.337154819709,243.62800000000007,2563.7091548197095,-1155.2096548197183,-1.1552096548197184,66.77018633540372,0.9273645356306408,-0.6759458121901843,-0.8186016540830712,3053.31400519982,3.027167371435541,-3.5876076236637213,65.0527950310559,54,195,73,216.17391304347825,81.06521739130434
2.5,2.0,125,48390,190,190,1414,80.68490000000713,1657.15736921983,144.0110000000001,1513.1463692198295,-1576.4724692198226,-1.5764724692198226,51.05263157894737,0.8961663021936102,-0.7867800079316482,-0.9556670174216476,4452.21641087989,4.405340290750306,-8.297223522209594,153.6263157894737,39,50,101,270.69736842105266,216.55789473684212
2.0,1.75,125,48390,221,221,1383,271.8419999999842,1926.5766244797976,167.02000000000012,1759.5566244797974,-1654.7346244798134,-1.6547346244798133,52.03619909502263,0.8997219167909877,-0.8526311899718746,-1.0481001275067732,3841.747419139967,3.800367323154835,-7.487486988596441,124.77828054298642,58,68,95,215.92760180995475,188.93665158371041
2.75,1.75,125,48390,192,192,1412,-233.10849999999823,1674.3888540998043,145.2710000000001,1529.1178540998053,-1907.4973540998026,-1.9074973540998026,53.125,0.874283948899621,-0.9426254004117915,-1.1532973106306208,4206.597386619862,4.161689339227515,-9.934882052603138,148.38020833333334,34,61,97,297.2434895833333,189.15494791666666
2.75,1.5,125,48390,208,208,1396,-71.78769999999963,1813.9816110597994,157.3180000000001,1656.6636110597997,-1885.769311059799,-1.885769311059799,53.84615384615385,0.8779016407468303,-0.9462236485284938,-1.139804049654475,4267.0835219798755,4.222213538626142,-9.066198610864419,132.38942307692307,35,76,97,297.13221153846155,162.0721153846154
1.75,1.5,125,48390,243,243,1361,344.4902999999781,2118.642664819758,183.5120000000001,1935.1306648197574,-1774.15236481978,-1.77415236481978,50.617283950617285,0.8933355100622953,-0.966272982889702,-1.2049355966343596,3881.639741379855,3.8393504861395376,-7.301038538353004,106.51851851851852,70,82,91,188.79835390946502,161.82716049382717
2.25,2.0,125,48390,196,196,1408,-164.75200000000063,1709.4851915598067,148.44900000000015,1561.0361915598066,-1874.2371915598073,-1.8742371915598073,51.02040816326531,0.8796058917267294,-1.0031784719190402,-1.241157221827674,4348.7507041398785,4.302734491546872,-9.562434650815344,147.01020408163265,48,50,98,243.44770408163265,216.39795918367346
2.25,2.75,125,48390,180,180,1424,-430.628399999997,1569.6447928398306,136.25500000000008,1433.3897928398299,-2000.2731928398275,-2.0002731928398276,50.0,0.8656894608561695,-1.0264241005969614,-1.295343987110373,4751.303103139871,4.696893433425398,-11.112628849110154,167.67777777777778,47,25,108,243.3125,297.38194444444446
2.5,2.75,125,48390,176,176,1428,-643.93659999999,1534.9644035198453,133.34300000000005,1401.621403519845,-2178.9010035198353,-2.1789010035198353,50.0,0.8539702502322392,-1.0519638637719824,-1.2860683411070952,5412.296879979884,5.350602890425574,-12.380119338180883,173.6931818181818,40,25,111,270.5823863636364,297.640625
3.0,0.5,125,48390,355,355,1249,1229.9634000000058,3095.192563959682,268.5270000000004,2826.6655639596806,-1865.2291639596765,-1.8652291639596765,75.49295774647888,0.8650500933168436,-1.1108425881793023,-1.256008629109278,3539.1595767798863,3.5169426978655474,-5.254166659041342,52.416901408450705,26,260,69,324.1774647887324,54.02957746478873
3.0,2.0,125,48390,176,176,1428,-768.4768999999918,1535.1339150598365,133.40600000000006,1401.7279150598365,-2303.6108150598284,-2.3036108150598285,51.13636363636363,0.841098901285156,-1.1361278802444448,-1.3696426193496833,5037.224692719901,4.983353418144867,-13.088697812839934,167.8465909090909,29,44,103,324.85227272727275,216.5681818181818
1.5,1.25,125,48390,291,291,1313,361.5166999999842,2537.577110699735,220.0660000000001,2317.5111106997333,-2176.0604106997507,-2.1760604106997508,50.85910652920962,0.8805477611699951,-1.1680016388405834,-1.4382033678611712,3324.7247211597714,3.307695037596768,-7.477870827146909,80.75257731958763,95,115,81,162.05154639175257,135.0429553264605
2.25,2.25,125,48390,194,194,1410,-557.9655000000043,1692.124950259824,146.94400000000013,1545.1809502598242,-2250.0904502598282,-2.2500904502598282,50.0,0.857693595482275,-1.1947450273916853,-1.4912547202687012,4438.736663239877,4.403763756477587,-11.59840438278262,149.43298969072166,49,38,107,243.46391752577318,243.46391752577318
1.25,1.5,125,48390,295,295,1309,461.07959999998985,2572.4780041597423,223.04800000000012,2349.4300041597426,-2111.3984041597523,-2.111398404159752,46.101694915254235,0.8857010199999922,-1.1992502043581106,-1.5022561352597237,2859.7570057997946,2.849735421216696,-7.1572827259652625,81.49491525423728,118,90,87,135.01694915254237,162.02033898305083
1.75,1.75,125,48390,229,229,1375,-217.62550000001772,1996.1783301397822,172.92100000000013,1823.2573301397829,-2213.8038301398,-2.2138038301398004,49.34497816593886,0.8689486693804701,-1.2031345953144665,-1.4968757738648897,3947.674882299878,3.90403407301586,-9.667265633798253,116.62008733624454,72,67,90,188.77838427947597,188.77838427947597
2.25,0.5,125,48390,377,377,1227,1404.6899999999987,3287.1605940396566,285.3130000000003,3001.8475940396524,-1882.4705940396577,-1.8824705940396578,75.06631299734748,0.8704590723643829,-1.2061182873309573,-1.3828168562159893,3711.898774779853,3.6885975350836757,-4.993290700370445,45.3448275862069,44,275,58,243.25663129973475,54.05702917771883
2.5,2.25,125,48390,188,188,1416,-839.5863999999978,1639.8560963598366,142.5200000000001,1497.336096359837,-2479.4424963598344,-2.4794424963598347,50.0,0.8415926987896584,-1.219683331103416,-1.475194558175164,5059.553762319876,5.019957841521962,-13.18852391680763,157.30851063829786,41,38,109,270.74468085106383,243.67021276595744
2.5,3.0,125,48390,170,170,1434,-1034.575499999988,1482.4857120998568,128.75800000000004,1353.7277120998583,-2517.061212099845,-2.517061212099845,49.411764705882355,0.8286467369918791,-1.237242728273146,-1.4930814822568217,5346.7992624798935,5.286661027086334,-14.806242424116734,182.57647058823528,40,19,111,270.5,324.6
2.5,0.5,125,48390,373,373,1231,1091.5180000000023,3252.299384999677,282.3100000000003,2969.9893849996747,-2160.7813849996746,-2.160781384999675,75.33512064343164,0.8531541484491565,-1.2905200950937232,-1.457943921066627,4029.624988939875,4.0043292404698585,-5.7929795844495295,46.85790884718499,38,273,62,270.3083109919571,54.061662198391424
1.75,0.5,125,48390,400,400,1204,1659.896099999993,3487.2368839796372,302.4770000000004,3184.759883979635,-1827.3407839796441,-1.8273407839796443,73.25,0.8770953765122198,-1.3096305881016415,-1.5321305979576607,3725.2350275597128,3.7018500702727484,-4.56835195994911,40.2825,64,284,52,189.048125,54.01375
2.25,3.0,125,48390,174,174,1430,-996.0222999999959,1517.1109544198403,131.66300000000004,1385.447954419841,-2513.1332544198362,-2.513133254419836,48.85057471264368,0.8289443163512388,-1.3214198618129513,-1.638608414278688,4685.805485639881,4.632854913003509,-14.443294565631243,175.4655172413793,47,19,108,243.2198275862069,324.2931034482759
2.75,0.5,125,48390,358,358,1246,927.7380000000055,3121.374527999691,270.7880000000004,2850.5865279996874,-2193.6365279996853,-2.193636527999685,75.13966480446928,0.8454035438278799,-1.3232313432297917,-1.4989333320006926,3869.251227579749,3.8449622165455213,-6.127476335194651,50.8268156424581,31,261,66,297.1536312849162,54.02793296089386
1.25,1.75,125,48390,280,280,1324,78.95159999998629,2441.483944439757,211.75000000000003,2229.7339444397576,-2362.532344439771,-2.362532344439771,44.642857142857146,0.8736915291295955,-1.3239717717206536,-1.6697495796563007,2923.0962432399538,2.912356175824432,-8.437615515856324,88.70357142857142,121,75,84,135.04464285714286,189.0625
3.0,2.75,125,48390,162,162,1442,-1346.1474999999914,1412.849504059854,122.75200000000008,1290.097504059855,-2758.9970040598455,-2.7589970040598453,50.617283950617285,0.80359407470518,-1.32575779441194,-1.6167436681658638,5804.224668559895,5.737101815574714,-17.03084570407312,189.6358024691358,30,23,109,324.74074074074076,297.679012345679
2.0,2.75,125,48390,191,191,1413,-1009.2810000000064,1665.3502215198332,144.54300000000006,1520.8072215198329,-2674.6312215198395,-2.6746312215198396,47.64397905759162,0.830645551983443,-1.3258574442310544,-1.6381429765640982,5251.165049219897,5.189937237224138,-14.003304824711202,155.90052356020942,56,26,109,216.2198952879581,297.3023560209424
0.75,0.75,125,48390,449,449,1155,1889.1445999999933,3914.9695538795872,339.6540000000007,3575.315553879592,-2025.824953879594,-2.025824953879594,51.00222717149221,0.886901788876321,-1.4058312361386687,-1.7020486166224922,3295.9473116996523,3.273862785550662,-4.5118595854779375,33.44097995545657,190,214,45,81.05011135857461,81.05011135857461
2.0,0.5,125,48390,384,384,1220,1252.329599999996,3347.9090784396826,290.47200000000026,3057.437078439679,-2095.5794784396867,-2.095579478439687,73.95833333333334,0.858238021839529,-1.4152292533189308,-1.6346013965722668,3932.444928019744,3.907759222018713,-5.45723822510335,43.877604166666664,50,276,58,216.125,54.03125
2.5,2.5,125,48390,180,180,1424,-1275.497599999997,1570.0562373998523,136.50000000000009,1433.5562373998528,-2845.5538373998493,-2.8455538373998492,49.44444444444444,0.8133128150748701,-1.4231112638887307,-1.6963295371302456,5631.36926357988,5.582549708024138,-15.808632429999163,167.34444444444443,40,30,110,270.8333333333333,270.8333333333333
1.0,1.75,125,48390,313,313,1291,330.4732999999875,2729.068696619735,236.5650000000001,2492.503696619736,-2398.5953966197476,-2.3985953966197475,40.57507987220447,0.8742798856424592,-1.429698364799533,-1.8275199484243703,3231.01465551983,3.2118538700061148,-7.663244078657341,73.81150159744409,157,75,81,107.97124600638978,188.9496805111821
2.75,2.0,125,48390,181,181,1423,-1321.455099999992,1578.9227662198255,137.2140000000001,1441.708766219826,-2900.3778662198174,-2.9003778662198174,50.27624309392266,0.8109124901312534,-1.448558597522959,-1.7436911878743466,5250.083201879883,5.193935483450923,-16.024187106186837,160.04972375690608,35,45,101,297.8204419889503,216.59668508287294
2.0,2.25,125,48390,206,206,1398,-1103.8846000000126,1796.5385971998244,155.9880000000001,1640.5505971998248,-2900.423197199837,-2.900423197199837,48.05825242718447,0.8278195077839039,-1.4715287446877128,-1.79348347097294,4813.368790559893,4.774434133266529,-14.079724258251636,138.51456310679612,60,39,107,216.3495145631068,243.39320388349515
1.25,1.25,125,48390,314,314,1290,89.99389999998857,2738.402688059721,237.53800000000012,2500.864688059719,-2648.4087880597326,-2.648408788059733,48.089171974522294,0.8588903533848125,-1.5126223270836259,-1.86544945869085,3504.8967025197635,3.494869176854068,-8.434422891909977,71.15286624203821,120,114,80,135.0875796178344,135.0875796178344
3.0,2.25,125,48390,173,173,1431,-1593.2888999999968,1508.9880943398475,131.17300000000006,1377.8150943398482,-3102.2769943398444,-3.1022769943398445,50.28901734104046,0.7908219712154085,-1.515152228331662,-1.824046093423501,5487.247596299887,5.4433891401172465,-17.93223696150199,172.121387283237,31,34,108,324.95375722543355,243.71531791907515
1.5,1.0,125,48390,313,313,1291,233.76759999998967,2729.113058799708,236.4250000000001,2492.688058799707,-2495.3454587997185,-2.4953454587997186,55.27156549520767,0.8607315589640548,-1.5223952867158612,-1.843768888293226,3090.5316542397486,3.085995362352138,-7.972349708625298,70.42811501597444,93,146,74,161.86102236421726,107.90734824281151
2.0,2.0,125,48390,209,209,1395,-1142.7326000000087,1822.5679421998118,158.2490000000001,1664.3189421998113,-2965.3005421998205,-2.96530054219982,48.803827751196174,0.8241275330284995,-1.5375499315730943,-1.8435328066128889,5269.995963179899,5.213131797040798,-14.188040871769475,135.55502392344496,60,49,100,216.33492822966508,216.33492822966508
1.75,2.25,125,48390,215,215,1389,-1044.8898000000127,1874.7265077197962,162.64500000000012,1712.081507719797,-2919.616307719809,-2.9196163077198087,46.51162790697674,0.8283767577312391,-1.5452166086804096,-1.9253299239184922,4488.719057399867,4.4511303153499915,-13.579610733580507,128.46046511627907,73,40,102,189.12209302325581,243.15697674418604
2.25,2.5,125,48390,185,185,1419,-1341.7072000000014,1613.5587349198374,140.1680000000001,1473.3907349198382,-2955.265934919839,-2.9552659349198387,48.64864864864865,0.8114368824799123,-1.5929872535937974,-1.943006903758574,5172.227042899889,5.12711396108884,-15.974410459026156,159.55135135135134,49,30,106,243.53513513513514,270.5945945945946
3.0,3.0,125,48390,155,155,1449,-1956.8263999999883,1351.7826526398637,117.49500000000006,1234.287652639864,-3308.609052639852,-3.308609052639852,50.32258064516129,0.760478526969459,-1.6262318785994694,-1.9488531347041371,5915.571971059893,5.848056375548337,-21.34586485574098,200.47096774193548,30,16,109,324.8709677419355,324.8709677419355
1.5,1.5,125,48390,275,275,1329,-665.4406000000098,2397.68754331975,207.7810000000001,2189.90654331975,-3063.12814331976,-3.06312814331976,47.27272727272727,0.8375223903228334,-1.6701098238124956,-2.0387580180993052,4031.9993169597874,4.009242034962194,-11.138647793890037,91.02545454545455,98,87,90,161.90727272727273,161.90727272727273
1.5,0.75,125,48390,352,352,1252,334.77019999999357,3069.4703309596775,266.3080000000004,2803.162330959678,-2734.700130959684,-2.734700130959684,61.93181818181818,0.8452735435129125,-1.6916471128331456,-2.0195807060520323,3606.284015879748,3.590436013042352,-7.769034462953647,55.23863636363637,92,197,63,162.1193181818182,81.0596590909091
3.0,2.5,125,48390,165,165,1439,-2020.177099999997,1439.2111399798594,125.15300000000005,1314.0581399798616,-3459.3882399798563,-3.459388239979856,49.696969696969695,0.7592438418368391,-1.7140488322908245,-2.0342233783754318,5997.052402159898,5.944063895682061,-20.96598933321125,183.61212121212122,30,27,108,325.07272727272726,270.8939393939394
2.0,2.5,125,48390,197,197,1407,-1625.6098000000102,1717.8996862398362,149.19800000000012,1568.7016862398375,-3343.5094862398464,-3.3435094862398462,46.7005076142132,0.7975961857219994,-1.7209855783483643,-2.066530565358649,5385.97451161989,5.337868837896956,-16.97212937177587,147.87817258883248,58,32,107,216.38578680203045,270.48223350253807
1.0,0.75,125,48390,401,401,1203,1000.419399999994,3496.7619775996413,303.29600000000045,3193.465977599644,-2496.3425775996475,-2.4963425775996475,55.36159600997507,0.8601838167522337,-1.7345449587110413,-2.1344279330398765,3240.5742780597066,3.2262637418582365,-6.22529321097169,41.758104738154614,143,205,53,108.0498753117207,81.03740648379052
0.75,1.25,125,48390,382,382,1222,602.9683999999854,3330.603146679634,288.82000000000045,3041.7831466796324,-2727.6347466796487,-2.7276347466796484,39.00523560209424,0.8552843423293254,-1.7354939013299977,-2.1638335804252553,3923.326585379691,3.9047094974168735,-7.1404050960200225,49.824607329842934,202,116,64,81.00785340314137,135.0130890052356
2.0,3.0,125,48390,184,184,1420,-1830.5917000000034,1604.2296477398443,139.27900000000008,1464.9506477398447,-3434.8213477398476,-3.434821347739848,46.19565217391305,0.779707589280292,-1.744557561967124,-2.115855823778297,5432.997496359894,5.370471311743449,-18.667507324673085,164.0,56,19,109,216.27173913043478,324.4076086956522
1.75,2.0,125,48390,217,217,1387,-1331.1931000000081,1891.9692132597916,164.15000000000012,1727.8192132597915,-3223.1623132597997,-3.2231623132597997,47.004608294930875,0.81058383786822,-1.7493781188775859,-2.1332604688658963,4999.241752559872,4.943881099368516,-14.85328254958433,125.5668202764977,73,48,96,189.11290322580646,216.1290322580645
1.25,0.75,125,48390,372,372,1232,497.51719999999705,3243.9368740796667,281.4770000000002,2962.459874079668,-2746.4196740796697,-2.74641967407967,58.87096774193549,0.8458013230456424,-1.7548105663727525,-2.1126485559152615,3432.9685209997406,3.4246207490001206,-7.382848586235671,49.67741935483871,114,199,59,135.11760752688173,81.07056451612904
1.0,2.0,125,48390,292,292,1312,-454.13760000000605,2546.261067199763,220.9690000000001,2325.292067199763,-3000.398667199769,-3.000398667199769,38.013698630136986,0.8382084367661338,-1.7760583734676283,-2.222347659482997,3835.4266994797945,3.809774680473372,-10.275337901369072,81.16780821917808,152,57,83,108.10616438356165,216.2123287671233
1.5,1.75,125,48390,258,258,1346,-1099.6173000000126,2249.2239164197663,194.93600000000012,2054.287916419766,-3348.841216419779,-3.348841216419779,45.73643410852713,0.8231315837742221,-1.8183302089343765,-2.214012653846901,3999.0790958998114,3.9764254363141585,-12.980004714805345,99.92635658914729,99,72,87,161.90697674418604,188.89147286821705
0.75,1.0,125,48390,414,414,1190,858.6751999999859,3609.3186069996073,312.86500000000046,3296.4536069996093,-2750.643406999621,-2.7506434069996213,43.23671497584541,0.8544170782294022,-1.8322435178717584,-2.262245495200494,3454.299100699689,3.4476241661668063,-6.644066200482177,42.806763285024154,200,154,60,80.96920289855072,107.95893719806763
1.5,0.5,125,48390,419,419,1185,1020.0799999999949,3653.3953154796523,316.9110000000004,3336.484315479652,-2633.3153154796573,-2.633315315479657,70.64439140811456,0.8331980353995019,-1.8371392663906592,-2.1196573204961924,3939.1645050597144,3.932130341956993,-6.284762089450256,36.64200477326969,83,287,49,162.07517899761336,54.02505966587112
2.75,2.75,125,48390,167,167,1437,-2433.3986999999915,1456.7519006198409,126.56000000000006,1330.1919006198418,-3890.1506006198324,-3.8901506006198323,49.101796407185624,0.7432123515434731,-1.8650423309260247,-2.245371313875519,6551.469723119881,6.475705367986648,-23.294314973771453,181.2574850299401,37,22,108,297.7245508982036,297.7245508982036
1.0,2.25,125,48390,288,288,1316,-689.9389000000069,2511.7695774197696,218.05700000000013,2293.71257741977,-3201.7084774197765,-3.201708477419776,36.80555555555556,0.8284706061247024,-1.8729907022967558,-2.3475506631744056,3703.836114099846,3.6889149319225143,-11.117043324374224,83.43402777777777,153,45,90,108.16319444444444,243.3671875
1.0,1.5,125,48390,324,324,1280,-216.41320000001127,2825.0918341597276,244.87400000000017,2580.2178341597287,-3041.505034159739,-3.041505034159739,41.66666666666667,0.8420751245422599,-1.890726388371291,-2.3820032090355308,3620.961009839768,3.6001000151713995,-9.387361216542404,68.89814814814815,157,89,78,107.96913580246914,161.9537037037037
0.75,1.5,125,48390,365,365,1239,164.45209999998127,3182.2590083796495,275.9120000000003,2906.3470083796506,-3017.806908379668,-3.017806908379668,36.16438356164384,0.8421133187915315,-1.893835014745285,-2.371070482884236,4152.593127259708,4.130718676621597,-8.267964132547036,56.0986301369863,205,89,71,80.99178082191781,161.98356164383563
1.0,1.0,125,48390,369,369,1235,195.98209999998915,3217.5180086196965,278.7890000000003,2938.7290086196963,-3021.5359086197072,-3.021535908619707,48.23848238482385,0.8403915084685389,-1.9388998807212805,-2.383556646553227,3137.3674641197285,3.1337376071041305,-8.188444196801374,52.32249322493225,152,151,66,107.93224932249322,107.93224932249322
1.25,2.0,125,48390,261,261,1343,-1222.3708000000042,2276.4557695597723,197.79900000000006,2078.656769559774,-3498.8265695597765,-3.4988265695597764,40.99616858237548,0.8105566367894301,-1.9465230766558363,-2.394958639892486,3982.078831839797,3.963311490703931,-13.405465783753932,96.52873563218391,120,55,86,135.33045977011494,216.5287356321839
1.25,1.0,125,48390,335,335,1269,-282.3466000000067,2921.125587319698,253.20400000000015,2667.921587319698,-3203.4721873197045,-3.2034721873197043,51.94029850746269,0.8277039828499341,-1.9699650677274634,-2.350065416790709,3679.8369483797287,3.6798369483797284,-9.562603544237923,62.767164179104476,119,143,73,134.97014925373134,107.97611940298508
1.75,2.75,125,48390,198,198,1406,-1995.8720000000078,1726.3757660798162,149.85600000000014,1576.519766079817,-3722.247766079824,-3.722247766079824,44.44444444444444,0.7718750311330418,-1.9726948706761636,-2.4453714723265763,5581.304442739871,5.514646969472153,-18.799231141817295,145.36868686868686,70,25,103,189.21212121212122,297.3333333333333
1.25,0.5,125,48390,439,439,1165,1116.8369999999957,3827.820009719634,331.99600000000055,3495.8240097196326,-2710.9830097196386,-2.7109830097196386,67.65375854214123,0.8299971607083453,-1.9771186036864141,-2.3017901550511253,3939.151478939719,3.932799515129419,-6.175359931024234,32.7995444191344,100,289,50,135.04555808656036,54.018223234624145
1.0,1.25,125,48390,344,344,1260,-216.78910000000803,2999.7861086197126,260.1480000000003,2739.6381086197116,-3216.575208619721,-3.216575208619721,43.895348837209305,0.8343045426394041,-1.9830514500451222,-2.4699420475190434,3843.410632319763,3.8243484907501353,-9.350509327382909,60.40406976744186,158,116,70,108.03488372093024,135.04360465116278
2.75,2.25,125,48390,178,178,1426,-2570.767099999997,1552.893445499834,134.98100000000008,1417.9124454998341,-4123.660545499831,-4.12366054549983,48.87640449438202,0.7407590385476842,-2.0064223201602007,-2.3889065884655,6124.722605459872,6.075768940929858,-23.166632278088937,164.72471910112358,38,34,106,297.9115168539326,243.74578651685394
2.75,3.0,125,48390,161,161,1443,-2908.637599999988,1404.279529199851,121.97500000000007,1282.3045291998515,-4312.917129199839,-4.312917129199839,48.4472049689441,0.7108851657900236,-2.1050940202568813,-2.497450307701217,6535.971505619891,6.4613751672425845,-26.788305150309558,190.09937888198758,37,16,108,297.63198757763973,324.6894409937888
0.75,1.75,125,48390,351,351,1253,-451.78250000001435,3059.888699779665,265.2440000000004,2794.644699779664,-3511.6711997796792,-3.5116711997796792,33.61823361823362,0.8167174624363649,-2.1323133110636956,-2.6311639442166443,4781.250400259727,4.75642603772265,-10.004761252933559,61.282051282051285,206,70,75,80.96581196581197,188.92022792022792
1.0,0.5,125,48390,464,464,1140,1310.696099999996,4045.892239939629,350.86100000000073,3695.0312399396284,-2735.1961399396328,-2.7351961399396325,64.4396551724138,0.8299112208981433,-2.1348876198359816,-2.503752206288822,3712.370880839706,3.7011722935282974,-5.894819267111277,27.45258620689655,126,291,47,108.02370689655173,54.011853448275865
1.5,2.0,125,48390,243,243,1361,-1947.6568000000032,2118.988488999781,184.00200000000012,1934.986488999781,-4066.645288999784,-4.0666452889997835,42.79835390946502,0.7819600239598745,-2.1700380466031213,-2.6246197919655265,4777.826679279795,4.744545782755389,-16.73516579835302,108.90123456790124,98,53,92,162.25925925925927,216.34567901234567
1.0,2.75,125,48390,268,268,1336,-1404.352999999995,2337.2746019597957,202.9720000000001,2134.302601959795,-3741.627601959791,-3.7416276019597907,35.82089552238806,0.7901759102720669,-2.2071748545315732,-2.7422386207236125,4587.621502639799,4.552915763517196,-13.961297022238025,94.82089552238806,147,26,95,108.19402985074628,297.5335820895522
1.75,2.5,125,48390,203,203,1401,-2285.4016000000083,1770.1084217598195,153.7550000000001,1616.3534217598205,-4055.510021759828,-4.055510021759828,44.33497536945813,0.7576234542206627,-2.2114760880865103,-2.6787342050128236,5366.691260099862,5.317229899312252,-19.977881880590285,139.6206896551724,71,30,102,189.35344827586206,270.5049261083744
1.75,3.0,125,48390,191,191,1413,-2448.8809000000056,1665.1693246598234,144.51500000000007,1520.6543246598237,-4114.050224659829,-4.114050224659828,43.97905759162304,0.741047829505495,-2.231918421357518,-2.7172456881416083,5534.8421552398795,5.469576272517066,-21.539529972040988,152.73821989528795,69,18,104,189.15575916230367,324.26701570680626
2.75,2.5,125,48390,170,170,1434,-3083.678299999997,1483.1087865398486,128.96100000000004,1354.1477865398492,-4566.787086539845,-4.566787086539845,48.23529411764706,0.7048108401058999,-2.2533306547672924,-2.6412034231775494,6720.542706719876,6.66116161466516,-26.863453450234385,175.55882352941177,37,26,107,298.0191176470588,270.9264705882353
1.25,2.25,125,48390,259,259,1345,-1933.3390000000081,2259.210565999777,196.28000000000006,2062.9305659997785,-4192.549565999785,-4.1925495659997845,38.996138996138995,0.7781676369478709,-2.29330404129248,-2.782012147759992,4426.961250679786,4.417036778647545,-16.18745006177523,98.43243243243244,123,44,92,135.32818532818533,243.59073359073358
1.0,2.5,125,48390,276,276,1328,-1455.7938,2407.122988759792,209.13900000000007,2197.9839887597923,-3862.916788759792,-3.862916788759792,35.869565217391305,0.7894958716242119,-2.3521916624821,-2.8471121380115987,4466.58992543981,4.443485832154895,-13.996075321593448,89.80434782608695,151,34,91,108.25,270.625
0.75,0.5,125,48390,509,509,1095,1499.893299999997,4437.508626739573,384.62900000000104,4052.8796267395714,-2937.615326739576,-2.937615326739576,59.72495088408645,0.821512519743804,-2.453508342882308,-2.8441502058739356,4050.380277639648,4.038072816921066,-5.771346417955946,22.17092337917485,172,295,42,80.96316306483301,53.975442043222
1.0,3.0,125,48390,258,258,1346,-1830.8034999999943,2249.951191219796,195.39100000000013,2054.560191219798,-4080.75469121979,-4.08075469121979,35.65891472868217,0.7645735941198595,-2.4872350070792426,-3.015240662362803,4925.01253089981,4.887838614439498,-15.81687864813872,100.60852713178295,143,19,96,108.18992248062015,324.56976744186045
0.75,2.75,125,48390,312,312,1292,-1644.171400000006,2720.3875614397043,236.2430000000002,2484.1445614397057,-4364.55896143971,-4.36455896143971,30.128205128205128,0.7584845800250875,-2.5190656690153137,-3.126574365246313,5566.950996719752,5.518724125371574,-13.988971030255483,76.22115384615384,195,26,91,81.12740384615384,297.46714743589746
1.25,2.75,125,48390,241,241,1363,-2516.438500000003,2102.055585499802,182.67900000000014,1919.3765854998032,-4618.494085499805,-4.618494085499806,38.589211618257266,0.7446315896892626,-2.5195739815973828,-3.0443973450624955,5190.700200179825,5.161666824176827,-19.163875873443175,110.44813278008299,118,27,96,135.3578838174274,297.7873443983402
1.5,2.25,125,48390,239,239,1365,-2747.2850000000108,2084.2880534397846,181.02700000000016,1903.2610534397834,-4831.573053439795,-4.831573053439795,40.58577405857741,0.7455017030731234,-2.5293071008945085,-3.0297295447003814,5267.449534119805,5.245097498956068,-20.21578683447613,111.99163179916317,100,43,96,162.30753138075315,243.4612970711297
1.25,3.0,125,48390,233,233,1371,-2708.5551999999984,2032.1191185198008,176.54000000000016,1855.5791185198027,-4740.674318519799,-4.740674318519799,38.62660944206009,0.729519410957172,-2.6135576661862303,-3.1319362488264275,5339.400022199814,5.308135094935892,-20.346241710385403,116.86266094420601,115,20,98,135.30042918454936,324.72103004291847
0.75,2.0,125,48390,335,335,1269,-1467.8135000000138,2920.9526059396703,253.49100000000024,2667.461605939671,-4388.766105939684,-4.388766105939684,31.64179104477612,0.7677188342701166,-2.625828384404004,-3.180555956270659,5509.77794281971,5.473467457144304,-13.100794346088609,66.43880597014926,203,51,81,81.07388059701492,216.19701492537314
1.5,2.75,125,48390,221,221,1383,-3206.5187000000005,1927.164386739807,167.45400000000015,1759.710386739808,-5133.683086739808,-5.133683086739808,40.27149321266968,0.7129189707197867,-2.6565862827004825,-3.1990687716839314,5933.81832941981,5.8872846570866715,-23.229335234116775,126.6289592760181,94,27,100,162.36651583710406,297.67194570135746
0.75,2.25,125,48390,331,331,1273,-1598.5265000000102,2886.176768099681,250.52300000000022,2635.653768099682,-4484.703268099691,-4.4847032680996906,30.513595166163142,0.7633876391810145,-2.683403983671312,-3.235722934256376,5386.139591379717,5.3569125389125585,-13.548952471600275,68.27190332326283,203,41,87,81.0929003021148,243.2787009063444
0.75,3.0,125,48390,300,300,1304,-2168.531400000006,2615.715590239707,227.1710000000002,2388.544590239709,-4784.246990239713,-4.784246990239714,29.666666666666668,0.7280353998062589,-2.8446153791092628,-3.4391477981132,5848.118162919738,5.799179727260837,-15.947489967465712,80.77,190,19,91,81.1325,324.53
1.5,3.0,125,48390,212,212,1392,-3614.827599999996,1848.4126413198073,160.53100000000015,1687.8816413198067,-5463.240241319803,-5.463240241319803,40.09433962264151,0.6860540176834795,-2.8846408013473614,-3.419059163291757,6306.952962999814,6.2547888226005846,-25.77000113830096,133.88679245283018,92,19,101,162.26179245283018,324.52358490566036
1.25,2.5,125,48390,246,246,1358,-2963.090500000002,2145.808079739796,186.61300000000014,1959.1950797397963,-5108.898579739798,-5.108898579739798,38.21138211382114,0.7255474903329983,-2.8943528915762,-3.3935847950070763,5429.043114419808,5.412242482792469,-20.767880405446334,106.4349593495935,122,33,91,135.46239837398375,270.9247967479675
0.75,2.5,125,48390,318,318,1286,-2181.1514000000084,2772.8848374396944,240.9540000000002,2531.9308374396956,-4954.036237439703,-4.954036237439703,29.559748427672954,0.7332508228097375,-2.9679235543018816,-3.5533384025295938,5891.1029087197385,5.8524147992806475,-15.57873030641416,72.80503144654088,200,32,86,81.18396226415095,270.6132075471698
3.0,0.25,125,48390,459,459,1145,45.79480000000274,4002.162223239601,347.11600000000067,3655.0462232396035,-3956.3674232395983,-3.9563674232395982,84.0958605664488,0.6402596858735811,-3.1749366212384995,-3.309500787641237,4420.818483319643,4.408586822181113,-8.619536869803046,27.978213507625274,20,385,54,324.1045751633987,27.00871459694989
1.5,2.5,125,48390,226,226,1378,-4023.724400000002,1970.8864407598076,171.38800000000015,1799.4984407598088,-5994.610840759809,-5.994610840759809,39.38053097345133,0.6792871952767133,-3.2478222513443433,-3.7612822224456233,6516.220171439811,6.483034564857286,-26.524826729025705,121.23008849557522,99,32,95,162.50442477876106,270.8407079646018
0.5,1.25,125,48390,481,481,1123,-972.8987000000079,4194.3601655395705,363.4400000000008,3830.920165539569,-5167.258865539578,-5.167258865539578,29.10602910602911,0.7500515180154792,-3.4533533840649526,-3.9784197843617286,5944.126881499629,5.928460925616589,-10.742741924198707,34.9043659043659,324,112,45,53.97089397089397,134.92723492723493
2.75,0.25,125,48390,462,462,1142,-549.4305999999999,4028.3410259196053,349.40500000000065,3678.9360259196037,-4577.771625919605,-4.577771625919605,83.98268398268398,0.6072346177519823,-3.614767809594998,-3.7367182953016203,5042.222685999644,5.02827170395574,-9.908596592899578,26.943722943722943,25,387,50,297.11309523809524,27.010281385281385
0.5,0.75,125,48390,547,547,1057,345.1130999999949,4769.624239539493,413.47600000000097,4356.148239539495,-4424.511139539498,-4.424511139539498,40.036563071297984,0.7767301024144198,-3.712366053417065,-4.166206753206317,5315.3646113795985,5.2837003810990115,-8.088685812686467,22.881170018281537,308,209,30,53.9926873857404,80.98903107861061
0.5,1.75,125,48390,444,444,1160,-1814.0068000000128,3871.6049919596016,335.5380000000005,3536.066991959601,-5685.6117919596145,-5.685611791959615,24.54954954954955,0.7202894636641807,-3.730816798839424,-4.2063824428858005,6432.966336699654,6.416428192575223,-12.805431963873005,42.5945945945946,317,64,63,53.979729729729726,188.92905405405406
0.5,2.75,125,48390,402,402,1202,-2727.9599000000158,3505.4204844196497,303.80000000000035,3201.6204844196477,-6233.3803844196655,-6.233380384419665,21.890547263681594,0.6755614802037114,-3.739896219605617,-4.377739729479662,7315.402915959698,7.253643185880968,-15.505921354277774,53.169154228855724,302,25,75,53.98009950248756,296.8905472636816
0.5,1.5,125,48390,458,458,1146,-1639.6588000000113,3994.0139015596023,346.26200000000074,3647.7519015596004,-5633.672701559613,-5.633672701559613,26.200873362445414,0.7264266391519076,-3.764731838174632,-4.2612500121922725,6320.630397699657,6.30252475677141,-12.300595418252431,39.24017467248908,322,82,54,54.00218340611354,162.0065502183406
0.25,1.25,125,48390,667,667,937,1050.0466999999917,5816.623963179407,504.4620000000002,5312.161963179415,-4766.577263179415,-4.766577263179415,19.34032983508246,0.7505073225552098,-3.8072007971270314,-4.369806517743598,5485.139604159471,5.464338347551968,-7.1462927483949255,18.1664167916042,532,105,30,27.011244377811096,135.05622188905548
2.5,0.25,125,48390,472,472,1132,-816.6491000000021,4115.186913059589,356.99300000000073,3758.1939130595892,-4931.836013059591,-4.93183601305959,83.6864406779661,0.5937214846649664,-3.8461117067567447,-3.948936342695531,5396.287073139625,5.381356454491987,-10.448805112414387,24.940677966101696,33,394,45,270.1218220338983,27.01218220338983
0.5,1.0,125,48390,516,516,1088,-1003.5654999999975,4499.010900499548,389.592000000001,4109.418900499547,-5502.576400499546,-5.502576400499546,32.55813953488372,0.7382710349180133,-4.101551073869804,-4.618107935288828,5793.068267059614,5.7803154418178595,-10.663907752906097,29.434108527131784,326,149,41,53.93023255813954,107.86046511627907
0.25,1.5,125,48390,642,642,962,88.86669999998497,5598.801809619433,485.7160000000004,5113.085809619433,-5509.935109619448,-5.509935109619448,16.822429906542055,0.7098147849651016,-4.254045164807368,-4.800974600044005,6123.5477358394855,6.109090030181843,-8.58245344177484,20.722741433021806,529,76,37,27.0202492211838,162.1214953271028
0.5,2.0,125,48390,429,429,1175,-2758.762000000012,3741.214578839617,324.49200000000036,3416.722578839615,-6499.976578839629,-6.49997657883963,22.61072261072261,0.6792160030420064,-4.266621067933678,-4.720837032764643,7097.773775979658,7.073477812769495,-15.151460556735731,45.60606060606061,317,49,63,54.02797202797203,216.1118881118881
0.5,2.5,125,48390,409,409,1195,-3354.5699000000154,3566.639946419635,309.29500000000024,3257.3449464196333,-6921.209846419651,-6.92120984641965,21.515892420537895,0.6482273479901446,-4.312063816869383,-4.86129176031828,7767.412913959692,7.715861581436584,-16.92227346312873,50.84596577017115,309,29,71,54.015892420537895,270.0794621026895
2.25,0.25,125,48390,481,481,1123,-939.3419000000002,4193.812367539573,363.9160000000006,3829.8963675395744,-5133.154267539573,-5.133154267539573,82.74428274428274,0.586171753262518,-4.351898837928976,-4.454959706633195,5599.314017619647,5.583821657566828,-10.671838394053166,23.536382536382536,38,397,46,243.1871101871102,27.02079002079002
1.75,0.25,125,48390,511,511,1093,-197.3235000000061,4454.823312299532,386.3720000000007,4068.451312299534,-4652.1468122995375,-4.652146812299537,81.99608610567515,0.621290094283355,-4.378274252738772,-4.51106083869157,5231.010775379604,5.2165374484475295,-9.1040055035216,20.69471624266145,52,417,42,189.02739726027397,27.003913894324853
2.0,0.25,125,48390,497,497,1107,-761.1565000000069,4332.993218699568,375.7740000000007,3957.219218699569,-5094.149718699575,-5.094149718699574,82.49496981891348,0.5948514134778456,-4.402359788594979,-4.503430272469996,5606.531124779649,5.591018796205273,-10.249798226759708,22.287726358148895,44,409,44,216.0241448692153,27.00301810865191
0.5,2.25,125,48390,420,420,1184,-3409.352000000014,3662.568318839622,317.4570000000002,3345.111318839619,-7071.920318839636,-7.071920318839636,21.666666666666668,0.6489486698674886,-4.511539036843732,-4.976396098087688,7800.904098779662,7.758029017281996,-16.837905521046753,48.4,316,36,68,53.989285714285714,242.9517857142857
0.5,3.0,125,48390,383,383,1221,-3934.8749000000125,3339.715767899651,289.4430000000002,3050.2727678996494,-7274.5906678996635,-7.2745906678996635,20.887728459530024,0.6092191874719969,-4.581006950295441,-5.094631051216846,8297.671754839685,8.22800102337922,-18.99370931566492,57.60574412532637,293,15,75,53.98041775456919,323.88250652741516
0.25,2.75,125,48390,575,575,1029,-1651.1819000000144,5014.948807139503,435.41400000000056,4579.534807139503,-6666.130707139517,-6.6661307071395175,12.869565217391305,0.625575528319811,-4.629726604775895,-5.440275917952998,7525.1245029995625,7.476327684501466,-11.593270795025246,28.749565217391304,495,22,58,27.044347826086955,297.48782608695655
1.0,0.25,125,48390,570,570,1034,451.3186999999973,4969.7408354195,430.7660000000007,4538.9748354195,-4518.422135419503,-4.518422135419503,77.71929824561403,0.6412586746684926,-4.644353455793678,-4.794160790101942,4835.376402259542,4.835376402259542,-7.927056377928953,14.18421052631579,99,442,29,107.96140350877192,26.99035087719298
0.5,0.5,125,48390,592,592,1012,-23.556600000000458,5161.066694839501,447.1110000000006,4713.955694839505,-5184.623294839502,-5.184623294839502,49.32432432432432,0.715160546124778,-4.747768361349364,-5.012473875199067,6012.116472199588,5.999258940126065,-8.757809619661321,15.49831081081081,282,285,25,53.94679054054054,53.94679054054054
1.25,0.25,125,48390,547,547,1057,-317.0561000000032,4769.493646579508,413.7210000000006,4355.772646579508,-5086.5497465795115,-5.086549746579512,79.3418647166362,0.6086518114751279,-4.833499044479252,-4.919667849163425,5367.026547819536,5.367026547819536,-9.298994052247735,16.36745886654479,82,432,33,135.06170018281534,27.01234003656307
0.25,2.0,125,48390,605,605,999,-1131.5891000000122,5276.169502459468,457.9750000000006,4818.194502459469,-6407.75860245948,-6.407758602459481,14.214876033057852,0.6527719041175913,-4.863839421487451,-5.395723129372368,6928.507636879527,6.9116120308008515,-10.591336532990876,24.60330578512397,513,45,47,27.035123966942148,216.28099173553719
0.25,1.75,125,48390,622,622,982,-863.3541000000147,5424.156633499446,470.6030000000005,4953.55363349945,-6287.510733499461,-6.287510733499461,15.27331189710611,0.6644245338916248,-4.963969153421236,-5.386331782419236,6849.366773719506,6.838512712573275,-10.108538156751544,22.520900321543408,521,56,45,27.02130225080386,189.149115755627
1.5,0.25,125,48390,529,529,1075,-489.9951000000051,4612.383960379537,400.12700000000075,4212.256960379536,-5102.379060379542,-5.102379060379542,80.90737240075615,0.6040360844711892,-5.024073642702334,-5.1293052523232525,5355.600411619569,5.355600411619569,-9.645329036634296,18.234404536862005,66,425,38,162.08223062381853,27.013705103969755
0.25,3.0,125,48390,565,565,1039,-2137.1019000000115,4927.5889059395,427.7840000000007,4499.8049059395025,-7064.690805939512,-7.064690805939512,12.56637168141593,0.5974766720641826,-5.042404838304073,-5.766902645853642,7809.749051799547,7.761817079315772,-12.503877532636304,30.060176991150442,488,14,63,27.04070796460177,324.48849557522124
0.25,2.5,125,48390,576,576,1028,-2289.2689000000128,5023.789589739494,436.2470000000006,4587.542589739496,-7313.0584897395065,-7.313058489739506,12.67361111111111,0.5909401720164699,-5.3248385555009135,-5.967140481812839,8062.7588295995665,8.022734908931566,-12.696282100242199,28.317708333333332,497,25,54,27.04904513888889,270.4904513888889
0.25,2.25,125,48390,593,593,1011,-2282.5900000000133,5171.7822070794755,448.88200000000046,4722.900207079481,-7454.372207079489,-7.454372207079489,12.984822934232715,0.593498687258718,-5.517876348327534,-6.066094575391682,8045.3468522995245,8.015975451620044,-12.570610804518532,26.435075885328835,510,30,53,27.034569983136592,243.31112984822934
0.25,1.0,125,48390,707,707,897,-172.98320000000479,6165.09160991941,534.5340000000002,5630.557609919416,-6338.074809919415,-6.338074809919416,20.792079207920793,0.6817803636881608,-5.619960056279538,-6.026458676427555,6938.208960599484,6.911309577103064,-8.9647451342566,14.758132956152759,555,131,21,27.002121640735503,108.00848656294201
0.25,0.75,125,48390,732,732,872,134.42109999999187,6382.94714141937,553.4619999999999,5829.485141419372,-6248.526041419378,-6.248526041419378,25.683060109289617,0.6767327828744824,-5.883819415273907,-6.1900137083870135,6857.331635099428,6.840968259883813,-8.536237761501882,11.443989071038251,539,176,17,27.003415300546447,81.01024590163935
0.75,0.25,125,48390,613,613,991,-241.16129999999794,5344.299352099446,463.0780000000005,4881.221352099446,-5585.460652099444,-5.585460652099443,72.75693311582381,0.59227399361175,-6.249433632391694,-6.239878660055997,5955.915118939476,5.955915118939476,-9.111681324795178,10.986949429037521,145,444,24,80.93882544861337,26.979608482871125
0.25,0.5,125,48390,775,775,829,-765.077100000005,6757.280158059363,585.7249999999999,6171.55515805937,-7522.357258059368,-7.522357258059369,32.25806451612903,0.5968710793175127,-8.410722864890982,-7.916934943384606,7756.211761179424,7.751301683510679,-9.706267429754023,7.547096774193548,520,243,12,26.991935483870968,53.983870967741936
0.5,0.25,125,48390,690,690,914,-1244.1868999999992,6015.850674419367,521.1149999999999,5494.735674419368,-7260.037574419367,-7.260037574419368,63.6231884057971,0.5237237461072584,-8.761183187427463,-7.953852000857765,7416.1216882193985,7.416121688219398,-10.521793586115026,7.240579710144927,237,437,16,53.94565217391305,26.972826086956523
0.25,0.25,125,48390,866,866,738,-1611.080900000002,7550.986063219257,654.569999999999,6896.416063219268,-9162.066963219258,-9.162066963219258,46.4203233256351,0.444508581304861,-13.690566181923389,-10.513182415120596,9164.03523121927,9.16403523121927,-10.57975399909845,3.4364896073903,460,401,5,26.994803695150114,26.994803695150114
