signal_time,entry_time,exit_time,direction,entry_z,signal_nvda_close,signal_nvda_vwap,signal_qqq_vwap,signal_fair_nvda,entry_reference,entry_price,exit_reference,exit_price,shares,stop_usd_per_share,target_usd_per_share,gross_risk_usd,gross_reward_usd,risk_reward_ratio,stop_price,target_price,exit_reason,duration_bars,gross_pnl,slippage,commissions,costs,net_pnl
2025-08-22 10:00:00-04:00,2025-08-22 10:01:00-04:00,2025-08-22 10:08:00-04:00,LONG,-3.863034732278853,175.715,173.48053983297888,565.6508213340196,177.15085233457842,175.72,175.755144,176.97,176.934606,113,3.0,1.25,339.0,141.25,0.4166666666666667,172.72,176.97,TAKE_PROFIT_BRACKET,7,141.25,7.9707939999998985,0.791,8.761793999999899,132.4882060000001
2025-08-22 12:56:00-04:00,2025-08-22 12:57:00-04:00,2025-08-22 15:59:00-04:00,SHORT,2.99334252457284,176.965,176.2867099031977,570.8724329871194,176.14518113025912,176.97,176.934606,178.02,178.05560400000002,113,3.0,1.25,339.0,141.25,0.4166666666666667,179.97,175.72,FORCED_EOD,182,-118.65000000000128,8.02277400000034,0.791,8.81377400000034,-127.46377400000162
2025-08-25 11:02:00-04:00,2025-08-25 11:03:00-04:00,2025-08-25 15:59:00-04:00,SHORT,2.6512405667010905,180.295,178.4907445458067,570.8527353298789,179.23773367478688,180.29,180.253942,179.04,179.075808,110,3.0,1.25,330.0,137.5,0.4166666666666667,183.29,179.04,TAKE_PROFIT_BRACKET,296,137.5,7.905259999999998,0.77,8.675259999999998,128.82474
2025-08-26 13:35:00-04:00,2025-08-26 13:36:00-04:00,2025-08-26 15:59:00-04:00,SHORT,2.7338644823896834,181.595,180.75056598625739,570.8223222661072,180.89528372423038,181.6,181.56368,181.7,181.73633999999998,110,3.0,1.25,330.0,137.5,0.4166666666666667,184.6,180.35,FORCED_EOD,143,-10.999999999999375,7.992599999998333,0.77,8.762599999998333,-19.762599999997708
2025-08-27 12:20:00-04:00,2025-08-27 12:21:00-04:00,2025-08-27 15:59:00-04:00,LONG,-2.6000943297261414,181.59,181.09228609715353,572.357584902685,181.15890141612337,181.5946,181.63091892,181.6,181.56368,110,3.0,1.25,330.0,137.5,0.4166666666666667,178.5946,182.8446,FORCED_EOD,218,0.593999999997834,7.990281199997185,0.77,8.760281199997184,-8.16628119999935
2025-08-28 11:54:00-04:00,2025-08-28 11:55:00-04:00,2025-08-28 12:53:00-04:00,LONG,-2.6146474324419886,178.695,179.58317452084015,574.9347668339256,179.6584996274675,178.69,178.725738,179.94,179.904012,111,3.0,1.25,333.0,138.75,0.4166666666666667,175.69,179.94,TAKE_PROFIT_BRACKET,58,138.75,7.961586000001375,0.777,8.738586000001375,130.01141399999864
2025-08-28 13:09:00-04:00,2025-08-28 13:10:00-04:00,2025-08-28 13:29:00-04:00,LONG,-2.541168056528706,178.715,179.53498540513814,575.2211120629402,179.8281531287235,178.715,178.750743,179.965,179.929007,111,3.0,1.25,333.0,138.75,0.4166666666666667,175.715,179.965,TAKE_PROFIT_BRACKET,19,138.75,7.962695999998573,0.777,8.739695999998572,130.01030400000144
2025-08-28 14:24:00-04:00,2025-08-28 14:25:00-04:00,2025-08-28 15:59:00-04:00,SHORT,3.256538897873423,180.68,179.58146825171252,575.4426491033462,180.01968967989126,180.6817,180.64556366000002,180.2,180.23603999999997,110,3.0,1.25,330.0,137.5,0.4166666666666667,183.6817,179.4317,FORCED_EOD,94,52.987000000001956,7.939397399996722,0.77,8.709397399996721,44.27760260000524
2025-08-29 10:50:00-04:00,2025-08-29 10:51:00-04:00,2025-08-29 11:21:00-04:00,LONG,-2.6093495339749095,173.5999,175.0686612511528,571.4858511130088,174.74385043053286,173.5942,173.62891883999998,174.8442,174.80923116,115,3.0,1.25,345.0,143.75,0.4166666666666667,170.5942,174.8442,TAKE_PROFIT_BRACKET,30,143.75,8.01408319999851,0.805,8.81908319999851,134.93091680000148
2025-08-29 13:05:00-04:00,2025-08-29 13:06:00-04:00,2025-08-29 15:59:00-04:00,LONG,-3.242592883547234,173.6601,174.75651859282382,570.8863741419792,174.51672419084676,173.66,173.694732,174.28,174.245144,115,3.0,1.25,345.0,143.75,0.4166666666666667,170.66,174.91,FORCED_EOD,173,71.30000000000052,8.002619999997904,0.805,8.807619999997904,62.49238000000262
2025-09-02 12:08:00-04:00,2025-09-02 12:09:00-04:00,2025-09-02 12:42:00-04:00,LONG,-2.5711063910913716,167.26,169.58769895192765,562.6263565750927,168.2502751873719,167.25,167.28345,168.5,168.4663,119,3.0,1.25,357.0,148.75,0.4166666666666667,164.25,168.5,TAKE_PROFIT_BRACKET,33,148.75,7.990849999999767,0.833,8.823849999999767,139.92615000000023
2025-09-02 15:31:00-04:00,2025-09-02 15:32:00-04:00,2025-09-02 15:59:00-04:00,SHORT,2.681894521610044,170.585,169.39287589350687,562.7049708648503,170.40871678158788,170.5801,170.54598398,170.75,170.78414999999998,117,3.0,1.25,351.0,146.25,0.4166666666666667,173.5801,169.3301,FORCED_EOD,27,-19.878300000001474,7.987124339997848,0.8190000000000001,8.806124339997849,-28.684424339999325
2025-09-03 11:03:00-04:00,2025-09-03 11:04:00-04:00,2025-09-03 15:59:00-04:00,LONG,-2.5312683527200015,171.5881,171.11095697708583,569.5748970394618,172.08594986208107,171.585,171.619317,170.62,170.585876,116,3.0,1.25,348.0,145.0,0.4166666666666667,168.585,172.835,FORCED_EOD,295,-111.9400000000004,7.939155999997524,0.812,8.751155999997524,-120.69115599999792
2025-09-04 11:10:00-04:00,2025-09-04 11:11:00-04:00,2025-09-04 15:57:00-04:00,LONG,-2.7735306417463956,170.3651,170.52622974981296,570.8328093707881,170.96325816583834,170.3677,170.40177354000002,171.6177,171.58337646,117,3.0,1.25,351.0,146.25,0.4166666666666667,167.3677,171.6177,TAKE_PROFIT_BRACKET,286,146.25,8.002458360001299,0.8190000000000001,8.8214583600013,137.4285416399987
2025-09-04 15:57:00-04:00,2025-09-04 15:58:00-04:00,2025-09-04 15:59:00-04:00,SHORT,3.8921117054450383,171.675,170.651787364622,572.34689860211,172.02227519037856,171.66,171.625668,171.64,171.67432799999997,116,3.0,1.25,348.0,145.0,0.4166666666666667,174.66,170.41,FORCED_EOD,1,2.320000000001187,7.964559999999324,0.812,8.776559999999323,-6.456559999998136
2025-09-05 13:37:00-04:00,2025-09-05 13:38:00-04:00,2025-09-05 15:59:00-04:00,LONG,-2.5870456062406078,166.13,166.26294840539097,576.0690611020929,165.46645527301263,166.131,166.1642262,167.04,167.00659199999998,120,3.0,1.25,360.0,150.0,0.4166666666666667,163.131,167.381,FORCED_EOD,141,109.07999999999902,7.996104000001196,0.84,8.836104000001196,100.24389599999782
2025-09-08 11:48:00-04:00,2025-09-08 11:49:00-04:00,2025-09-08 15:59:00-04:00,LONG,-2.7496112006118207,169.36,169.79104098619297,579.8338574006294,169.74877856755197,169.36,169.39387200000002,168.37,168.336326,118,3.0,1.25,354.0,147.5,0.4166666666666667,166.36,170.61,FORCED_EOD,250,-116.82000000000107,7.970427999999174,0.8260000000000001,8.796427999999175,-125.61642800000024
2025-09-09 10:50:00-04:00,2025-09-09 10:51:00-04:00,2025-09-09 11:53:00-04:00,LONG,-2.6304935854975344,166.84,168.2323273287206,578.8664730259629,167.59919668050745,166.85,166.88336999999999,168.1,168.06638,119,3.0,1.25,357.0,148.75,0.4166666666666667,163.85,168.1,TAKE_PROFIT_BRACKET,62,148.75,7.971809999997106,0.833,8.804809999997106,139.9451900000029
2025-09-09 12:56:00-04:00,2025-09-09 12:57:00-04:00,2025-09-09 15:17:00-04:00,LONG,-2.6656533466283845,168.34,168.12800908999594,578.7604446239542,168.41216532038857,168.345,168.378669,169.595,169.561081,118,3.0,1.25,354.0,147.5,0.4166666666666667,165.345,169.595,TAKE_PROFIT_BRACKET,140,147.5,7.975384000000076,0.8260000000000001,8.801384000000077,138.69861599999993
2025-09-10 11:40:00-04:00,2025-09-10 11:41:00-04:00,2025-09-10 15:59:00-04:00,LONG,-2.797479155478507,178.12,177.76072957935233,582.5606832128994,177.71611463743602,178.125,178.160625,177.3,177.26454,112,3.0,1.25,336.0,140.0,0.4166666666666667,175.125,179.375,FORCED_EOD,258,-92.39999999999873,7.961520000001201,0.784,8.745520000001202,-101.14551999999993
2025-09-11 12:24:00-04:00,2025-09-11 12:25:00-04:00,2025-09-11 15:59:00-04:00,LONG,-2.573517617287477,177.4551,178.0893442236512,583.505653616589,178.15370276237056,177.4581,177.49359162,177.09,177.054582,112,3.0,1.25,336.0,140.0,0.4166666666666667,174.4581,178.7081,FORCED_EOD,214,-41.22719999999981,7.941877439997825,0.784,8.725877439997825,-49.953077439997635
2025-09-12 11:29:00-04:00,2025-09-12 11:30:00-04:00,2025-09-12 15:59:00-04:00,LONG,-2.6060411697948926,177.675,177.75129626620128,585.5185054651125,177.78872726170164,177.665,177.70053299999998,177.79,177.75444199999998,112,3.0,1.25,336.0,140.0,0.4166666666666667,174.665,178.915,FORCED_EOD,269,14.0,7.962191999999504,0.784,8.746191999999505,5.253808000000495
2025-09-15 11:13:00-04:00,2025-09-15 11:14:00-04:00,2025-09-15 15:59:00-04:00,SHORT,3.337176560493082,175.81,175.4279117238752,589.8341372203483,175.46335591284702,175.815,175.77983700000001,178.815,178.850763,113,3.0,1.25,339.0,141.25,0.4166666666666667,178.815,174.565,STOP,285,-339.0,8.0146379999984,0.791,8.8056379999984,-347.8056379999984
2025-09-16 11:03:00-04:00,2025-09-16 11:04:00-04:00,2025-09-16 15:59:00-04:00,LONG,-2.83113438048768,176.0738,176.43957544083196,591.6741537455754,176.38744021918572,176.06,176.095212,174.86,174.82502800000003,113,3.0,1.25,339.0,141.25,0.4166666666666667,173.06,177.31,FORCED_EOD,295,-135.59999999999872,7.930791999998121,0.791,8.721791999998121,-144.32179199999683
2025-09-17 11:16:00-04:00,2025-09-17 11:17:00-04:00,2025-09-17 12:03:00-04:00,SHORT,2.81504701744462,170.6,170.77926623011783,589.7696252708062,170.73643165348952,170.605,170.570879,169.355,169.388871,117,3.0,1.25,351.0,146.25,0.4166666666666667,173.605,169.355,TAKE_PROFIT_BRACKET,46,146.25,7.955064000000448,0.8190000000000001,8.774064000000449,137.47593599999956
2025-09-17 13:42:00-04:00,2025-09-17 13:43:00-04:00,2025-09-17 14:11:00-04:00,SHORT,2.5341014921946354,171.0426,170.45793593470492,589.1905838633846,170.46286090172222,171.0483,171.01409034000002,169.7983,169.83225966,116,3.0,1.25,348.0,145.0,0.4166666666666667,174.0483,169.7983,TAKE_PROFIT_BRACKET,28,145.0,7.907641119997834,0.812,8.719641119997833,136.28035888000215
2025-09-17 14:13:00-04:00,2025-09-17 14:14:00-04:00,2025-09-17 15:02:00-04:00,LONG,-2.9582088794916017,169.125,170.47898968699698,589.2333682342605,170.3474419707077,169.13,169.163826,170.38,170.345924,118,3.0,1.25,354.0,147.5,0.4166666666666667,166.13,170.38,TAKE_PROFIT_BRACKET,48,147.5,8.012436000000434,0.8260000000000001,8.838436000000435,138.66156399999957
2025-09-18 11:52:00-04:00,2025-09-18 11:53:00-04:00,2025-09-18 15:59:00-04:00,SHORT,2.5354555862058286,175.535,174.99522965559746,596.1300963923453,175.03914822114152,175.52,175.48489600000002,174.27,174.304854,113,3.0,1.25,339.0,141.25,0.4166666666666667,178.52,174.27,TAKE_PROFIT_BRACKET,246,141.25,7.905253999998365,0.791,8.696253999998365,132.55374600000164
2025-09-19 13:27:00-04:00,2025-09-19 13:28:00-04:00,2025-09-19 15:59:00-04:00,SHORT,2.6183695317072977,175.75,176.5027506964801,597.3663865284477,177.16799423100713,175.75,175.71485,176.51,176.545302,113,3.0,1.25,339.0,141.25,0.4166666666666667,178.75,174.5,FORCED_EOD,151,-85.87999999999897,7.961075999998741,0.791,8.752075999998741,-94.63207599999771
2025-09-22 11:34:00-04:00,2025-09-22 11:35:00-04:00,2025-09-22 12:09:00-04:00,SHORT,3.0241910770171003,175.52,175.50176693006856,599.4187492926065,176.00911145801965,175.53,175.49489400000002,178.53,178.565706,113,3.0,1.25,339.0,141.25,0.4166666666666667,178.53,174.28,STOP,34,-339.0,8.001755999998807,0.791,8.792755999998807,-347.7927559999988
2025-09-22 12:09:00-04:00,2025-09-22 12:10:00-04:00,2025-09-22 12:21:00-04:00,SHORT,3.3915994878362516,178.829,175.93030592854086,599.6390451491332,177.16349119814774,178.82,178.784236,181.82,181.85636399999999,111,3.0,1.25,333.0,138.75,0.4166666666666667,181.82,177.57,STOP,11,-333.0,8.006207999999134,0.777,8.783207999999133,-341.78320799999915
2025-09-22 13:15:00-04:00,2025-09-22 13:16:00-04:00,2025-09-22 15:12:00-04:00,LONG,-2.6801439714466055,182.7,179.70190818559175,600.0729251797145,181.43487579332808,182.7,182.73654,183.95,183.91321,109,3.0,1.25,327.0,136.25,0.4166666666666667,179.7,183.95,TAKE_PROFIT_BRACKET,116,136.25,7.992969999999843,0.763,8.755969999999843,127.49403000000015
2025-09-23 11:42:00-04:00,2025-09-23 11:43:00-04:00,2025-09-23 13:25:00-04:00,SHORT,2.6397940728952296,179.9981,180.28886887513272,601.2849061279109,179.52738953995316,179.995,179.959001,178.745,178.78074900000001,111,3.0,1.25,333.0,138.75,0.4166666666666667,182.995,178.745,TAKE_PROFIT_BRACKET,102,138.75,7.96402800000152,0.777,8.741028000001519,130.0089719999985
2025-09-23 13:41:00-04:00,2025-09-23 13:42:00-04:00,2025-09-23 15:59:00-04:00,SHORT,2.9577803267988414,177.43,179.91031842341312,600.6713900068614,175.60761228180903,177.42,177.384516,178.44,178.475688,112,3.0,1.25,336.0,140.0,0.4166666666666667,180.42,176.17,FORCED_EOD,137,-114.24000000000115,7.971263999998882,0.784,8.755263999998883,-122.99526400000003
2025-09-24 11:11:00-04:00,2025-09-24 11:12:00-04:00,2025-09-24 11:48:00-04:00,SHORT,2.6142590966927974,178.115,178.58531527874598,598.0419594270966,177.42434201932807,178.11,178.07437800000002,176.86,176.895372,112,3.0,1.25,336.0,140.0,0.4166666666666667,181.11,176.86,TAKE_PROFIT_BRACKET,36,140.0,7.951327999998284,0.784,8.735327999998285,131.26467200000172
2025-09-24 11:52:00-04:00,2025-09-24 11:53:00-04:00,2025-09-24 12:12:00-04:00,SHORT,2.6840354884333033,176.71,178.37770153605763,597.7105515980983,175.60756700014983,176.71,176.67465800000002,175.46,175.495092,113,3.0,1.25,339.0,141.25,0.4166666666666667,179.71,175.46,TAKE_PROFIT_BRACKET,19,141.25,7.959041999997453,0.791,8.750041999997453,132.49995800000255
2025-09-24 15:45:00-04:00,2025-09-24 15:46:00-04:00,2025-09-24 15:59:00-04:00,SHORT,2.5078535097782453,176.7299,177.46714017093885,596.2289228434724,176.15876557301098,176.73,176.69465399999999,176.88,176.91537599999998,113,3.0,1.25,339.0,141.25,0.4166666666666667,179.73,175.48,FORCED_EOD,13,-16.950000000000642,7.99158599999879,0.791,8.78258599999879,-25.732585999999433
2025-09-25 11:08:00-04:00,2025-09-25 11:09:00-04:00,2025-09-25 14:00:00-04:00,SHORT,2.904258044539241,177.45,176.0078830709277,591.4156319158246,177.11195864378013,177.4401,177.40461198,176.1901,176.22533802,112,3.0,1.25,336.0,140.0,0.4166666666666667,180.4401,176.1901,TAKE_PROFIT_BRACKET,171,140.0,7.921316480001224,0.784,8.705316480001224,131.29468351999878
2025-09-25 14:01:00-04:00,2025-09-25 14:02:00-04:00,2025-09-25 15:59:00-04:00,SHORT,2.6688204016998394,175.983,177.39105696988725,592.245807740977,175.12997000840443,175.99,175.954802,177.68,177.71553600000001,113,3.0,1.25,339.0,141.25,0.4166666666666667,178.99,174.74,FORCED_EOD,117,-190.96999999999974,7.99294200000179,0.791,8.78394200000179,-199.75394200000153
2025-09-26 10:15:00-04:00,2025-09-26 10:16:00-04:00,2025-09-26 10:27:00-04:00,SHORT,2.5506409069675677,176.38,177.17048026828098,594.5527803946073,175.64389888256292,176.38,176.34472399999999,175.13,175.16502599999998,113,3.0,1.25,339.0,141.25,0.4166666666666667,179.38,175.13,TAKE_PROFIT_BRACKET,11,141.25,7.944125999999784,0.791,8.735125999999784,132.51487400000022
2025-09-26 12:20:00-04:00,2025-09-26 12:21:00-04:00,2025-09-26 14:17:00-04:00,LONG,-3.2483545643737517,176.405,176.51128732927774,593.4295806497588,176.92479959592387,176.41,176.445282,177.66,177.624468,113,3.0,1.25,339.0,141.25,0.4166666666666667,173.41,177.66,TAKE_PROFIT_BRACKET,116,141.25,8.001981999998236,0.791,8.792981999998236,132.45701800000177
2025-09-26 14:40:00-04:00,2025-09-26 14:41:00-04:00,2025-09-26 15:59:00-04:00,LONG,-2.787995299906385,177.505,176.73172535442959,593.9901138633252,178.485978923183,177.505,177.54050099999998,178.755,178.719249,112,3.0,1.25,336.0,140.0,0.4166666666666667,174.505,178.755,TAKE_PROFIT_BRACKET,78,140.0,7.980223999998543,0.784,8.764223999998544,131.23577600000147
2025-09-29 10:56:00-04:00,2025-09-29 10:57:00-04:00,2025-09-29 11:53:00-04:00,SHORT,2.524588635255528,183.18,182.9778541728771,600.882103586892,182.92921268281282,183.18,183.14336400000002,181.93,181.966386,109,3.0,1.25,327.0,136.25,0.4166666666666667,186.18,181.93,TAKE_PROFIT_BRACKET,56,136.25,7.9593979999978615,0.763,8.722397999997861,127.52760200000213
2025-09-29 12:10:00-04:00,2025-09-29 12:11:00-04:00,2025-09-29 15:59:00-04:00,LONG,-2.9209753717195,181.845,182.8493461265797,600.4354450583496,181.49132058491685,181.85,181.88637,181.83,181.79363400000003,109,3.0,1.25,327.0,136.25,0.4166666666666667,178.85,183.1,FORCED_EOD,228,-2.1799999999980173,7.928223999999119,0.763,8.691223999999119,-10.871223999997136
2025-09-30 10:03:00-04:00,2025-09-30 10:04:00-04:00,2025-09-30 10:06:00-04:00,SHORT,2.608881072763966,184.9,183.04141685681512,597.3869986736555,183.6859498763677,184.895,184.858021,183.645,183.68172900000002,108,3.0,1.25,324.0,135.0,0.4166666666666667,187.895,183.645,TAKE_PROFIT_BRACKET,2,135.0,7.960464000001139,0.756,8.716464000001139,126.28353599999886
2025-09-30 10:31:00-04:00,2025-09-30 10:32:00-04:00,2025-09-30 15:59:00-04:00,SHORT,2.533328308805303,185.805,183.75603336568943,597.361197877935,184.27233919902093,185.8001,185.76293998,186.58,186.61731600000002,107,3.0,1.25,321.0,133.75,0.4166666666666667,188.8001,184.5501,FORCED_EOD,327,-83.44930000000281,7.9689341399991065,0.749,8.717934139999107,-92.16723414000191
2025-10-01 10:29:00-04:00,2025-10-01 10:30:00-04:00,2025-10-01 15:59:00-04:00,SHORT,2.6060448445646487,186.655,185.07952598061308,598.2098183136094,186.31782244029583,186.655,186.617669,187.17,187.20743399999998,107,3.0,1.25,321.0,133.75,0.4166666666666667,189.655,185.405,FORCED_EOD,329,-55.10499999999854,7.999854999998405,0.749,8.748854999998406,-63.85385499999695
2025-10-02 13:59:00-04:00,2025-10-02 14:00:00-04:00,2025-10-02 15:59:00-04:00,LONG,-3.2013855771889483,188.76,189.52546049273914,604.6322966039997,189.6227577403633,188.76,188.79775199999997,188.92,188.882216,105,3.0,1.25,315.0,131.25,0.4166666666666667,185.76,190.01,FORCED_EOD,119,16.799999999999642,7.931279999996974,0.735,8.666279999996974,8.133720000002668
2025-10-03 12:37:00-04:00,2025-10-03 12:38:00-04:00,2025-10-03 15:59:00-04:00,LONG,-2.5323329938918815,188.1762,189.15178167672732,606.183425388394,189.17122625090806,188.1701,188.20773401999998,187.621,187.5834758,106,3.0,1.25,318.0,132.5,0.4166666666666667,185.1701,189.4201,FORCED_EOD,201,-58.20459999999804,7.966771319999111,0.742,8.708771319999112,-66.91337131999715
2025-10-06 13:32:00-04:00,2025-10-06 13:33:00-04:00,2025-10-06 15:59:00-04:00,LONG,-2.730320325004222,185.8601,185.74907728244312,607.4485503802263,186.46653955870826,185.86,185.897172,185.53,185.492894,107,3.0,1.25,321.0,133.75,0.4166666666666667,182.86,187.11,FORCED_EOD,146,-35.31000000000134,7.947745999999199,0.749,8.6967459999992,-44.00674600000054
2025-10-07 11:02:00-04:00,2025-10-07 11:03:00-04:00,2025-10-07 15:59:00-04:00,LONG,-2.6583275880964607,187.01,187.8757499125773,608.7577223393939,187.79811786980423,187.025,187.062405,184.025,183.98819500000002,106,3.0,1.25,318.0,132.5,0.4166666666666667,184.025,188.275,STOP,296,-318.0,7.866259999999329,0.742,8.60825999999933,-326.60825999999935
2025-10-08 13:11:00-04:00,2025-10-08 13:12:00-04:00,2025-10-08 15:57:00-04:00,LONG,-2.55263003431514,187.855,188.32910719159085,608.2123788500945,188.39485823619341,187.85,187.88756999999998,189.1,189.06218,106,3.0,1.25,318.0,132.5,0.4166666666666667,184.85,189.1,TAKE_PROFIT_BRACKET,165,132.5,7.991339999996853,0.742,8.733339999996854,123.76666000000314
2025-10-08 15:57:00-04:00,2025-10-08 15:58:00-04:00,2025-10-08 15:59:00-04:00,SHORT,2.8068909375175695,189.025,188.38481274691253,609.1847916547692,188.5366628819478,189.03,188.992194,189.06,189.097812,105,3.0,1.25,315.0,131.25,0.4166666666666667,192.03,187.78,FORCED_EOD,1,-3.1500000000001194,7.93988999999911,0.735,8.67488999999911,-11.824889999999229
2025-10-09 14:27:00-04:00,2025-10-09 14:28:00-04:00,2025-10-09 15:59:00-04:00,LONG,-2.506763730325816,192.72,193.42657724450672,609.4453670696842,193.27762496935463,192.72,192.758544,192.54,192.50149199999998,103,3.0,1.25,309.0,128.75,0.4166666666666667,189.72,193.97,FORCED_EOD,91,-18.540000000000703,7.936356000000927,0.721,8.657356000000927,-27.19735600000163
2025-10-10 10:59:00-04:00,2025-10-10 11:00:00-04:00,2025-10-10 11:17:00-04:00,LONG,-2.5707491788622923,194.1512,194.1469019664296,611.62841698802,193.4293742811552,194.15,194.18883,191.15,191.11177,102,3.0,1.25,306.0,127.5,0.4166666666666667,191.15,195.4,STOP,17,-306.0,7.860119999998858,0.714,8.574119999998858,-314.57411999999886
2025-10-10 11:18:00-04:00,2025-10-10 11:19:00-04:00,2025-10-10 11:32:00-04:00,LONG,-2.7361469448395357,190.4,193.64095685251877,608.9418458253436,192.14319922835045,190.39,190.42807799999997,187.39,187.352522,105,3.0,1.25,315.0,131.25,0.4166666666666667,187.39,191.64,STOP,13,-315.0,7.933379999997641,0.735,8.66837999999764,-323.6683799999976
2025-10-10 12:46:00-04:00,2025-10-10 12:47:00-04:00,2025-10-10 15:37:00-04:00,LONG,-3.038431622001127,188.19,191.56718214727545,603.6370804297686,190.1393158528877,188.1703,188.20793405999999,185.1703,185.13326594,106,3.0,1.25,318.0,132.5,0.4166666666666667,185.1703,189.4203,STOP,170,-318.0,7.914820719998318,0.742,8.656820719998318,-326.65682071999834
2025-10-10 15:37:00-04:00,2025-10-10 15:38:00-04:00,2025-10-10 15:59:00-04:00,LONG,-3.498991859007708,185.145,190.3694263640639,600.7909522961112,188.1640356163805,185.15,185.18703,182.15,182.11357,107,3.0,1.25,321.0,133.75,0.4166666666666667,182.15,186.4,STOP,21,-321.0,7.860219999998179,0.749,8.60921999999818,-329.6092199999982
2025-10-13 10:24:00-04:00,2025-10-13 10:25:00-04:00,2025-10-13 13:03:00-04:00,LONG,-2.8725418683703268,188.1383,188.8247271119018,599.701254792018,188.91209286988467,188.14,188.17762799999997,189.39,189.35212199999998,106,3.0,1.25,318.0,132.5,0.4166666666666667,185.14,189.39,TAKE_PROFIT_BRACKET,158,132.5,8.003635999998949,0.742,8.74563599999895,123.75436400000105
2025-10-13 14:01:00-04:00,2025-10-13 14:02:00-04:00,2025-10-13 15:59:00-04:00,LONG,-3.2862114935583784,188.2,188.36683789682627,600.3199443931471,189.08420216279504,188.19,188.22763799999998,188.32,188.282336,106,3.0,1.25,318.0,132.5,0.4166666666666667,185.19,189.44,FORCED_EOD,117,13.779999999999518,7.982011999999315,0.742,8.724011999999316,5.055988000000202
2025-10-14 10:46:00-04:00,2025-10-14 10:47:00-04:00,2025-10-14 11:47:00-04:00,LONG,-2.5205728246528407,181.7258,181.54983743541572,593.9814567334137,183.09864546132084,181.725,181.76134499999998,182.975,182.938405,110,3.0,1.25,330.0,137.5,0.4166666666666667,178.725,182.975,TAKE_PROFIT_BRACKET,60,137.5,8.02339999999873,0.77,8.79339999999873,128.70660000000126
2025-10-14 11:47:00-04:00,2025-10-14 11:48:00-04:00,2025-10-14 14:04:00-04:00,SHORT,2.758309319961701,182.885,181.59424419628357,595.1168994770265,183.33418529936225,182.89,182.853422,181.64,181.67632799999998,109,3.0,1.25,327.0,136.25,0.4166666666666667,185.89,181.64,TAKE_PROFIT_BRACKET,136,136.25,7.946753999998805,0.763,8.709753999998805,127.54024600000119
2025-10-14 15:37:00-04:00,2025-10-14 15:38:00-04:00,2025-10-14 15:59:00-04:00,SHORT,4.061278698585321,181.04,182.05883206462488,597.9241600615647,182.4179077851091,180.98,180.943804,180.07,180.106014,110,3.0,1.25,330.0,137.5,0.4166666666666667,183.98,179.73,FORCED_EOD,21,100.09999999999962,7.943099999998253,0.77,8.713099999998253,91.38690000000138
2025-10-15 10:31:00-04:00,2025-10-15 10:32:00-04:00,2025-10-15 13:05:00-04:00,LONG,-2.6022159112749828,182.11,182.54202733081073,604.3434669388096,183.6255459783961,182.1182,182.15462364,179.1182,179.08237636,109,3.0,1.25,327.0,136.25,0.4166666666666667,179.1182,183.3682,STOP,153,-327.0,7.874953519999906,0.763,8.637953519999906,-335.6379535199999
2025-10-15 13:41:00-04:00,2025-10-15 13:42:00-04:00,2025-10-15 14:33:00-04:00,LONG,-2.7163724684295376,178.83,181.21532808024625,602.7533171202109,179.91771367896294,178.805,178.84076100000001,180.055,180.018989,111,3.0,1.25,333.0,138.75,0.4166666666666667,175.805,180.055,TAKE_PROFIT_BRACKET,51,138.75,7.966692000001103,0.777,8.743692000001102,130.0063079999989
2025-10-15 15:48:00-04:00,2025-10-15 15:49:00-04:00,2025-10-15 15:55:00-04:00,SHORT,3.3036634159350635,180.135,180.9321670698942,602.5315133070578,180.55045499607493,180.13,180.093974,178.88,178.915776,111,3.0,1.25,333.0,138.75,0.4166666666666667,183.13,178.88,TAKE_PROFIT_BRACKET,6,138.75,7.970021999999005,0.777,8.747021999999005,130.002978000001
2025-10-15 15:55:00-04:00,2025-10-15 15:56:00-04:00,2025-10-15 15:59:00-04:00,LONG,-3.9716298650547155,178.6793,180.87230944305207,602.4926356844115,179.9027473517623,178.68,178.715736,179.93,179.894014,111,3.0,1.25,333.0,138.75,0.4166666666666667,175.68,179.93,TAKE_PROFIT_BRACKET,3,138.75,7.961141999999342,0.777,8.73814199999934,130.01185800000067
2025-10-16 11:30:00-04:00,2025-10-16 11:31:00-04:00,2025-10-16 12:30:00-04:00,SHORT,2.5739566626922534,182.0201,182.30922969622912,606.1302803224266,181.45531636132586,182.0288,181.99239423999998,180.7788,180.81495575999998,109,3.0,1.25,327.0,136.25,0.4166666666666667,185.0288,180.7788,TAKE_PROFIT_BRACKET,59,136.25,7.909205679999303,0.763,8.672205679999303,127.57779432000069
2025-10-16 12:44:00-04:00,2025-10-16 12:45:00-04:00,2025-10-16 15:59:00-04:00,SHORT,2.5349417672630605,180.53,182.01424039612428,604.5085524143042,179.77554776828362,180.52,180.48389600000002,181.811,181.8473622,110,3.0,1.25,330.0,137.5,0.4166666666666667,183.52,179.27,FORCED_EOD,194,-142.00999999999965,7.971281999997757,0.77,8.741281999997756,-150.75128199999742
2025-10-17 13:02:00-04:00,2025-10-17 13:03:00-04:00,2025-10-17 15:59:00-04:00,SHORT,2.653770795923816,182.485,181.82341291619886,600.0091233887483,182.51582339489443,182.4899,182.45340202,183.235,183.271647,109,3.0,1.25,327.0,136.25,0.4166666666666667,185.4899,181.2399,FORCED_EOD,176,-81.21590000000086,7.972802819999458,0.763,8.735802819999458,-89.95170282000032
2025-10-20 10:22:00-04:00,2025-10-20 10:23:00-04:00,2025-10-20 15:16:00-04:00,SHORT,2.654249591795571,184.07,182.84739902806078,609.42850552323,183.3251341359019,184.0786,184.04178428,182.8286,182.86516572,108,3.0,1.25,324.0,135.0,0.4166666666666667,187.0786,182.8286,TAKE_PROFIT_BRACKET,293,135.0,7.925195519999079,0.756,8.68119551999908,126.31880448000092
2025-10-20 15:53:00-04:00,2025-10-20 15:54:00-04:00,2025-10-20 15:59:00-04:00,LONG,-2.794401499822345,182.63,183.4358314618077,611.2197360098559,183.9740335206698,182.63,182.666526,182.57,182.533486,109,3.0,1.25,327.0,136.25,0.4166666666666667,179.63,183.88,FORCED_EOD,5,-6.540000000000248,7.961359999999104,0.763,8.724359999999104,-15.264359999999352
2025-10-21 10:05:00-04:00,2025-10-21 10:06:00-04:00,2025-10-21 11:06:00-04:00,LONG,-2.6208308375075897,180.2897,181.47949147189416,610.4597269548857,181.36290019394772,180.2807,180.31675614,181.5307,181.49439386,110,3.0,1.25,330.0,137.5,0.4166666666666667,177.2807,181.5307,TAKE_PROFIT_BRACKET,60,137.5,7.959850799999231,0.77,8.72985079999923,128.77014920000076
2025-10-21 11:06:00-04:00,2025-10-21 11:07:00-04:00,2025-10-21 15:59:00-04:00,SHORT,2.5413342208623844,181.625,180.99590295238048,610.5670074364878,181.30476796723255,181.6258,181.58947484,181.16,181.19623199999998,110,3.0,1.25,330.0,137.5,0.4166666666666667,184.6258,180.3758,FORCED_EOD,292,51.23800000000017,7.981287599997131,0.77,8.75128759999713,42.48671240000304
2025-10-22 10:29:00-04:00,2025-10-22 10:30:00-04:00,2025-10-22 13:25:00-04:00,LONG,-2.517522472993261,180.405,181.92488240156297,609.8556424527935,181.77956802355226,180.42,180.45608399999998,177.42,177.384516,110,3.0,1.25,330.0,137.5,0.4166666666666667,177.42,181.67,STOP,175,-330.0,7.8724799999983475,0.77,8.642479999998347,-338.64247999999833
2025-10-23 11:44:00-04:00,2025-10-23 11:45:00-04:00,2025-10-23 14:22:00-04:00,LONG,-2.504369012098955,181.46,181.31379640107093,607.7700492140535,181.3030537175243,181.465,181.501293,182.715,182.678457,110,3.0,1.25,330.0,137.5,0.4166666666666667,178.465,182.715,TAKE_PROFIT_BRACKET,157,137.5,8.011959999999476,0.77,8.781959999999476,128.7180400000005
2025-10-23 15:36:00-04:00,2025-10-23 15:37:00-04:00,2025-10-23 15:59:00-04:00,LONG,-2.9106701753004294,182.53,181.77585091080437,608.9810115758813,181.88145662590324,182.54,182.576508,182.2,182.16356,109,3.0,1.25,327.0,136.25,0.4166666666666667,179.54,183.79,FORCED_EOD,22,-37.06000000000037,7.951331999999638,0.763,8.714331999999638,-45.77433200000001
2025-10-24 10:04:00-04:00,2025-10-24 10:05:00-04:00,2025-10-24 15:02:00-04:00,LONG,-2.506792387568043,185.01,185.2030545656434,616.6712941680365,185.26493899199508,185.03,185.067006,186.28,186.24274400000002,108,3.0,1.25,324.0,135.0,0.4166666666666667,182.03,186.28,TAKE_PROFIT_BRACKET,297,135.0,8.020295999997415,0.756,8.776295999997416,126.22370400000258
2025-10-24 15:02:00-04:00,2025-10-24 15:03:00-04:00,2025-10-24 15:59:00-04:00,SHORT,3.5135777835944277,186.245,185.17046606284612,617.2305212150229,185.2851413710039,186.24,186.202752,186.27,186.307254,107,3.0,1.25,321.0,133.75,0.4166666666666667,189.24,184.99,FORCED_EOD,56,-3.2100000000001216,7.971713999999508,0.749,8.720713999999509,-11.93071399999963
2025-10-27 10:06:00-04:00,2025-10-27 10:07:00-04:00,2025-10-27 13:00:00-04:00,LONG,-2.8626326918644924,190.33,190.61162714681842,625.0560463571788,190.76928707717008,190.34,190.378068,191.59,191.551682,105,3.0,1.25,315.0,131.25,0.4166666666666667,187.34,191.59,TAKE_PROFIT_BRACKET,173,131.25,8.020530000001429,0.735,8.755530000001428,122.49446999999857
2025-10-27 13:06:00-04:00,2025-10-27 13:07:00-04:00,2025-10-27 14:31:00-04:00,SHORT,2.7362946479510164,191.6403,190.53354393887145,625.8308699883896,190.76700576834995,191.65,191.61167,190.4,190.43808,104,3.0,1.25,312.0,130.0,0.4166666666666667,194.65,190.4,TAKE_PROFIT_BRACKET,84,130.0,7.946640000001025,0.728,8.674640000001025,121.32535999999898
2025-10-27 14:31:00-04:00,2025-10-27 14:32:00-04:00,2025-10-27 15:50:00-04:00,LONG,-2.8096175673061112,190.4293,190.64022924168694,626.0730860703924,190.91013531587,190.4293,190.46738586,191.6793,191.64096414000002,105,3.0,1.25,315.0,131.25,0.4166666666666667,187.4293,191.6793,TAKE_PROFIT_BRACKET,78,131.25,8.024280599998406,0.735,8.759280599998405,122.4907194000016
2025-10-27 15:50:00-04:00,2025-10-27 15:51:00-04:00,2025-10-27 15:59:00-04:00,SHORT,3.9184727766141654,191.625,190.65311719953533,626.4077684317862,191.02243865017428,191.63,191.591674,191.43,191.468286,104,3.0,1.25,312.0,130.0,0.4166666666666667,194.63,190.38,FORCED_EOD,8,20.799999999998818,7.967647999998235,0.728,8.695647999998235,12.104352000000583
2025-10-28 12:01:00-04:00,2025-10-28 12:02:00-04:00,2025-10-28 13:41:00-04:00,SHORT,2.5159050678646477,193.615,193.4684628426918,630.3506542118043,193.66520481251345,193.62,193.581276,196.62,196.659324,103,3.0,1.25,309.0,128.75,0.4166666666666667,196.62,192.37,STOP,99,-309.0,8.038943999999532,0.721,8.759943999999532,-317.7599439999995
2025-10-28 15:08:00-04:00,2025-10-28 15:09:00-04:00,2025-10-28 15:59:00-04:00,SHORT,2.6003632479624246,201.28,195.98969870686705,631.4682869834301,197.07375809260677,201.28,201.239744,201.03,201.07020599999998,99,3.0,1.25,297.0,123.75,0.4166666666666667,204.28,200.03,FORCED_EOD,50,24.75,7.965737999998311,0.6930000000000001,8.65873799999831,16.09126200000169
2025-10-29 11:45:00-04:00,2025-10-29 11:46:00-04:00,2025-10-29 15:59:00-04:00,LONG,-3.5850227465381006,207.22,209.86039391832625,635.855387314745,209.44020655944777,207.23,207.271446,207.05,207.00859000000003,96,3.0,1.25,288.0,120.0,0.4166666666666667,204.23,208.48,FORCED_EOD,253,-17.279999999997926,7.954175999999279,0.672,8.62617599999928,-25.906175999997206
2025-10-30 13:14:00-04:00,2025-10-30 13:15:00-04:00,2025-10-30 13:46:00-04:00,LONG,-2.521779658902624,202.5201,203.1561290390381,630.3153334448238,203.09796305130908,202.53,202.570506,203.78,203.739244,98,3.0,1.25,294.0,122.5,0.4166666666666667,199.53,203.78,TAKE_PROFIT_BRACKET,31,122.5,7.963675999998145,0.686,8.649675999998145,113.85032400000185
2025-10-30 13:46:00-04:00,2025-10-30 13:47:00-04:00,2025-10-30 15:11:00-04:00,SHORT,2.9584409183545035,203.9499,203.15277157848473,630.3059190294109,203.18236469152347,203.9499,203.90911002,202.6999,202.74043998000002,98,3.0,1.25,294.0,122.5,0.4166666666666667,206.9499,202.6999,TAKE_PROFIT_BRACKET,84,122.5,7.970336080000493,0.686,8.656336080000493,113.8436639199995
2025-10-30 15:11:00-04:00,2025-10-30 15:12:00-04:00,2025-10-30 15:59:00-04:00,LONG,-2.839737809526131,202.6899,203.25085361196471,630.1494787630573,203.10703266884798,202.675,202.71553500000002,202.78,202.739444,98,3.0,1.25,294.0,122.5,0.4166666666666667,199.675,203.925,FORCED_EOD,47,10.289999999998997,7.94691800000146,0.686,8.63291800000146,1.657081999997537
2025-10-31 11:20:00-04:00,2025-10-31 11:21:00-04:00,2025-10-31 13:03:00-04:00,LONG,-2.7322507000466065,205.47,206.12259661387597,632.4815504225523,206.62801623547713,205.47,205.51109399999999,202.47,202.429506,97,3.0,1.25,291.0,121.25,0.4166666666666667,202.47,206.72,STOP,102,-291.0,7.914035999998276,0.679,8.593035999998277,-299.5930359999983
2025-10-31 13:22:00-04:00,2025-10-31 13:23:00-04:00,2025-10-31 15:59:00-04:00,SHORT,2.590416259873958,202.86,205.14373316086125,631.1413316799797,202.86826577726282,202.865,202.82442700000001,202.41,202.450482,98,3.0,1.25,294.0,122.5,0.4166666666666667,205.865,201.615,FORCED_EOD,156,44.590000000001226,7.943389999999226,0.686,8.629389999999226,35.960610000002
2025-11-03 10:23:00-05:00,2025-11-03 10:24:00-05:00,2025-11-03 10:49:00-05:00,SHORT,2.6144716348469133,208.4101,208.06657607092407,633.4017155631493,207.268725949017,208.41,208.368318,207.16,207.20143199999998,95,3.0,1.25,285.0,118.75,0.4166666666666667,211.41,207.16,TAKE_PROFIT_BRACKET,25,118.75,7.895829999999506,0.665,8.560829999999505,110.1891700000005
2025-11-03 11:55:00-05:00,2025-11-03 11:56:00-05:00,2025-11-03 14:28:00-05:00,SHORT,2.630024451623887,208.855,208.0359902050411,632.2856584471193,207.70864448054837,208.8515,208.8097297,207.6015,207.6430203,95,3.0,1.25,285.0,118.75,0.4166666666666667,211.8515,207.6015,TAKE_PROFIT_BRACKET,152,118.75,7.912606999999809,0.665,8.577606999999809,110.1723930000002
2025-11-03 15:27:00-05:00,2025-11-03 15:28:00-05:00,2025-11-03 15:59:00-05:00,LONG,-2.562965899491708,206.9593,208.71467787641961,632.3405541993836,208.46414331694422,206.955,206.99639100000002,207.02,206.978596,96,3.0,1.25,288.0,120.0,0.4166666666666667,203.955,208.205,FORCED_EOD,31,6.239999999999782,7.948320000000422,0.672,8.620320000000422,-2.3803200000006406
2025-11-04 12:31:00-05:00,2025-11-04 12:32:00-05:00,2025-11-04 13:30:00-05:00,SHORT,2.7561715158618925,201.005,201.8453165285914,624.1374460389383,200.42485636363793,201.01,200.969798,199.76,199.799952,99,3.0,1.25,297.0,123.75,0.4166666666666667,204.01,199.76,TAKE_PROFIT_BRACKET,58,123.75,7.935245999999324,0.6930000000000001,8.628245999999324,115.12175400000068
2025-11-04 15:22:00-05:00,2025-11-04 15:23:00-05:00,2025-11-04 15:55:00-05:00,SHORT,2.5556722555201636,199.315,201.14077999143694,622.8646798050064,198.6639116127797,199.315,199.275137,198.065,198.104613,100,3.0,1.25,300.0,125.0,0.4166666666666667,202.315,198.065,TAKE_PROFIT_BRACKET,32,125.0,7.947599999999966,0.7000000000000001,8.647599999999965,116.35240000000003
2025-11-05 10:48:00-05:00,2025-11-05 10:49:00-05:00,2025-11-05 15:05:00-05:00,SHORT,2.51599607507426,201.6901,199.68338488554298,620.7109497150701,201.0749710914349,201.7,201.65966,200.45,200.49008999999998,99,3.0,1.25,297.0,123.75,0.4166666666666667,204.7,200.45,TAKE_PROFIT_BRACKET,256,123.75,7.962569999997868,0.6930000000000001,8.655569999997867,115.09443000000213
2025-11-05 15:05:00-05:00,2025-11-05 15:06:00-05:00,2025-11-05 15:50:00-05:00,LONG,-3.1662019415732328,200.43,200.7792265707697,622.7468594477709,203.02876601019165,200.4399,200.47998798,197.4399,197.40041202,99,3.0,1.25,297.0,123.75,0.4166666666666667,197.4399,201.6899,STOP,44,-297.0,7.878020039999967,0.6930000000000001,8.571020039999967,-305.57102003999995
2025-11-05 15:50:00-05:00,2025-11-05 15:51:00-05:00,2025-11-05 15:59:00-05:00,LONG,-2.555803984575684,197.02,200.4845069566163,623.1457743783001,201.50368642215088,197.005,197.044401,195.15,195.11097,101,3.0,1.25,303.0,126.25,0.4166666666666667,194.005,198.255,FORCED_EOD,8,-187.35499999999897,7.921530999999476,0.707,8.628530999999477,-195.98353099999844
2025-11-06 10:48:00-05:00,2025-11-06 10:49:00-05:00,2025-11-06 10:50:00-05:00,LONG,-3.0932192786817216,189.4995,193.56450669492912,617.6823997561904,191.70284052326338,189.47,189.507894,190.72,190.681856,105,3.0,1.25,315.0,131.25,0.4166666666666667,186.47,190.72,TAKE_PROFIT_BRACKET,1,131.25,7.983989999998187,0.735,8.718989999998186,122.53101000000181
2025-11-06 11:39:00-05:00,2025-11-06 11:40:00-05:00,2025-11-06 13:36:00-05:00,LONG,-2.8776224350544783,188.55,192.573143232671,616.2343901121733,190.67762455396098,188.53,188.567706,189.78,189.742044,106,3.0,1.25,318.0,132.5,0.4166666666666667,185.53,189.78,TAKE_PROFIT_BRACKET,116,132.5,8.020171999999377,0.742,8.762171999999378,123.73782800000062
2025-11-06 13:53:00-05:00,2025-11-06 13:54:00-05:00,2025-11-06 14:26:00-05:00,LONG,-2.5294490814423267,188.78,190.8963267836077,614.710912591989,190.54439405886777,188.79,188.827758,190.04,190.001992,105,3.0,1.25,315.0,131.25,0.4166666666666667,185.79,190.04,TAKE_PROFIT_BRACKET,32,131.25,7.955429999998671,0.735,8.69042999999867,122.55957000000133
2025-11-06 15:41:00-05:00,2025-11-06 15:42:00-05:00,2025-11-06 15:59:00-05:00,LONG,-2.7807809260281804,188.66,190.67038685419348,614.7154460047543,190.12284261392273,188.66,188.697732,188.17,188.132366,105,3.0,1.25,315.0,131.25,0.4166666666666667,185.66,189.91,FORCED_EOD,17,-51.450000000000955,7.913430000000261,0.735,8.64843000000026,-60.098430000001215
2025-11-07 11:06:00-05:00,2025-11-07 11:07:00-05:00,2025-11-07 11:23:00-05:00,LONG,-3.4358641283002234,179.6,182.57916694239583,604.6350037021576,181.01891344488922,179.6,179.63592,180.85,180.81383,111,3.0,1.25,333.0,138.75,0.4166666666666667,176.6,180.85,TAKE_PROFIT_BRACKET,16,138.75,8.001990000000319,0.777,8.778990000000318,129.9710099999997
2025-11-07 15:26:00-05:00,2025-11-07 15:27:00-05:00,2025-11-07 15:33:00-05:00,LONG,-2.5451318178145224,185.711,182.99191157616028,603.8141460335836,184.23723189754904,185.745,185.782149,186.995,186.957601,107,3.0,1.25,321.0,133.75,0.4166666666666667,182.745,186.995,TAKE_PROFIT_BRACKET,6,133.75,7.976635999999246,0.749,8.725635999999247,125.02436400000076
2025-11-10 10:05:00-05:00,2025-11-10 10:06:00-05:00,2025-11-10 11:00:00-05:00,SHORT,2.6364434772544523,195.68,194.8059705181716,620.5095076283567,195.24978404963076,195.68,195.64086400000002,194.43,194.468886,102,3.0,1.25,306.0,127.5,0.4166666666666667,198.68,194.43,TAKE_PROFIT_BRACKET,54,127.5,7.958243999997535,0.714,8.672243999997535,118.82775600000247
2025-11-10 13:46:00-05:00,2025-11-10 13:47:00-05:00,2025-11-10 15:59:00-05:00,SHORT,2.8677755820367907,197.71,195.5023742575058,620.0593385889051,196.5584829741043,197.7,197.66046,199.03,199.069806,101,3.0,1.25,303.0,126.25,0.4166666666666667,200.7,196.45,FORCED_EOD,132,-134.33000000000126,8.013945999998668,0.707,8.72094599999867,-143.05094599999993
2025-11-11 10:42:00-05:00,2025-11-11 10:43:00-05:00,2025-11-11 10:53:00-05:00,SHORT,2.888837931120156,192.9,193.45737265701456,620.0777017760765,192.69911737141746,192.91,192.871418,191.66,191.698332,103,3.0,1.25,309.0,128.75,0.4166666666666667,195.91,191.66,TAKE_PROFIT_BRACKET,10,128.75,7.9221419999987575,0.721,8.643141999998758,120.10685800000124
2025-11-11 11:47:00-05:00,2025-11-11 11:48:00-05:00,2025-11-11 12:53:00-05:00,LONG,-3.0144461654469157,192.17,193.1399043286475,619.5596473289338,192.71560477550355,192.1699,192.20833398000002,193.4199,193.38121602,104,3.0,1.25,312.0,130.0,0.4166666666666667,189.1699,193.4199,TAKE_PROFIT_BRACKET,65,130.0,8.020267840000997,0.728,8.748267840000997,121.25173215999901
2025-11-11 15:20:00-05:00,2025-11-11 15:21:00-05:00,2025-11-11 15:55:00-05:00,SHORT,2.535124782134441,194.1,193.23840773315703,620.267668615843,194.34416373658445,194.1,194.06118,192.85,192.88857,103,3.0,1.25,309.0,128.75,0.4166666666666667,197.1,192.85,TAKE_PROFIT_BRACKET,34,128.75,7.971169999997926,0.721,8.692169999997926,120.05783000000207
2025-11-12 11:55:00-05:00,2025-11-12 11:56:00-05:00,2025-11-12 13:40:00-05:00,LONG,-2.8717705184747926,191.92,192.77477559272185,620.4044904381049,191.71109815714365,191.91,191.94838199999998,193.16,193.121368,104,3.0,1.25,312.0,130.0,0.4166666666666667,188.91,193.16,TAKE_PROFIT_BRACKET,104,130.0,8.00945599999909,0.728,8.73745599999909,121.26254400000091
2025-11-12 13:57:00-05:00,2025-11-12 13:58:00-05:00,2025-11-12 15:59:00-05:00,LONG,-2.551647218002238,192.465,192.67614048237195,620.3562944146013,193.09203110864885,192.465,192.503493,193.715,193.67625700000002,103,3.0,1.25,309.0,128.75,0.4166666666666667,189.465,193.715,TAKE_PROFIT_BRACKET,121,128.75,7.95530799999699,0.721,8.67630799999699,120.073692000003
2025-11-13 10:46:00-05:00,2025-11-13 10:47:00-05:00,2025-11-13 11:07:00-05:00,SHORT,2.6469014799368495,186.7839,188.48682191114085,615.1129335865165,186.35983259195464,186.78,186.742644,185.53,185.567106,107,3.0,1.25,321.0,133.75,0.4166666666666667,189.78,185.53,TAKE_PROFIT_BRACKET,20,133.75,7.96743399999815,0.749,8.71643399999815,125.03356600000185
2025-11-13 11:44:00-05:00,2025-11-13 11:45:00-05:00,2025-11-13 13:28:00-05:00,SHORT,2.6588520091484176,185.825,187.63271296195043,613.6059284095062,185.241062937312,185.82,185.782836,184.57,184.606914,107,3.0,1.25,321.0,133.75,0.4166666666666667,188.82,184.57,TAKE_PROFIT_BRACKET,103,133.75,7.926345999998489,0.749,8.67534599999849,125.07465400000152
2025-11-13 14:38:00-05:00,2025-11-13 14:39:00-05:00,2025-11-13 15:59:00-05:00,SHORT,3.2524184203336177,185.97,186.70714082732638,611.4853393070279,184.24744045009558,185.9825,185.9453035,186.9637,187.00109274,107,3.0,1.25,321.0,133.75,0.4166666666666667,188.9825,184.7325,FORCED_EOD,80,-104.98840000000013,7.981048679999418,0.749,8.730048679999419,-113.71844867999954
2025-11-14 12:09:00-05:00,2025-11-14 12:10:00-05:00,2025-11-14 15:59:00-05:00,LONG,-2.552191718555941,189.88,186.88508212679932,605.9322045666062,191.49569120882904,189.87,189.907974,190.28,190.24194400000002,105,3.0,1.25,315.0,131.25,0.4166666666666667,186.87,191.12,FORCED_EOD,229,43.04999999999964,7.983149999997323,0.735,8.718149999997323,34.33185000000232
2025-11-17 11:12:00-05:00,2025-11-17 11:13:00-05:00,2025-11-17 14:03:00-05:00,SHORT,2.669401379857895,186.44,187.16656517449837,609.1739800126932,185.09115989090066,186.46,186.422708,185.21,185.247042,107,3.0,1.25,321.0,133.75,0.4166666666666667,189.46,185.21,TAKE_PROFIT_BRACKET,170,133.75,7.9537379999992766,0.749,8.702737999999277,125.04726200000073
2025-11-17 14:46:00-05:00,2025-11-17 14:47:00-05:00,2025-11-17 15:59:00-05:00,SHORT,2.550150295613117,184.8006,186.89100580146066,607.6497724900349,182.32671849679932,184.82,184.783036,186.59,186.627318,108,3.0,1.25,324.0,135.0,0.4166666666666667,187.82,183.57,FORCED_EOD,72,-191.1600000000011,8.022455999998101,0.756,8.778455999998101,-199.9384559999992
2025-11-18 10:03:00-05:00,2025-11-18 10:04:00-05:00,2025-11-18 11:32:00-05:00,SHORT,2.9770352297629086,180.37,181.98966532622813,597.9473212250352,179.30719878541677,180.365,180.32892700000002,183.365,183.40167300000002,110,3.0,1.25,330.0,137.5,0.4166666666666667,183.365,179.115,STOP,88,-330.0,8.00205999999946,0.77,8.77205999999946,-338.77205999999944
2025-11-18 12:32:00-05:00,2025-11-18 12:33:00-05:00,2025-11-18 12:55:00-05:00,SHORT,3.2684689907150686,181.49,181.90656846370575,596.2312643626354,180.67686801227012,181.47,181.433706,184.47,184.506894,110,3.0,1.25,330.0,137.5,0.4166666666666667,184.47,180.22,STOP,22,-330.0,8.050679999998636,0.77,8.820679999998635,-338.8206799999986
2025-11-18 13:01:00-05:00,2025-11-18 13:02:00-05:00,2025-11-18 15:59:00-05:00,LONG,-2.586977344559421,184.19,182.0509304123202,596.4786822178993,184.60602770788316,184.2,184.23683999999997,181.2,181.16376,108,3.0,1.25,324.0,135.0,0.4166666666666667,181.2,185.45,STOP,177,-324.0,7.892639999997414,0.756,8.648639999997414,-332.6486399999974
2025-11-19 10:56:00-05:00,2025-11-19 10:57:00-05:00,2025-11-19 11:36:00-05:00,SHORT,2.518239283275139,186.02,186.2080726809451,602.735860822973,184.99281481035055,186.01,185.97279799999998,184.76,184.79695199999998,107,3.0,1.25,321.0,133.75,0.4166666666666667,189.01,184.76,TAKE_PROFIT_BRACKET,39,133.75,7.934477999999245,0.749,8.683477999999246,125.06652200000076
2025-11-19 11:59:00-05:00,2025-11-19 12:00:00-05:00,2025-11-19 15:16:00-05:00,LONG,-2.6746078599916694,185.145,185.98747987483407,601.67201642188,184.4185405247515,185.14,185.17702799999998,186.39,186.352722,108,3.0,1.25,324.0,135.0,0.4166666666666667,182.14,186.39,TAKE_PROFIT_BRACKET,196,135.0,8.025047999997696,0.756,8.781047999997696,126.2189520000023
2025-11-19 15:18:00-05:00,2025-11-19 15:19:00-05:00,2025-11-19 15:59:00-05:00,LONG,-2.659584876096015,186.8265,185.47383401599944,599.9673036279503,186.27099724594765,186.823,186.8603646,186.775,186.73764500000001,107,3.0,1.25,321.0,133.75,0.4166666666666667,183.823,188.073,FORCED_EOD,40,-5.136000000000195,7.994997199997897,0.749,8.743997199997898,-13.879997199998092
2025-11-20 13:06:00-05:00,2025-11-20 13:07:00-05:00,2025-11-20 13:51:00-05:00,LONG,-2.6975548943532037,185.04,189.85822895100958,602.4774061172905,182.8461878876935,185.04,185.07700799999998,182.04,182.003592,108,3.0,1.25,324.0,135.0,0.4166666666666667,182.04,186.29,STOP,44,-324.0,7.928927999997882,0.756,8.684927999997882,-332.68492799999785
2025-11-20 15:35:00-05:00,2025-11-20 15:36:00-05:00,2025-11-20 15:46:00-05:00,SHORT,2.624792810381758,181.69,188.06128314803772,599.0884502114994,178.4545899514016,181.69,181.653662,180.44,180.476088,110,3.0,1.25,330.0,137.5,0.4166666666666667,184.69,180.44,TAKE_PROFIT_BRACKET,10,137.5,7.966860000000793,0.77,8.736860000000792,128.7631399999992
2025-11-21 12:00:00-05:00,2025-11-21 12:01:00-05:00,2025-11-21 12:34:00-05:00,LONG,-2.8876119281256805,180.44,177.62939491873914,585.9846992322707,181.1319634555251,180.44,180.476088,181.69,181.653662,110,3.0,1.25,330.0,137.5,0.4166666666666667,177.44,181.69,TAKE_PROFIT_BRACKET,33,137.5,7.966860000000793,0.77,8.736860000000792,128.7631399999992
2025-11-21 13:36:00-05:00,2025-11-21 13:37:00-05:00,2025-11-21 13:48:00-05:00,LONG,-2.803281371439676,180.21,178.23780826866778,587.002245679425,181.08861006264343,180.22,180.256044,181.47,181.433706,110,3.0,1.25,330.0,137.5,0.4166666666666667,177.22,181.47,TAKE_PROFIT_BRACKET,11,137.5,7.957180000000221,0.77,8.72718000000022,128.77281999999977
2025-11-21 14:12:00-05:00,2025-11-21 14:13:00-05:00,2025-11-21 14:24:00-05:00,LONG,-2.5412082972592014,182.639,178.79314869658228,587.7430310580129,184.21430189749702,182.63,182.666526,183.88,183.843224,109,3.0,1.25,327.0,136.25,0.4166666666666667,179.63,183.88,TAKE_PROFIT_BRACKET,11,136.25,7.989918000001353,0.763,8.752918000001353,127.49708199999864
2025-11-21 15:55:00-05:00,2025-11-21 15:56:00-05:00,2025-11-21 15:59:00-05:00,SHORT,2.540825946579358,178.91,179.34593941056474,588.978509965474,179.82372035903987,178.9,178.86422000000002,178.94,178.975788,111,3.0,1.25,333.0,138.75,0.4166666666666667,181.9,177.65,FORCED_EOD,3,-4.439999999999117,7.944047999998332,0.777,8.721047999998332,-13.161047999997448
2025-11-24 11:08:00-05:00,2025-11-24 11:09:00-05:00,2025-11-24 11:46:00-05:00,SHORT,3.126077368410147,180.085,178.7108060610395,599.6689640831871,180.15063296909292,180.0841,180.04808318000002,183.0841,183.12071682,111,3.0,1.25,333.0,138.75,0.4166666666666667,183.0841,178.8341,STOP,37,-333.0,8.062334039999143,0.777,8.839334039999143,-341.83933403999913
2025-11-24 12:57:00-05:00,2025-11-24 12:58:00-05:00,2025-11-24 15:59:00-05:00,LONG,-2.553376849535027,182.44,180.05590826660668,601.0960517003201,181.60908805176658,182.44,182.476488,182.55,182.51349000000002,109,3.0,1.25,327.0,136.25,0.4166666666666667,179.44,183.69,FORCED_EOD,181,11.990000000001487,7.95678199999827,0.763,8.71978199999827,3.270218000003217
2025-11-25 10:02:00-05:00,2025-11-25 10:03:00-05:00,2025-11-25 10:20:00-05:00,LONG,-2.5594071746592952,170.3,172.4215909863515,601.1263820420087,171.99229302936362,170.3,170.33406,171.55,171.51569,117,3.0,1.25,351.0,146.25,0.4166666666666667,167.3,171.55,TAKE_PROFIT_BRACKET,17,146.25,7.999289999998524,0.8190000000000001,8.818289999998525,137.4317100000015
2025-11-25 11:27:00-05:00,2025-11-25 11:28:00-05:00,2025-11-25 15:49:00-05:00,SHORT,2.6366317673037583,174.635,172.0683489869209,601.4009091353099,172.74905041178187,174.635,174.600073,177.635,177.670527,114,3.0,1.25,342.0,142.5,0.4166666666666667,177.635,173.385,STOP,261,-342.0,8.031755999998154,0.798,8.829755999998154,-350.82975599999816
2025-11-26 13:32:00-05:00,2025-11-26 13:33:00-05:00,2025-11-26 15:59:00-05:00,LONG,-2.7495839248320046,180.3001,180.65978539222968,613.713242922942,180.99299044877242,180.3,180.33606,180.175,180.138965,110,3.0,1.25,330.0,137.5,0.4166666666666667,177.3,181.55,FORCED_EOD,146,-13.75,7.9304499999989275,0.77,8.700449999998927,-22.450449999998927
2025-11-28 12:21:00-05:00,2025-11-28 12:22:00-05:00,2025-11-28 12:59:00-05:00,SHORT,2.6083520141336893,177.275,177.66040887448924,616.9107721891113,177.89293279047388,177.275,177.23954500000002,176.99,177.025398,112,3.0,1.25,336.0,140.0,0.4166666666666667,180.275,176.025,FORCED_EOD,37,31.919999999999618,7.935535999996773,0.784,8.719535999996774,23.200464000002846
2025-12-01 13:02:00-05:00,2025-12-01 13:03:00-05:00,2025-12-01 15:59:00-05:00,LONG,-2.7778917068458258,179.41,178.4130860081712,616.1286477624041,179.80959587391038,179.41,179.44588199999998,179.93,179.894014,111,3.0,1.25,333.0,138.75,0.4166666666666667,176.41,180.66,FORCED_EOD,176,57.720000000001136,7.977347999999438,0.777,8.754347999999437,48.9656520000017
2025-12-02 10:10:00-05:00,2025-12-02 10:11:00-05:00,2025-12-02 11:15:00-05:00,LONG,-2.6072683859619574,184.06,184.54557437655916,621.6458884893557,184.7041071451227,184.0618,184.09861236,181.0618,181.02558764,108,3.0,1.25,324.0,135.0,0.4166666666666667,181.0618,185.3118,STOP,64,-324.0,7.8866697600007,0.756,8.6426697600007,-332.6426697600007
2025-12-02 11:15:00-05:00,2025-12-02 11:16:00-05:00,2025-12-02 12:32:00-05:00,LONG,-2.5061079651721094,181.11,183.97360674199246,621.9203624237939,183.74300554259364,181.12,181.156224,182.37,182.333526,110,3.0,1.25,330.0,137.5,0.4166666666666667,178.12,182.37,TAKE_PROFIT_BRACKET,76,137.5,7.996780000000285,0.77,8.766780000000285,128.7332199999997
2025-12-02 13:57:00-05:00,2025-12-02 13:58:00-05:00,2025-12-02 15:59:00-05:00,LONG,-2.578113143091089,181.1009,182.93488198541797,621.2203640337647,182.93870224790297,181.1,181.13621999999998,181.31,181.273738,110,3.0,1.25,330.0,137.5,0.4166666666666667,178.1,182.35,FORCED_EOD,121,23.100000000000875,7.973019999997746,0.77,8.743019999997745,14.35698000000313
2025-12-03 10:03:00-05:00,2025-12-03 10:04:00-05:00,2025-12-03 15:34:00-05:00,SHORT,3.0991756563300816,180.915,180.01380897481278,619.5201899843744,180.11840303375763,180.92,180.883816,179.67,179.70593399999998,110,3.0,1.25,330.0,137.5,0.4166666666666667,183.92,179.67,TAKE_PROFIT_BRACKET,330,137.5,7.932979999998793,0.77,8.702979999998792,128.7970200000012
2025-12-04 13:05:00-05:00,2025-12-04 13:06:00-05:00,2025-12-04 15:59:00-05:00,LONG,-2.616032305588674,183.13,182.27968327213065,622.0622509089907,182.28306765560774,183.13,183.16662599999998,183.4,183.36332000000002,109,3.0,1.25,327.0,136.25,0.4166666666666667,180.13,184.38,FORCED_EOD,173,29.430000000001115,7.990353999997154,0.763,8.753353999997154,20.676646000003963
2025-12-05 13:50:00-05:00,2025-12-05 13:51:00-05:00,2025-12-05 15:59:00-05:00,LONG,-2.900484303289297,181.7897,182.3093917502829,626.0711557923304,182.28136962563292,181.7845,181.8208569,182.35,182.31353,109,3.0,1.25,327.0,136.25,0.4166666666666667,178.7845,183.0345,FORCED_EOD,128,61.63949999999846,7.938132099999507,0.763,8.701132099999507,52.93836789999896
2025-12-08 12:02:00-05:00,2025-12-08 12:03:00-05:00,2025-12-08 12:56:00-05:00,LONG,-2.504992822430818,183.015,183.886206283309,625.4221984334829,183.72871786961323,183.01,183.04660199999998,184.26,184.223148,109,3.0,1.25,327.0,136.25,0.4166666666666667,180.01,184.26,TAKE_PROFIT_BRACKET,53,136.25,8.006485999996698,0.763,8.769485999996698,127.4805140000033
2025-12-08 12:56:00-05:00,2025-12-08 12:57:00-05:00,2025-12-08 13:10:00-05:00,SHORT,5.910042741795057,184.56,183.82088519454504,625.1005312149535,183.763216993386,184.575,184.538085,187.575,187.61251499999997,108,3.0,1.25,324.0,135.0,0.4166666666666667,187.575,183.325,STOP,13,-324.0,8.03843999999765,0.756,8.79443999999765,-332.7944399999976
2025-12-08 13:10:00-05:00,2025-12-08 13:11:00-05:00,2025-12-08 13:28:00-05:00,SHORT,2.5107679685856557,187.32,184.30631002114276,625.0459108916448,184.27057722177724,187.3036,187.26613928,186.0536,186.09081071999998,106,3.0,1.25,318.0,132.5,0.4166666666666667,190.3036,186.0536,TAKE_PROFIT_BRACKET,17,132.5,7.915172639997309,0.742,8.65717263999731,123.84282736000269
2025-12-08 15:53:00-05:00,2025-12-08 15:54:00-05:00,2025-12-08 15:59:00-05:00,SHORT,2.6931747560230557,185.1001,184.68440968254652,624.2738842726468,184.6155452673442,185.1001,185.06307998,185.58,185.617116,108,3.0,1.25,324.0,135.0,0.4166666666666667,188.1001,183.8501,FORCED_EOD,5,-51.829200000001606,8.006690159999721,0.756,8.762690159999721,-60.59189016000133
2025-12-09 10:51:00-05:00,2025-12-09 10:52:00-05:00,2025-12-09 15:01:00-05:00,SHORT,2.5218592983089803,185.3,184.48346383698248,623.2331539048097,184.55662848394698,185.3,185.26294000000001,184.05,184.08681,107,3.0,1.25,321.0,133.75,0.4166666666666667,188.3,184.05,TAKE_PROFIT_BRACKET,249,133.75,7.90408999999994,0.749,8.65308999999994,125.09691000000007
2025-12-09 15:01:00-05:00,2025-12-09 15:02:00-05:00,2025-12-09 15:59:00-05:00,LONG,-2.74887510486797,184.0872,184.65738934480632,624.447684553036,184.6906461587855,184.0801,184.11691602,184.97,184.933006,108,3.0,1.25,324.0,135.0,0.4166666666666667,181.0801,185.3301,FORCED_EOD,57,96.10920000000124,7.971482159999596,0.756,8.727482159999596,87.38171784000164
2025-12-10 10:36:00-05:00,2025-12-10 10:37:00-05:00,2025-12-10 14:58:00-05:00,LONG,-2.93439135009782,183.095,184.34577148040623,623.3611183295973,184.28360230953908,183.09,183.126618,184.34,184.303132,109,3.0,1.25,327.0,136.25,0.4166666666666667,180.09,184.34,TAKE_PROFIT_BRACKET,261,136.25,8.009974000000284,0.763,8.772974000000284,127.47702599999971
2025-12-10 14:58:00-05:00,2025-12-10 14:59:00-05:00,2025-12-10 15:59:00-05:00,SHORT,2.8291233441389956,184.375,183.37066818204357,624.1065980655737,183.6112071701523,184.39,184.35312199999998,183.74,183.776748,108,3.0,1.25,324.0,135.0,0.4166666666666667,187.39,183.14,FORCED_EOD,60,70.19999999999754,7.9516079999989415,0.756,8.707607999998942,61.4923919999986
2025-12-11 11:41:00-05:00,2025-12-11 11:42:00-05:00,2025-12-11 14:22:00-05:00,SHORT,2.5735947821778087,177.69,177.93412975040127,621.0210144557083,177.98181709339534,177.696,177.6604608,180.696,180.7321392,112,3.0,1.25,336.0,140.0,0.4166666666666667,180.696,176.446,STOP,160,-336.0,8.027980799999568,0.784,8.811980799999569,-344.81198079999956
2025-12-11 14:22:00-05:00,2025-12-11 14:23:00-05:00,2025-12-11 15:53:00-05:00,SHORT,2.6742806482164077,180.8165,178.3243532864562,621.6803025127247,178.51996253991436,180.815,180.778837,179.565,179.600913,110,3.0,1.25,330.0,137.5,0.4166666666666667,183.815,179.565,TAKE_PROFIT_BRACKET,90,137.5,7.9283599999979515,0.77,8.698359999997951,128.80164000000204
2025-12-12 10:58:00-05:00,2025-12-12 10:59:00-05:00,2025-12-12 15:54:00-05:00,LONG,-4.398616807601901,177.65,180.48556159624746,619.5058659262498,180.17232285739723,177.63,177.665526,174.63,174.595074,112,3.0,1.25,336.0,140.0,0.4166666666666667,174.63,178.88,STOP,295,-336.0,7.890623999998752,0.784,8.674623999998753,-344.67462399999874
2025-12-15 11:45:00-05:00,2025-12-15 11:46:00-05:00,2025-12-15 14:46:00-05:00,SHORT,2.622160179502805,177.59,177.10217266306972,613.4918873549062,176.47254757025405,177.595,177.559481,176.345,176.380269,112,3.0,1.25,336.0,140.0,0.4166666666666667,180.595,176.345,TAKE_PROFIT_BRACKET,180,140.0,7.928255999999237,0.784,8.712255999999238,131.28774400000077
2025-12-15 15:04:00-05:00,2025-12-15 15:05:00-05:00,2025-12-15 15:59:00-05:00,LONG,-2.50612588567783,176.21,177.14574834285287,612.9186926376369,176.60015431811564,176.205,176.240241,176.28,176.244744,113,3.0,1.25,339.0,141.25,0.4166666666666667,173.205,177.455,FORCED_EOD,54,8.474999999998715,7.966160999998749,0.791,8.75716099999875,-0.2821610000000341
2025-12-16 12:37:00-05:00,2025-12-16 12:38:00-05:00,2025-12-16 15:59:00-05:00,SHORT,2.7682602946131434,176.75,176.41167728717565,609.6865254311128,176.312851656453,176.7416,176.70625168,177.515,177.550503,113,3.0,1.25,339.0,141.25,0.4166666666666667,179.7416,175.4916,FORCED_EOD,201,-87.39419999999785,8.006199160000307,0.791,8.797199160000307,-96.19139915999816
2025-12-17 10:57:00-05:00,2025-12-17 10:58:00-05:00,2025-12-17 13:06:00-05:00,LONG,-3.9286489809029113,171.3228,173.77344499189877,609.2986832569893,171.81883527910506,171.325,171.359265,172.575,172.540485,116,3.0,1.25,348.0,145.0,0.4166666666666667,168.325,172.575,TAKE_PROFIT_BRACKET,128,145.0,7.978480000000445,0.812,8.790480000000445,136.20951999999954
2025-12-17 14:18:00-05:00,2025-12-17 14:19:00-05:00,2025-12-17 15:59:00-05:00,LONG,-2.5062214116113775,171.04,172.48793354249673,605.9311558246737,170.9427483277147,171.035,171.069207,170.92,170.88581599999998,116,3.0,1.25,348.0,145.0,0.4166666666666667,168.035,172.285,FORCED_EOD,100,-13.340000000001055,7.933356000002277,0.812,8.745356000002277,-22.08535600000333
2025-12-18 11:07:00-05:00,2025-12-18 11:08:00-05:00,2025-12-18 15:59:00-05:00,LONG,-2.9121707601625237,175.29,174.11635357224307,609.837840697841,175.57088218573415,175.3,175.33506,172.3,172.26554000000002,114,3.0,1.25,342.0,142.5,0.4166666666666667,172.3,176.55,STOP,291,-342.0,7.925279999998054,0.798,8.723279999998054,-350.72327999999806
2025-12-19 11:39:00-05:00,2025-12-19 11:40:00-05:00,2025-12-19 15:59:00-05:00,SHORT,2.8417917544954823,180.03,178.58906231133673,615.3466227949699,179.0434892903477,180.035,179.998993,180.99,181.026198,111,3.0,1.25,333.0,138.75,0.4166666666666667,183.035,178.785,FORCED_EOD,259,-106.00500000000139,8.014754999996484,0.777,8.791754999996483,-114.79675499999787
2025-12-22 10:56:00-05:00,2025-12-22 10:57:00-05:00,2025-12-22 15:59:00-05:00,SHORT,2.556810412001887,183.8677,183.2449877913689,619.5957563422733,182.98187368051853,183.8601,183.82332798,183.6,183.63672,108,3.0,1.25,324.0,135.0,0.4166666666666667,186.8601,182.6101,FORCED_EOD,302,28.090799999999376,7.937138160000359,0.756,8.693138160000359,19.397661839999017
2025-12-23 10:06:00-05:00,2025-12-23 10:07:00-05:00,2025-12-23 11:20:00-05:00,SHORT,2.677494153893239,184.13,184.12672226407807,619.6136727546448,183.22486759618513,184.125,184.088175,187.125,187.16242499999998,108,3.0,1.25,324.0,135.0,0.4166666666666667,187.125,182.875,STOP,73,-324.0,8.018999999997618,0.756,8.774999999997618,-332.7749999999976
2025-12-23 11:24:00-05:00,2025-12-23 11:25:00-05:00,2025-12-23 15:59:00-05:00,SHORT,2.51361476318085,187.525,185.20372490102145,619.6028191441025,185.77137141843292,187.525,187.48749500000002,189.22,189.257844,106,3.0,1.25,318.0,132.5,0.4166666666666667,190.525,186.275,FORCED_EOD,274,-179.66999999999928,7.986993999998788,0.742,8.728993999998789,-188.39899399999805
2025-12-24 10:24:00-05:00,2025-12-24 10:25:00-05:00,2025-12-24 11:31:00-05:00,LONG,-2.8460725317492934,186.8551,187.88782497833353,622.3482454816724,187.86732748069767,186.86,186.89737200000002,188.11,188.07237800000001,107,3.0,1.25,321.0,133.75,0.4166666666666667,183.86,188.11,TAKE_PROFIT_BRACKET,66,133.75,8.024358000000404,0.749,8.773358000000405,124.9766419999996
2025-12-24 12:48:00-05:00,2025-12-24 12:49:00-05:00,2025-12-24 12:59:00-05:00,SHORT,2.6261218433016515,188.39,187.82706163415952,623.018490230141,188.40673734782615,188.39,188.352322,188.62,188.657724,106,3.0,1.25,318.0,132.5,0.4166666666666667,191.39,187.14,FORCED_EOD,10,-24.380000000001928,7.992611999999667,0.742,8.734611999999668,-33.1146120000016
2025-12-26 10:11:00-05:00,2025-12-26 10:12:00-05:00,2025-12-26 10:28:00-05:00,LONG,-2.5472364879931204,190.3556,191.30080013204613,624.5152156344241,190.7414867951848,190.36,190.398072,191.61,191.57167800000002,105,3.0,1.25,315.0,131.25,0.4166666666666667,187.36,191.61,TAKE_PROFIT_BRACKET,16,131.25,8.021369999999308,0.735,8.756369999999308,122.49363000000069
2025-12-26 12:57:00-05:00,2025-12-26 12:58:00-05:00,2025-12-26 15:59:00-05:00,SHORT,2.639484543908758,191.185,191.25272832386477,624.2968119481022,191.15258765162352,191.18,191.14176400000002,189.93,189.967986,104,3.0,1.25,312.0,130.0,0.4166666666666667,194.18,189.93,TAKE_PROFIT_BRACKET,181,130.0,7.927087999997184,0.728,8.655087999997184,121.34491200000282
2025-12-29 12:46:00-05:00,2025-12-29 12:47:00-05:00,2025-12-29 15:58:00-05:00,LONG,-2.5555192710885244,187.095,187.10521772202526,620.3785602949789,186.48154416910427,187.1,187.13742,188.35,188.31233,106,3.0,1.25,318.0,132.5,0.4166666666666667,184.1,188.35,TAKE_PROFIT_BRACKET,191,132.5,7.95953999999881,0.742,8.701539999998811,123.79846000000119
2025-12-30 14:04:00-05:00,2025-12-30 14:05:00-05:00,2025-12-30 15:59:00-05:00,SHORT,3.147235466058273,188.07,187.7966217956157,620.6651405444886,187.55897035825868,188.07,188.032386,187.55,187.58751,106,3.0,1.25,318.0,132.5,0.4166666666666667,191.07,186.82,FORCED_EOD,114,55.11999999999807,7.963143999998749,0.742,8.70514399999875,46.41485599999932
2025-12-31 11:29:00-05:00,2025-12-31 11:30:00-05:00,2025-12-31 15:59:00-05:00,LONG,-2.6690646323778813,188.846,188.90613190776082,617.8012415488926,188.82164345809858,188.85,188.88777,186.49,186.45270200000002,105,3.0,1.25,315.0,131.25,0.4166666666666667,185.85,190.1,FORCED_EOD,269,-247.79999999999845,7.882139999998685,0.735,8.617139999998685,-256.4171399999971
2026-01-02 10:57:00-05:00,2026-01-02 10:58:00-05:00,2026-01-02 15:59:00-05:00,LONG,-2.8648440145044733,189.26,191.1836499292157,618.3319594279725,189.70137801608706,189.26,189.29785199999998,188.8099,188.77213802,105,3.0,1.25,315.0,131.25,0.4166666666666667,186.26,190.51,FORCED_EOD,301,-47.260499999999155,7.939467899998505,0.735,8.674467899998504,-55.93496789999766
2026-01-05 11:00:00-05:00,2026-01-05 11:01:00-05:00,2026-01-05 12:01:00-05:00,SHORT,2.5081956658052187,190.12,190.69000076012,618.7981286086788,191.20409158810574,190.12,190.081976,188.87,188.907774,105,3.0,1.25,315.0,131.25,0.4166666666666667,193.12,188.87,TAKE_PROFIT_BRACKET,60,131.25,7.958789999999141,0.735,8.69378999999914,122.55621000000086
2026-01-05 12:01:00-05:00,2026-01-05 12:02:00-05:00,2026-01-05 15:59:00-05:00,LONG,-3.872811232405854,188.73,190.52922818058602,619.1591227443805,190.9209838316993,188.725,188.762745,188.11,188.07237800000001,105,3.0,1.25,315.0,131.25,0.4166666666666667,185.725,189.975,FORCED_EOD,237,-64.57499999999797,7.913534999999996,0.735,8.648534999999995,-73.22353499999797
2026-01-06 13:34:00-05:00,2026-01-06 13:35:00-05:00,2026-01-06 15:59:00-05:00,LONG,-2.5064572701502086,187.5699,189.84955192514974,621.064035829847,189.91992388642345,187.55,187.58751,187.27,187.232546,106,3.0,1.25,318.0,132.5,0.4166666666666667,184.55,188.8,FORCED_EOD,144,-29.68000000000012,7.946183999999391,0.742,8.688183999999392,-38.368183999999516
2026-01-07 10:38:00-05:00,2026-01-07 10:39:00-05:00,2026-01-07 10:48:00-05:00,LONG,-3.0673896028677774,189.03,189.47481167726076,624.2245938043825,189.46421256644913,189.01,189.047802,190.26,190.221948,105,3.0,1.25,315.0,131.25,0.4166666666666667,186.01,190.26,TAKE_PROFIT_BRACKET,9,131.25,7.9646699999992165,0.735,8.699669999999216,122.55033000000078
2026-01-07 14:26:00-05:00,2026-01-07 14:27:00-05:00,2026-01-07 15:59:00-05:00,LONG,-2.510533374744285,189.245,189.6618547581571,625.6601376811598,189.65396480241398,189.245,189.282849,189.24,189.202152,105,3.0,1.25,315.0,131.25,0.4166666666666667,186.245,190.495,FORCED_EOD,92,-0.5249999999995225,7.948184999999057,0.735,8.683184999999057,-9.20818499999858
2026-01-08 12:02:00-05:00,2026-01-08 12:03:00-05:00,2026-01-08 15:59:00-05:00,LONG,-2.508427557492339,184.38,186.06586187026173,619.9361096958187,186.0474868914571,184.381,184.4178762,185.09,185.05298200000001,108,3.0,1.25,324.0,135.0,0.4166666666666667,181.381,185.631,FORCED_EOD,236,76.57200000000034,7.980573599998252,0.756,8.736573599998252,67.83542640000209
2026-01-09 12:15:00-05:00,2026-01-09 12:16:00-05:00,2026-01-09 14:10:00-05:00,LONG,-2.662249959857254,184.985,184.89965815316543,623.1726806255556,185.1949532499206,184.98,185.01699599999998,186.23,186.192754,108,3.0,1.25,324.0,135.0,0.4166666666666667,181.98,186.23,TAKE_PROFIT_BRACKET,114,135.0,8.01813599999673,0.756,8.77413599999673,126.22586400000327
2026-01-09 14:10:00-05:00,2026-01-09 14:11:00-05:00,2026-01-09 15:52:00-05:00,SHORT,3.700750353681989,186.24,184.9807857984856,623.943223245654,185.31890374361845,186.24,186.202752,184.99,185.026998,107,3.0,1.25,321.0,133.75,0.4166666666666667,189.24,184.99,TAKE_PROFIT_BRACKET,101,133.75,7.944321999998721,0.749,8.693321999998721,125.05667800000128
2026-01-12 12:10:00-05:00,2026-01-12 12:11:00-05:00,2026-01-12 15:59:00-05:00,SHORT,2.553962698345303,185.8,184.80025270920714,625.8156815692503,185.19705005575608,185.795,185.75784099999998,184.545,184.581909,107,3.0,1.25,321.0,133.75,0.4166666666666667,188.795,184.545,TAKE_PROFIT_BRACKET,228,133.75,7.92527600000119,0.749,8.674276000001191,125.07572399999881
2026-01-13 11:00:00-05:00,2026-01-13 11:01:00-05:00,2026-01-13 11:56:00-05:00,SHORT,2.5862796538106565,184.925,184.26336044002835,626.5850421223823,184.12644019488582,184.925,184.88801500000002,187.925,187.96258500000002,108,3.0,1.25,324.0,135.0,0.4166666666666667,187.925,183.675,STOP,55,-324.0,8.05355999999938,0.756,8.80955999999938,-332.80955999999935
2026-01-13 14:33:00-05:00,2026-01-13 14:34:00-05:00,2026-01-13 15:59:00-05:00,LONG,-3.2380839595487374,184.47,185.27949046310755,626.5168231621109,184.93953099913983,184.47,184.506894,185.72,185.68285600000002,108,3.0,1.25,324.0,135.0,0.4166666666666667,181.47,185.72,TAKE_PROFIT_BRACKET,85,135.0,7.9961039999971035,0.756,8.752103999997104,126.2478960000029
2026-01-14 14:59:00-05:00,2026-01-14 15:00:00-05:00,2026-01-14 15:08:00-05:00,LONG,-4.915691966117694,181.3501,181.97578281607318,617.6660482493277,181.65167568138546,181.36,181.396272,182.61,182.57347800000002,110,3.0,1.25,330.0,137.5,0.4166666666666667,178.36,182.61,TAKE_PROFIT_BRACKET,8,137.5,8.007339999998635,0.77,8.777339999998635,128.72266000000135
2026-01-14 15:58:00-05:00,2026-01-14 15:59:00-05:00,2026-01-14 15:59:00-05:00,SHORT,2.550179412842858,183.065,182.0264867262912,617.7768982906406,182.43780252716783,183.06,183.023388,183.21,183.246642,109,3.0,1.25,327.0,136.25,0.4166666666666667,186.06,181.81,FORCED_EOD,0,-16.35000000000062,7.984685999999073,0.763,8.747685999999073,-25.09768599999969
2026-01-15 11:44:00-05:00,2026-01-15 11:45:00-05:00,2026-01-15 15:50:00-05:00,SHORT,2.5300681981572204,188.1437,187.7856571077279,625.6959924457859,187.97581355117734,188.145,188.107371,186.895,186.932379,106,3.0,1.25,318.0,132.5,0.4166666666666667,191.145,186.895,TAKE_PROFIT_BRACKET,245,132.5,7.950847999999667,0.742,8.692847999999668,123.80715200000033
2026-01-16 10:01:00-05:00,2026-01-16 10:02:00-05:00,2026-01-16 15:59:00-05:00,LONG,-2.578084668120425,188.4801,189.54428846757426,624.3719542121083,188.90078786614527,188.48,188.51769599999997,186.22,186.182756,106,3.0,1.25,318.0,132.5,0.4166666666666667,185.48,189.73,FORCED_EOD,357,-239.55999999999904,7.943639999996776,0.742,8.685639999996777,-248.2456399999958
2026-01-20 10:08:00-05:00,2026-01-20 10:09:00-05:00,2026-01-20 13:32:00-05:00,SHORT,2.5605710170909544,180.46,180.6086118477099,612.0087721874519,180.13390544742495,180.46,180.423908,179.21,179.245842,110,3.0,1.25,330.0,137.5,0.4166666666666667,183.46,179.21,TAKE_PROFIT_BRACKET,203,137.5,7.9127399999998715,0.77,8.682739999999871,128.81726000000012
2026-01-20 13:50:00-05:00,2026-01-20 13:51:00-05:00,2026-01-20 15:54:00-05:00,SHORT,2.878214922494389,179.46,180.30289053452927,612.5109370185056,178.4114241411029,179.47,179.434106,178.22,178.255644,111,3.0,1.25,333.0,138.75,0.4166666666666667,182.47,178.22,TAKE_PROFIT_BRACKET,123,138.75,7.9407179999972755,0.777,8.717717999997275,130.03228200000274
2026-01-20 15:55:00-05:00,2026-01-20 15:56:00-05:00,2026-01-20 15:59:00-05:00,LONG,-2.570643487645608,178.295,179.99250370421422,611.2798228675101,177.82028088813598,178.3,178.33566000000002,178.21,178.174358,112,3.0,1.25,336.0,140.0,0.4166666666666667,175.3,179.55,FORCED_EOD,3,-10.080000000000382,7.985824000000321,0.784,8.769824000000321,-18.8498240000007
2026-01-21 10:55:00-05:00,2026-01-21 10:56:00-05:00,2026-01-21 11:37:00-05:00,SHORT,2.8186692779813995,183.111,180.4106499892406,611.9725984582744,183.36507727107843,183.1,183.06338,181.85,181.88637,109,3.0,1.25,327.0,136.25,0.4166666666666667,186.1,181.85,TAKE_PROFIT_BRACKET,41,136.25,7.955910000000472,0.763,8.718910000000472,127.53108999999952
2026-01-21 14:29:00-05:00,2026-01-21 14:30:00-05:00,2026-01-21 14:43:00-05:00,LONG,-2.662409163589269,182.98,180.8675130355359,611.7985865086212,183.2039165657671,182.98,183.016596,184.23,184.193154,109,3.0,1.25,327.0,136.25,0.4166666666666667,179.98,184.23,TAKE_PROFIT_BRACKET,13,136.25,8.005178,0.763,8.768178,127.481822
2026-01-21 15:31:00-05:00,2026-01-21 15:32:00-05:00,2026-01-21 15:59:00-05:00,SHORT,2.676554237533581,184.035,181.65253539945746,613.4523430884261,183.5336434228144,184.035,183.99819300000001,183.34,183.376668,108,3.0,1.25,324.0,135.0,0.4166666666666667,187.035,182.785,FORCED_EOD,27,75.05999999999926,7.935299999997142,0.756,8.691299999997142,66.36870000000212
2026-01-22 12:03:00-05:00,2026-01-22 12:04:00-05:00,2026-01-22 15:59:00-05:00,LONG,-2.56557594669575,185.53,185.02598837401015,620.0081963222297,185.71785056656302,185.53,185.567106,184.85,184.81303,107,3.0,1.25,321.0,133.75,0.4166666666666667,182.53,186.78,FORCED_EOD,235,-72.76000000000073,7.926131999999029,0.749,8.67513199999903,-81.43513199999975
2026-01-23 13:45:00-05:00,2026-01-23 13:46:00-05:00,2026-01-23 15:59:00-05:00,SHORT,2.5031705400962796,187.98,187.805980454336,622.6783408239015,187.72572507974584,187.985,187.947403,187.67,187.70753399999998,106,3.0,1.25,318.0,132.5,0.4166666666666667,190.985,186.735,FORCED_EOD,133,33.39000000000277,7.9638859999998886,0.742,8.70588599999989,24.684114000002882
2026-01-26 11:00:00-05:00,2026-01-26 11:01:00-05:00,2026-01-26 15:59:00-05:00,LONG,-5.284894419995884,186.43,187.6427457427727,625.0642764605208,188.56218984306716,186.45,186.48728999999997,186.38,186.342724,107,3.0,1.25,321.0,133.75,0.4166666666666667,183.45,187.7,FORCED_EOD,298,-7.48999999999927,7.978561999997424,0.749,8.727561999997425,-16.217561999996697
2026-01-27 10:05:00-05:00,2026-01-27 10:06:00-05:00,2026-01-27 15:59:00-05:00,SHORT,2.810712250386832,188.0555,186.84968022432463,629.1307055779876,187.3003636371357,188.06,188.022388,188.533,188.5707066,106,3.0,1.25,318.0,132.5,0.4166666666666667,191.06,186.81,FORCED_EOD,353,-50.137999999998385,7.983771600000296,0.742,8.725771600000297,-58.863771599998685
2026-01-28 11:16:00-05:00,2026-01-28 11:17:00-05:00,2026-01-28 11:44:00-05:00,SHORT,2.6472869237726755,191.8045,191.51102478268356,634.9507287847897,190.5928634635091,191.805,191.766639,190.555,190.593111,104,3.0,1.25,312.0,130.0,0.4166666666666667,194.805,190.555,TAKE_PROFIT_BRACKET,27,130.0,7.953087999999525,0.728,8.681087999999525,121.31891200000048
2026-01-28 14:03:00-05:00,2026-01-28 14:04:00-05:00,2026-01-28 15:59:00-05:00,SHORT,2.703717288133932,191.745,191.3815074182848,634.1293284684175,190.36981528403587,191.75,191.71165,191.53,191.568306,104,3.0,1.25,312.0,130.0,0.4166666666666667,194.75,190.5,FORCED_EOD,115,22.87999999999988,7.972224000001461,0.728,8.70022400000146,14.179775999998421
2026-01-29 12:16:00-05:00,2026-01-29 12:17:00-05:00,2026-01-29 15:55:00-05:00,SHORT,2.5726592131815,189.0433,188.96754877353231,623.8724596277474,189.0146513169928,189.06,189.022188,192.06,192.098412,105,3.0,1.25,315.0,131.25,0.4166666666666667,192.06,187.81,STOP,218,-315.0,8.003519999999611,0.735,8.73851999999961,-323.7385199999996
2026-01-29 15:56:00-05:00,2026-01-29 15:57:00-05:00,2026-01-29 15:59:00-05:00,SHORT,2.716125001155764,192.3058,189.61278659721154,624.7464966450297,189.90254165076612,192.306,192.2675388,192.43,192.468486,104,3.0,1.25,312.0,130.0,0.4166666666666667,195.306,191.056,FORCED_EOD,2,-12.895999999999503,8.002508800000669,0.728,8.730508800000669,-21.626508800000174
2026-01-30 10:18:00-05:00,2026-01-30 10:19:00-05:00,2026-01-30 10:28:00-05:00,SHORT,2.518671167745709,193.13,192.19302803907505,626.698977524005,192.25521768792885,193.1294,193.09077412000002,191.8794,191.91777588,103,3.0,1.25,309.0,128.75,0.4166666666666667,196.1294,191.8794,TAKE_PROFIT_BRACKET,9,128.75,7.931181279997247,0.721,8.652181279997247,120.09781872000275
2026-01-30 10:47:00-05:00,2026-01-30 10:48:00-05:00,2026-01-30 11:16:00-05:00,SHORT,2.7419868004122723,194.055,192.40554849206274,626.5154536575922,192.50613349625723,194.055,194.016189,192.805,192.843561,103,3.0,1.25,309.0,128.75,0.4166666666666667,197.055,192.805,TAKE_PROFIT_BRACKET,28,128.75,7.969315999999679,0.721,8.69031599999968,120.05968400000032
2026-01-30 15:17:00-05:00,2026-01-30 15:18:00-05:00,2026-01-30 15:50:00-05:00,LONG,-2.6770463458291665,189.9701,192.1625673671378,624.2577228570915,191.8008784898455,189.98,190.01799599999998,191.23,191.191754,105,3.0,1.25,315.0,131.25,0.4166666666666667,186.98,191.23,TAKE_PROFIT_BRACKET,32,131.25,8.005409999997823,0.735,8.740409999997823,122.50959000000218
2026-02-02 10:13:00-05:00,2026-02-02 10:14:00-05:00,2026-02-02 15:00:00-05:00,SHORT,2.5226657031265707,188.55,187.3593077650194,623.1118001692138,187.97292371852862,188.555,188.517289,187.305,187.34246100000001,106,3.0,1.25,318.0,132.5,0.4166666666666667,191.555,187.305,TAKE_PROFIT_BRACKET,286,132.5,7.968232000000967,0.742,8.710232000000968,123.78976799999903
2026-02-02 15:00:00-05:00,2026-02-02 15:01:00-05:00,2026-02-02 15:59:00-05:00,LONG,-2.5105411066021412,187.3764,188.62907942658504,625.8721375954466,188.72867825296132,187.365,187.40247300000001,185.69,185.652862,106,3.0,1.25,318.0,132.5,0.4166666666666667,184.365,188.615,FORCED_EOD,58,-177.5500000000012,7.908766000000469,0.742,8.65076600000047,-186.20076600000166
2026-02-03 14:02:00-05:00,2026-02-03 14:03:00-05:00,2026-02-03 14:19:00-05:00,LONG,-2.554868178634103,178.2,180.75746821370632,618.672340175293,180.3287181476753,178.19,178.225638,179.44,179.404112,112,3.0,1.25,336.0,140.0,0.4166666666666667,175.19,179.44,TAKE_PROFIT_BRACKET,16,140.0,8.010912000000644,0.784,8.794912000000645,131.20508799999936
2026-02-03 14:43:00-05:00,2026-02-03 14:44:00-05:00,2026-02-03 15:18:00-05:00,LONG,-2.506287999425243,177.145,180.4610288628679,617.9724141297839,180.1268156462814,177.145,177.180429,178.395,178.35932100000002,112,3.0,1.25,336.0,140.0,0.4166666666666667,174.145,178.395,TAKE_PROFIT_BRACKET,34,140.0,7.96409599999788,0.784,8.748095999997881,131.25190400000213
2026-02-04 11:04:00-05:00,2026-02-04 11:05:00-05:00,2026-02-04 14:48:00-05:00,LONG,-2.8710310318179717,174.64,177.37466804047475,611.1861692215307,176.9891966232991,174.66,174.694932,175.91,175.874818,114,3.0,1.25,342.0,142.5,0.4166666666666667,171.66,175.91,TAKE_PROFIT_BRACKET,223,142.5,7.992995999998811,0.798,8.790995999998811,133.7090040000012
2026-02-04 15:13:00-05:00,2026-02-04 15:14:00-05:00,2026-02-04 15:40:00-05:00,LONG,-2.7143073176118437,174.38,175.2864178173781,607.2420569981097,175.21398466002515,174.39,174.42487799999998,175.64,175.604872,114,3.0,1.25,342.0,142.5,0.4166666666666667,171.39,175.64,TAKE_PROFIT_BRACKET,26,142.5,7.9806839999974954,0.798,8.778683999997495,133.7213160000025
2026-02-05 11:29:00-05:00,2026-02-05 11:30:00-05:00,2026-02-05 14:01:00-05:00,SHORT,2.5151848118735667,174.255,173.57161560589293,598.5153691265629,173.68382559201027,174.27,174.23514600000001,173.02,173.054604,114,3.0,1.25,342.0,142.5,0.4166666666666667,177.27,173.02,TAKE_PROFIT_BRACKET,151,142.5,7.9182119999996985,0.798,8.716211999999699,133.7837880000003
2026-02-06 14:18:00-05:00,2026-02-06 14:19:00-05:00,2026-02-06 15:09:00-05:00,LONG,-2.7726928158808963,184.18,182.15820700118059,604.8025043812496,182.33696078519424,184.185,184.221837,185.435,185.39791300000002,108,3.0,1.25,324.0,135.0,0.4166666666666667,181.185,185.435,TAKE_PROFIT_BRACKET,50,135.0,7.983791999997493,0.756,8.739791999997493,126.2602080000025
2026-02-06 15:41:00-05:00,2026-02-06 15:42:00-05:00,2026-02-06 15:59:00-05:00,SHORT,2.6063931228659096,185.915,182.62132287144732,605.319372253503,182.85607880969545,185.9101,185.87291798,185.41,185.447082,107,3.0,1.25,321.0,133.75,0.4166666666666667,188.9101,184.6601,FORCED_EOD,17,53.510700000000355,7.946250139998597,0.749,8.695250139998597,44.815449860001756
2026-02-09 13:34:00-05:00,2026-02-09 13:35:00-05:00,2026-02-09 15:59:00-05:00,LONG,-2.585987772583277,190.94,190.97615489859558,612.0373607858745,192.95994578680916,190.955,190.993191,189.79,189.752042,104,3.0,1.25,312.0,130.0,0.4166666666666667,187.955,192.205,FORCED_EOD,144,-121.16000000000213,7.919495999998617,0.728,8.647495999998617,-129.80749600000075
2026-02-10 12:03:00-05:00,2026-02-10 12:04:00-05:00,2026-02-10 15:59:00-05:00,SHORT,2.573660593853471,189.29,189.60884277275508,615.0428988105455,188.50349975693535,189.28,189.242144,188.61,188.64772200000002,105,3.0,1.25,315.0,131.25,0.4166666666666667,192.28,188.03,FORCED_EOD,235,70.34999999999869,7.935690000000761,0.735,8.67069000000076,61.679309999997926
2026-02-11 10:12:00-05:00,2026-02-11 10:13:00-05:00,2026-02-11 15:59:00-05:00,SHORT,2.5455488703719094,189.9399,191.87221009621726,614.8364776087835,188.30600366353235,189.922,189.8840156,190.04,190.07800799999998,105,3.0,1.25,315.0,131.25,0.4166666666666667,192.922,188.672,FORCED_EOD,346,-12.389999999999475,7.979201999998935,0.735,8.714201999998934,-21.10420199999841
2026-02-12 10:50:00-05:00,2026-02-12 10:51:00-05:00,2026-02-12 11:14:00-05:00,SHORT,2.6807451680198486,190.18,191.5745704842066,612.1935907690025,188.44206886928683,190.1534,190.11536932,188.9034,188.94118068,105,3.0,1.25,315.0,131.25,0.4166666666666667,193.1534,188.9034,TAKE_PROFIT_BRACKET,23,131.25,7.960192799998822,0.735,8.695192799998821,122.55480720000118
2026-02-12 12:57:00-05:00,2026-02-12 12:58:00-05:00,2026-02-12 14:55:00-05:00,SHORT,2.6410282431719914,189.7101,190.35941738936776,607.2695242027644,186.24060064522956,189.7101,189.67215798,188.4601,188.49779202000002,105,3.0,1.25,315.0,131.25,0.4166666666666667,192.7101,188.4601,TAKE_PROFIT_BRACKET,117,131.25,7.941574200001185,0.735,8.676574200001184,122.57342579999882
2026-02-13 11:54:00-05:00,2026-02-13 11:55:00-05:00,2026-02-13 12:32:00-05:00,LONG,-2.683015315991731,183.67,183.85543023729963,601.3423788859009,185.90361652036165,183.6735,183.71023469999997,184.9235,184.88651529999999,108,3.0,1.25,324.0,135.0,0.4166666666666667,180.6735,184.9235,TAKE_PROFIT_BRACKET,37,135.0,7.961695199998644,0.756,8.717695199998644,126.28230480000136
2026-02-13 13:37:00-05:00,2026-02-13 13:38:00-05:00,2026-02-13 14:56:00-05:00,SHORT,2.822555343753691,184.68,183.93715578444778,602.4291199881023,186.39145326138922,184.66,184.623068,183.41,183.44668199999998,108,3.0,1.25,324.0,135.0,0.4166666666666667,187.66,183.41,TAKE_PROFIT_BRACKET,78,135.0,7.950311999999144,0.756,8.706311999999144,126.29368800000086
2026-02-13 15:25:00-05:00,2026-02-13 15:26:00-05:00,2026-02-13 15:59:00-05:00,SHORT,2.9723773919461953,182.4729,183.8574452042476,602.8303357320395,182.97595733684193,182.48,182.443504,182.78,182.816556,109,3.0,1.25,327.0,136.25,0.4166666666666667,185.48,181.23,FORCED_EOD,33,-32.70000000000124,7.962667999998899,0.763,8.7256679999989,-41.42566800000014
2026-02-17 10:51:00-05:00,2026-02-17 10:52:00-05:00,2026-02-17 11:36:00-05:00,SHORT,2.6661939517348117,181.425,180.78465229594536,596.8580235254276,180.75096975702607,181.425,181.38871500000002,184.425,184.461885,110,3.0,1.25,330.0,137.5,0.4166666666666667,184.425,180.175,STOP,44,-330.0,8.048699999997382,0.77,8.818699999997381,-338.81869999999736
2026-02-17 12:18:00-05:00,2026-02-17 12:19:00-05:00,2026-02-17 15:59:00-05:00,SHORT,2.7995081551734984,184.385,181.9528751056593,598.0411305103542,182.53194378580878,184.39,184.35312199999998,185.0299,185.06690598,108,3.0,1.25,324.0,135.0,0.4166666666666667,187.39,183.14,FORCED_EOD,220,-69.10920000000124,7.979469840000547,0.756,8.735469840000547,-77.84466984000179
2026-02-18 11:50:00-05:00,2026-02-18 11:51:00-05:00,2026-02-18 15:59:00-05:00,LONG,-2.5537076011917477,189.075,189.13073439765708,606.0349999575042,189.6825769562821,189.075,189.11281499999998,187.84,187.802432,105,3.0,1.25,315.0,131.25,0.4166666666666667,186.075,190.325,FORCED_EOD,248,-129.67499999999845,7.915214999998739,0.735,8.650214999998738,-138.32521499999717
2026-02-19 11:06:00-05:00,2026-02-19 11:07:00-05:00,2026-02-19 15:59:00-05:00,LONG,-2.5668684923741942,187.0385,187.2585290717621,603.7012056728851,187.23598290342994,187.03,187.067406,187.89,187.852422,106,3.0,1.25,318.0,132.5,0.4166666666666667,184.03,188.28,FORCED_EOD,292,91.15999999999843,7.948304000000064,0.742,8.690304000000065,82.46969599999836
2026-02-20 10:44:00-05:00,2026-02-20 10:45:00-05:00,2026-02-20 12:24:00-05:00,SHORT,2.5495800271074,189.2085,187.69699039661475,605.1185601059575,188.5401171161187,189.2,189.16216,187.95,187.98758999999998,105,3.0,1.25,315.0,131.25,0.4166666666666667,192.2,187.95,TAKE_PROFIT_BRACKET,99,131.25,7.920149999998216,0.735,8.655149999998216,122.59485000000178
2026-02-20 12:24:00-05:00,2026-02-20 12:25:00-05:00,2026-02-20 13:31:00-05:00,LONG,-2.595614414155439,187.8601,188.53250153176643,606.5437313532115,187.95252686186,187.865,187.90257300000002,189.115,189.077177,106,3.0,1.25,318.0,132.5,0.4166666666666667,184.865,189.115,TAKE_PROFIT_BRACKET,66,132.5,7.991976000001273,0.742,8.733976000001274,123.76602399999872
2026-02-20 13:31:00-05:00,2026-02-20 13:32:00-05:00,2026-02-20 15:59:00-05:00,SHORT,2.552853009239059,189.115,188.5140507719895,606.5201417026603,188.73648634007043,189.115,189.077177,189.81,189.847962,105,3.0,1.25,315.0,131.25,0.4166666666666667,192.115,187.865,FORCED_EOD,147,-72.97499999999928,7.957424999999603,0.735,8.692424999999602,-81.66742499999889
